"patient_id","therapy","sex","age_years","age_band","comorbidity","admit_date","discharge_date","discharge_date_fix","los_final_days"
"P001","std","F",49,"40-64 歲","mild","2025-04-07","2025-04-21","2025-04-21",13
"P002","std","F",60,"40-64 歲","none","2025-05-11",NA,"2025-05-22",11
"P003","new","F",76,"65 歲以上","mild","2025-04-09","2025-04-14","2025-04-14",8
"P004","new","M",53,"40-64 歲","mild","2025-04-27",NA,"2025-05-09",12
"P005","std","F",18,"<40 歲","severe","2025-01-12","2025-01-27","2025-01-27",15
"P006","std","M",43,"40-64 歲","none","2025-05-25","2025-06-12","2025-06-12",10
"P007","std","M",53,"40-64 歲","severe","2025-01-03","2025-01-23","2025-01-23",20
"P008","std","M",59,"40-64 歲","mild","2025-03-16","2025-03-24","2025-03-24",8
"P009","new","M",39,"<40 歲","mild","2025-05-24","2025-06-09","2025-06-09",16
"P010","new","M",55,"40-64 歲","mild","2025-04-16","2025-04-24","2025-04-24",8
"P011","new","M",48,"40-64 歲","none","2025-04-26","2025-05-07","2025-05-07",11
"P012","new","F",79,"65 歲以上","mild","2025-03-30","2025-04-08","2025-04-08",9
"P013","new","M",44,"40-64 歲","severe","2025-06-03","2025-06-15","2025-06-15",14
"P014","std","M",48,"40-64 歲","none","2025-02-23",NA,"2025-03-08",13
"P015","std","F",74,"65 歲以上","severe","2025-03-16","2025-03-31","2025-03-31",15
"P016","std","F",36,"<40 歲","mild","2025-06-16","2025-06-30","2025-06-30",14
"P017","std","M",44,"40-64 歲","none","2025-02-16","2025-03-03","2025-03-03",15
"P018","new","M",48,"40-64 歲","mild","2025-02-01","2025-02-11","2025-02-11",9
"P019","new","M",51,"40-64 歲","severe","2025-06-26","2025-07-04","2025-07-04",8
"P020","new","F",33,"<40 歲","none","2025-04-27","2025-05-09","2025-05-09",12
"P021","new","F",75,"65 歲以上","mild","2025-01-01","2025-01-12","2025-01-12",8
"P022","new","M",45,"40-64 歲","mild","2025-04-06","2025-03-29","2025-03-29",9
"P023","std","M",63,"40-64 歲","none","2025-03-08","2025-03-12","2025-03-12",4
"P024","std","M",42,"40-64 歲","severe","2025-04-05","2025-04-19","2025-04-19",19
"P025","std","F",46,"40-64 歲","mild","2025-02-22","2025-03-11","2025-03-11",17
"P026","new","M",39,"<40 歲","mild","2025-04-26","2025-04-30","2025-04-30",4
"P027","new","M",70,"65 歲以上","none","2025-03-08","2025-03-18","2025-03-18",10
"P028","std","M",48,"40-64 歲","severe","2025-04-26","2025-05-13","2025-05-13",19
"P029","std","F",50,"40-64 歲","none","2025-06-14","2025-06-24","2025-06-24",10
"P030","std","M",42,"40-64 歲","none","2025-03-10","2025-03-22","2025-03-22",10
"P031","new","M",43,"40-64 歲","severe","2025-03-09","2025-03-26","2025-03-26",17
"P032","new","M",62,"40-64 歲","severe","2025-06-22","2025-07-06","2025-07-06",14
"P033","new","M",40,"40-64 歲","mild","2025-06-25","2025-06-28","2025-06-28",3
"P034","new","F",78,"65 歲以上","none","2025-01-31",NA,"2025-01-31",0
"P035","std","M",46,"40-64 歲","none","2025-06-02","2025-06-17","2025-06-17",15
"P036","new","F",60,"40-64 歲","none","2025-04-14","2025-04-21","2025-04-21",7
"P037","std","M",33,"<40 歲","mild","2025-01-14","2025-01-27","2025-01-27",13
"P038","std","M",35,"<40 歲","none","2025-06-21","2025-07-04","2025-07-04",13
"P039","std","F",47,"40-64 歲","severe","2025-03-10","2025-03-09","2025-03-09",19
"P040","new","M",46,"40-64 歲","none","2025-06-30","2025-07-12","2025-07-12",12
"P041","std","M",49,"40-64 歲","mild","2025-05-16","2025-05-25","2025-05-25",9
"P042","new","F",34,"<40 歲","none","2025-02-01","2025-02-11","2025-02-11",10
"P043","new","M",60,"40-64 歲","mild","2025-06-29","2025-07-08","2025-07-08",9
"P044","std","F",27,"<40 歲","none","2025-04-27","2025-05-14","2025-05-14",17
"P045","new","M",62,"40-64 歲","mild","2025-03-16","2025-03-23","2025-03-23",7
"P046","std","F",49,"40-64 歲","mild","2025-01-13",NA,"2025-01-17",4
"P047","std","M",65,"65 歲以上","mild","2025-06-24","2025-07-03","2025-07-03",9
"P048","new","F",47,"40-64 歲","none","2025-05-03","2025-05-18","2025-05-18",15
"P049","new","F",71,"65 歲以上","mild","2025-05-03",NA,"2025-05-11",8
"P050","new","F",39,"<40 歲","mild","2025-02-05","2025-02-16","2025-02-16",11
"P051","new","F",68,"65 歲以上","severe","2025-03-14",NA,"2025-03-31",17
"P052","std","M",62,"40-64 歲","mild","2025-04-23","2025-04-29","2025-04-29",6
"P053","new","M",38,"<40 歲","mild","2025-06-22","2025-07-06","2025-07-06",11
"P054","std","M",47,"40-64 歲","none","2025-06-12","2025-06-30","2025-06-30",18
"P055","std","F",57,"40-64 歲","mild","2025-01-25","2025-02-07","2025-02-07",13
"P056","new","M",24,"<40 歲","mild","2025-02-22","2025-03-01","2025-03-01",11
"P057","new","M",51,"40-64 歲","mild","2025-03-02","2025-03-10","2025-03-10",9
"P058","std","F",67,"65 歲以上","none","2025-04-19","2025-04-28","2025-04-28",11
"P059","std","F",77,"65 歲以上","severe","2025-01-10","2025-01-28","2025-01-28",18
"P060","new","M",66,"65 歲以上","severe","2025-06-26","2025-07-09","2025-07-09",15
"P061","new","F",25,"<40 歲","none","2025-05-26","2025-06-03","2025-06-03",11
"P062","std","M",46,"40-64 歲","mild","2025-05-27","2025-06-13","2025-06-13",17
"P063","new","M",62,"40-64 歲","mild","2025-02-11","2025-02-14","2025-02-14",9
"P064","std","F",44,"40-64 歲","severe","2025-04-17","2025-05-07","2025-05-07",20
"P065","new","F",72,"65 歲以上","mild","2025-01-28","2025-02-05","2025-02-05",8
"P066","new","M",61,"40-64 歲","severe","2025-06-28","2025-07-08","2025-07-08",14
"P067","std","F",58,"40-64 歲","none","2025-05-11","2025-05-20","2025-05-20",9
"P068","std","M",42,"40-64 歲","none","2025-01-03","2025-01-12","2025-01-12",9
"P069","new","M",58,"40-64 歲","mild","2025-01-02","2025-01-16","2025-01-16",14
"P070","std","F",29,"<40 歲","none","2025-05-09","2025-05-20","2025-05-20",11
"P071","std","F",39,"<40 歲","none","2025-04-05","2025-04-13","2025-04-13",8
"P072","new","M",26,"<40 歲","none","2025-01-11",NA,"2025-01-25",14
"P073","new","M",64,"40-64 歲","mild","2025-03-21","2025-03-31","2025-03-31",9
"P074","new","F",43,"40-64 歲","mild","2025-01-07","2025-01-16","2025-01-16",9
"P075","new","M",37,"<40 歲","none","2025-06-28","2025-06-29","2025-06-29",1
"P076","new","F",54,"40-64 歲","mild","2025-05-21","2025-06-03","2025-06-03",9
"P077","std","F",41,"40-64 歲","mild","2025-04-11","2025-04-15","2025-04-15",4
"P078","std","F",61,"40-64 歲","none","2025-02-14","2025-02-25","2025-02-25",10
"P079","new","M",62,"40-64 歲","severe","2025-06-15","2025-06-28","2025-06-28",13
"P080","std","F",72,"65 歲以上","mild","2025-02-15","2025-03-03","2025-03-03",16
"P081","new","M",56,"40-64 歲","none","2025-02-25",NA,"2025-03-07",10
"P082","new","M",18,"<40 歲","mild","2025-02-27","2025-03-02","2025-03-02",3
"P083","new","M",69,"65 歲以上","none","2025-06-25","2025-06-28","2025-06-28",3
"P084","new","M",76,"65 歲以上","none","2025-04-27","2025-05-11","2025-05-11",8
"P085","new","M",68,"65 歲以上","none","2025-04-06","2025-04-14","2025-04-14",8
"P086","new","F",62,"40-64 歲","none","2025-04-24","2025-04-27","2025-04-27",3
"P087","std","M",42,"40-64 歲","mild","2025-05-08","2025-05-21","2025-05-21",13
"P088","std","F",47,"40-64 歲","none","2025-05-14","2025-05-29","2025-05-29",15
"P089","new","M",71,"65 歲以上","mild","2025-01-03","2025-01-02","2025-01-02",8
"P090","new","M",83,"65 歲以上","none","2025-03-14","2025-03-10","2025-03-10",8
"P091","std","F",27,"<40 歲","severe","2025-04-16","2025-04-27","2025-04-27",11
"P092","new","M",67,"65 歲以上","mild","2025-02-23","2025-02-27","2025-02-27",4
"P093","std","M",47,"40-64 歲","mild","2025-05-15","2025-06-02","2025-06-02",18
"P094","new","M",73,"65 歲以上","none","2025-04-08","2025-04-19","2025-04-19",11
"P095","new","F",84,"65 歲以上","mild","2025-02-07","2025-02-15","2025-02-15",8
"P096","new","F",65,"65 歲以上","none","2025-06-08","2025-06-14","2025-06-14",8
"P097","new","M",53,"40-64 歲","mild","2025-05-16","2025-05-28","2025-05-28",12
"P098","std","F",55,"40-64 歲","none","2025-05-09","2025-05-25","2025-05-25",10
"P099","new","M",57,"40-64 歲","mild","2025-06-15","2025-06-17","2025-06-17",2
"P100","new","F",56,"40-64 歲","none","2025-05-29","2025-06-10","2025-06-10",7
"P101","new","F",45,"40-64 歲","none","2025-05-16","2025-05-26","2025-05-26",10
"P102","new","F",57,"40-64 歲","none","2025-03-26","2025-04-01","2025-04-01",6
"P103","std","M",40,"40-64 歲","severe","2025-05-15","2025-06-09","2025-06-09",25
"P104","std","M",31,"<40 歲","mild","2025-02-03","2025-02-12","2025-02-12",9
"P105","new","M",54,"40-64 歲","mild","2025-06-19","2025-06-24","2025-06-24",5
"P106","std","F",46,"40-64 歲","none","2025-02-19","2025-02-28","2025-02-28",9
"P107","std","F",52,"40-64 歲","severe","2025-01-26","2025-02-10","2025-02-10",15
"P108","new","M",51,"40-64 歲","mild","2025-05-25","2025-06-05","2025-06-05",11
"P109","std","F",36,"<40 歲","none","2025-01-03","2025-01-17","2025-01-17",12
"P110","new","F",47,"40-64 歲","none","2025-05-01","2025-05-03","2025-05-03",2
"P111","new","F",56,"40-64 歲","severe","2025-04-06","2025-04-20","2025-04-20",14
"P112","new","F",55,"40-64 歲","mild","2025-02-16","2025-02-24","2025-02-24",8
"P113","std","M",65,"65 歲以上","none","2025-01-22","2025-02-02","2025-02-02",11
"P114","std","M",72,"65 歲以上","severe","2025-04-07","2025-04-16","2025-04-16",9
"P115","std","F",39,"<40 歲","mild","2025-04-16","2025-05-03","2025-05-03",12
"P116","new","M",55,"40-64 歲","none","2025-06-13",NA,"2025-06-22",9
"P117","new","F",30,"<40 歲","mild","2025-06-01","2025-06-15","2025-06-15",14
"P118","new","M",63,"40-64 歲","none","2025-03-30",NA,"2025-04-02",3
"P119","new","F",67,"65 歲以上","none","2025-06-09","2025-06-18","2025-06-18",9
"P120","std","M",51,"40-64 歲","none","2025-03-31","2025-03-28","2025-03-28",10
"P121","new","M",48,"40-64 歲","severe","2025-03-07","2025-03-22","2025-03-22",15
"P122","std","F",46,"40-64 歲","severe","2025-04-20","2025-05-07","2025-05-07",17
"P123","std","F",62,"40-64 歲","mild","2025-05-15","2025-05-22","2025-05-22",13
"P124","std","M",79,"65 歲以上","none","2025-02-17","2025-02-27","2025-02-27",10
"P125","new","M",62,"40-64 歲","none","2025-01-24","2025-01-31","2025-01-31",7
"P126","new","F",59,"40-64 歲","none","2025-04-04","2025-04-12","2025-04-12",7
"P127","new","F",63,"40-64 歲","none","2025-01-16","2025-01-29","2025-01-29",13
"P128","std","F",24,"<40 歲","severe","2025-02-02","2025-02-22","2025-02-22",13
"P129","new","F",70,"65 歲以上","mild","2025-04-16","2025-04-20","2025-04-20",8
"P130","new","F",77,"65 歲以上","none","2025-04-14","2025-04-22","2025-04-22",8
"P131","new","F",50,"40-64 歲","none","2025-04-15",NA,"2025-04-17",2
"P132","new","M",57,"40-64 歲","none","2025-06-15","2025-06-16","2025-06-16",1
"P133","new","F",76,"65 歲以上","mild","2025-06-11","2025-06-17","2025-06-17",8
"P134","new","F",62,"40-64 歲","mild","2025-05-29","2025-05-31","2025-05-31",2
"P135","std","M",34,"<40 歲","none","2025-06-01","2025-05-27","2025-05-27",12
"P136","std","F",57,"40-64 歲","none","2025-04-24","2025-05-05","2025-05-05",11
"P137","std","F",68,"65 歲以上","mild","2025-01-03","2025-01-10","2025-01-10",7
"P138","std","M",50,"40-64 歲","none","2025-01-19","2025-02-01","2025-02-01",10
"P139","new","F",51,"40-64 歲","mild","2025-01-07","2025-01-14","2025-01-14",7
"P140","std","F",55,"40-64 歲","severe","2025-04-26","2025-05-12","2025-05-12",19
"P141","std","M",62,"40-64 歲","none","2025-02-19","2025-02-22","2025-02-22",3
"P142","new","M",62,"40-64 歲","severe","2025-03-19","2025-04-09","2025-04-09",14
"P143","new","F",63,"40-64 歲","severe","2025-05-20","2025-05-25","2025-05-25",14
"P144","std","M",83,"65 歲以上","severe","2025-03-09","2025-03-17","2025-03-17",8
"P145","std","M",29,"<40 歲","none","2025-03-07","2025-03-13","2025-03-13",6
"P146","std","F",60,"40-64 歲","mild","2025-02-26","2025-03-06","2025-03-06",13
"P147","new","F",53,"40-64 歲","mild","2025-06-29","2025-07-10","2025-07-10",11
"P148","std","F",44,"40-64 歲","none","2025-02-02","2025-02-08","2025-02-08",6
"P149","new","M",41,"40-64 歲","none","2025-05-25","2025-06-03","2025-06-03",9
"P150","new","M",63,"40-64 歲","none","2025-06-05","2025-06-10","2025-06-10",7
"P151","new","M",49,"40-64 歲","none","2025-01-13","2025-01-15","2025-01-15",2
"P152","new","F",28,"<40 歲","mild","2025-03-28","2025-04-04","2025-04-04",11
"P153","std","M",71,"65 歲以上","none","2025-04-26","2025-05-04","2025-05-04",8
"P154","new","F",49,"40-64 歲","mild","2025-05-18","2025-05-18","2025-05-18",0
"P155","std","M",50,"40-64 歲","none","2025-02-17",NA,"2025-02-20",3
"P156","std","F",22,"<40 歲","none","2025-01-22","2025-01-12","2025-01-12",12
"P157","new","M",61,"40-64 歲","severe","2025-03-24","2025-04-07","2025-04-07",14
"P158","std","M",55,"40-64 歲","none","2025-05-05",NA,"2025-05-28",23
"P159","new","M",67,"65 歲以上","mild","2025-05-23","2025-05-31","2025-05-31",8
"P160","new","F",41,"40-64 歲","mild","2025-06-26","2025-07-06","2025-07-06",10
"P161","new","M",54,"40-64 歲","none","2025-06-30","2025-07-01","2025-07-01",1
"P162","new","F",49,"40-64 歲","none","2025-01-12","2025-01-17","2025-01-17",5
"P163","new","F",63,"40-64 歲","mild","2025-02-01",NA,"2025-02-11",10
"P164","std","M",41,"40-64 歲","severe","2025-05-26","2025-06-13","2025-06-13",18
"P165","new","M",51,"40-64 歲","none","2025-02-19","2025-03-06","2025-03-06",15
"P166","new","M",56,"40-64 歲","none","2025-01-16","2025-01-25","2025-01-25",7
"P167","new","M",56,"40-64 歲","mild","2025-03-02","2025-03-12","2025-03-12",10
"P168","std","F",18,"<40 歲","none","2025-03-05","2025-03-24","2025-03-24",19
"P169","new","F",58,"40-64 歲","mild","2025-04-26","2025-05-07","2025-05-07",11
"P170","new","F",71,"65 歲以上","severe","2025-02-20","2025-02-17","2025-02-17",15
"P171","new","M",41,"40-64 歲","none","2025-04-14","2025-04-24","2025-04-24",10
"P172","new","M",60,"40-64 歲","mild","2025-03-13","2025-03-18","2025-03-18",5
"P173","std","M",45,"40-64 歲","none","2025-05-27","2025-06-06","2025-06-06",10
"P174","new","F",74,"65 歲以上","none","2025-06-28","2025-07-03","2025-07-03",5
"P175","new","M",42,"40-64 歲","none","2025-04-16","2025-04-28","2025-04-28",7
"P176","std","M",51,"40-64 歲","mild","2025-06-01","2025-05-23","2025-05-23",13
"P177","new","F",43,"40-64 歲","none","2025-01-30","2025-02-06","2025-02-06",7
"P178","std","F",61,"40-64 歲","mild","2025-05-19","2025-05-30","2025-05-30",13
"P179","new","M",65,"65 歲以上","mild","2025-06-30","2025-07-12","2025-07-12",8
"P180","std","F",57,"40-64 歲","none","2025-06-13","2025-06-25","2025-06-25",12
"P181","std","M",59,"40-64 歲","mild","2025-03-20","2025-04-07","2025-04-07",18
"P182","new","M",50,"40-64 歲","none","2025-06-21","2025-06-22","2025-06-22",1
"P183","new","F",63,"40-64 歲","mild","2025-05-02",NA,"2025-05-10",8
"P184","std","M",37,"<40 歲","none","2025-03-08","2025-03-21","2025-03-21",12
"P185","std","F",68,"65 歲以上","none","2025-04-03","2025-04-10","2025-04-10",7
"P186","std","M",77,"65 歲以上","none","2025-05-05","2025-05-21","2025-05-21",16
"P187","std","M",76,"65 歲以上","mild","2025-05-17","2025-05-25","2025-05-25",11
"P188","new","M",53,"40-64 歲","severe","2025-05-21","2025-06-07","2025-06-07",17
"P189","new","F",84,"65 歲以上","severe","2025-03-18","2025-03-31","2025-03-31",13
"P190","std","F",70,"65 歲以上","none","2025-01-22","2025-02-04","2025-02-04",13
"P191","std","M",31,"<40 歲","none","2025-01-16","2025-02-01","2025-02-01",12
"P192","new","M",70,"65 歲以上","mild","2025-01-09","2025-01-24","2025-01-24",15
"P193","new","F",52,"40-64 歲","none","2025-04-03","2025-04-15","2025-04-15",12
"P194","new","M",64,"40-64 歲","mild","2025-03-17","2025-03-27","2025-03-27",10
"P195","std","F",69,"65 歲以上","severe","2025-02-07","2025-02-17","2025-02-17",10
"P196","new","M",62,"40-64 歲","mild","2025-04-05","2025-04-16","2025-04-16",11
"P197","std","F",74,"65 歲以上","mild","2025-04-22","2025-05-05","2025-05-05",13
"P198","std","F",48,"40-64 歲","none","2025-02-07","2025-02-13","2025-02-13",6
"P199","std","F",29,"<40 歲","mild","2025-05-08","2025-05-20","2025-05-20",12
"P200","std","F",66,"65 歲以上","none","2025-03-16","2025-04-08","2025-04-08",23
