日期,銷售方式,訂單來源,是否首次交易,客戶編號,客戶類別,國家,員工編號,部門,產品編號,產品類別,產品名稱,單價,成本,數量,營收,總成本,毛利,客訴
2018/1/8,直銷,實體參展,Y,27,企業用戶,亞洲,345,業務1處,C004,配件耗材,壓力閥," $1,500 "," $1,200 ", 4 ," $6,000 "," $4,800 ", $957 ,
2018/1/15,直銷,實體參展,Y,128,飯店,亞洲,679,業務1處,C001,配件耗材,濾紙, $120 , $30 , 10 ," $1,200 ", $300 , $780 ,
2018/1/22,直銷,實體參展,Y,1,企業用戶,亞洲,158,業務1處,S001,售後服務,基本維修服務, $500 , $300 , 1 , $500 , $300 , $164 ,
2018/1/25,直銷,官網網站,Y,120,飯店,亞洲,258,業務1處,S003,售後服務,緊急維修服務," $3,000 "," $1,200 ", 1 ," $3,000 "," $1,200 "," $1,515 ",無任何客訴
2018/1/29,直銷,實體參展,Y,64,餐廳,亞洲,258,業務1處,C005,配件耗材,清潔劑, $400 , $50 , 19 ," $7,600 ", $950 ," $6,284 ",無任何客訴
2018/3/19,直銷,實體參展,Y,95,餐廳,歐洲,931,業務2處,F001,食品原料,義式濃縮咖啡豆, $560 , $250 ," 1,954 "," $1,094,240 "," $488,500 "," $496,706 ",
2018/3/20,直銷,實體參展,Y,31,企業用戶,美洲,931,業務2處,C005,配件耗材,清潔劑, $400 , $50 , 18 ," $7,200 ", $900 ," $5,166 ",
2018/3/20,經銷,合作經銷通路,Y,183,個人消費者,大洋洲,512,業務3處,M002,設備機台,商用義式咖啡機," $26,180 "," $13,000 ", 51 ," $1,335,180 "," $663,000 "," $565,975 ",無任何客訴
2018/3/23,直銷,實體參展,Y,60,企業用戶,大洋洲,931,業務2處,S003,售後服務,緊急維修服務," $3,000 "," $1,200 ", 1 ," $3,000 "," $1,200 "," $1,476 ",
2018/3/29,直銷,實體參展,Y,35,企業用戶,美洲,455,業務2處,F001,食品原料,義式濃縮咖啡豆, $560 , $250 ," 1,514 "," $847,840 "," $378,500 "," $384,858 ",
2018/4/9,直銷,實體參展,Y,127,飯店,亞洲,679,業務1處,S002,售後服務,進階維修服務," $1,000 ", $800 , 1 ," $1,000 ", $800 , $173 ,
2018/4/15,直銷,實體參展,Y,66,餐廳,亞洲,679,業務1處,F003,食品原料,美式咖啡豆, $420 , $120 ," 3,520 "," $1,478,400 "," $422,400 "," $877,536 ",
2018/4/16,直銷,實體參展,Y,30,企業用戶,美洲,142,業務2處,C003,配件耗材,過濾器, $500 , $460 , 5 ," $2,500 "," $2,300 ", $173 ,
2018/5/6,直銷,實體參展,Y,156,飯店,歐洲,455,業務2處,C002,配件耗材,密封圈, $300 , $170 , 51 ," $15,300 "," $8,670 "," $5,290 ",
2018/5/14,直銷,實體參展,Y,99,餐廳,歐洲,455,業務2處,M001,設備機台,家用義式咖啡機," $7,990 "," $2,540 ", 55 ," $439,450 "," $139,700 "," $249,092 ",
2018/5/28,直銷,官網網站,Y,121,飯店,亞洲,258,業務1處,S001,售後服務,基本維修服務, $500 , $300 , 1 , $500 , $300 , $173 ,無任何客訴
2018/6/4,直銷,實體參展,Y,125,飯店,亞洲,679,業務1處,M006,設備機台,咖啡杯保溫機," $7,500 "," $5,530 ", 10 ," $75,000 "," $55,300 "," $18,616 ",
2018/6/9,直銷,實體參展,Y,124,飯店,亞洲,345,業務1處,C005,配件耗材,清潔劑, $400 , $50 , 25 ," $10,000 "," $1,250 "," $8,268 ",
2018/6/16,直銷,電銷業務,Y,29,企業用戶,美洲,455,業務2處,M002,設備機台,商用義式咖啡機," $26,180 "," $13,000 ", 47 ," $1,230,460 "," $611,000 "," $585,389 ",無法加熱水
2018/6/23,直銷,官網網站,Y,61,餐廳,亞洲,158,業務1處,S001,售後服務,基本維修服務, $500 , $300 , 1 , $500 , $300 , $164 ,
2018/6/23,經銷,合作經銷通路,Y,179,個人消費者,美洲,512,業務3處,F002,食品原料,咖啡膠囊, $260 , $150 ," 1,645 "," $427,700 "," $246,750 "," $152,359 ",無任何客訴
2018/7/4,直銷,官網網站,Y,117,飯店,亞洲,158,業務1處,F001,食品原料,義式濃縮咖啡豆, $560 , $250 ," 4,492 "," $2,515,520 "," $1,123,000 "," $1,315,931 ",異物殘留
2018/7/4,經銷,合作經銷通路,Y,178,個人消費者,美洲,512,業務3處,C002,配件耗材,密封圈, $300 , $170 , 11 ," $3,300 "," $1,870 "," $1,188 ",無任何客訴
2018/7/7,直銷,實體參展,Y,148,飯店,歐洲,931,業務2處,S001,售後服務,基本維修服務, $500 , $300 , 1 , $500 , $300 , $150 ,無任何客訴
2018/7/17,直銷,電銷業務,Y,32,企業用戶,美洲,455,業務2處,M006,設備機台,咖啡杯保溫機," $7,500 "," $5,530 ", 35 ," $262,500 "," $193,550 "," $61,434 ",
2018/8/11,直銷,電銷業務,Y,21,企業用戶,亞洲,345,業務1處,C002,配件耗材,密封圈, $300 , $170 , 16 ," $4,800 "," $2,720 "," $1,965 ",不正確的尺寸
2018/8/29,直銷,官網網站,Y,57,企業用戶,大洋洲,931,業務2處,F001,食品原料,義式濃縮咖啡豆, $560 , $250 ," 1,865 "," $1,044,400 "," $466,250 "," $461,363 ",無任何客訴
2018/9/2,直銷,電銷業務,Y,114,飯店,亞洲,679,業務1處,M006,設備機台,咖啡杯保溫機," $7,500 "," $5,530 ", 10 ," $75,000 "," $55,300 "," $18,143 ",
2018/9/6,直銷,官網網站,Y,116,飯店,亞洲,158,業務1處,S002,售後服務,進階維修服務," $1,000 ", $800 , 1 ," $1,000 ", $800 , $184 ,無任何客訴
2018/9/13,直銷,電銷業務,Y,5,企業用戶,亞洲,345,業務1處,M006,設備機台,咖啡杯保溫機," $7,500 "," $5,530 ", 76 ," $570,000 "," $420,280 "," $142,383 ",
2018/9/14,直銷,實體參展,Y,55,企業用戶,大洋洲,931,業務2處,F003,食品原料,美式咖啡豆, $420 , $120 ," 2,161 "," $907,620 "," $259,320 "," $612,643 ",
2018/9/19,直銷,電銷業務,Y,90,餐廳,美洲,142,業務2處,C003,配件耗材,過濾器, $500 , $460 , 3 ," $1,500 "," $1,380 ", $95 ,無任何客訴
2018/10/25,直銷,電銷業務,Y,33,企業用戶,美洲,455,業務2處,F003,食品原料,美式咖啡豆, $420 , $120 ," 2,750 "," $1,155,000 "," $330,000 "," $685,575 ",
2018/10/31,直銷,官網網站,Y,115,飯店,亞洲,679,業務1處,F003,食品原料,美式咖啡豆, $420 , $120 ," 2,385 "," $1,001,700 "," $286,200 "," $570,969 ",
2018/11/5,直銷,電銷業務,Y,6,企業用戶,亞洲,679,業務1處,F003,食品原料,美式咖啡豆, $420 , $120 ," 1,734 "," $728,280 "," $208,080 "," $451,013 ",
2019/1/3,直銷,實體參展,Y,157,飯店,歐洲,142,業務2處,F002,食品原料,咖啡膠囊, $260 , $150 , 606 ," $157,560 "," $90,900 "," $59,394 ",
2019/1/3,直銷,會員回購,N,27,企業用戶,亞洲,345,業務1處,M002,設備機台,商用義式咖啡機," $26,180 "," $13,000 ", 95 ," $2,487,100 "," $1,235,000 "," $1,054,268 ",無任何客訴
2019/1/11,直銷,實體參展,Y,143,飯店,美洲,142,業務2處,S003,售後服務,緊急維修服務," $3,000 "," $1,200 ", 1 ," $3,000 "," $1,200 "," $1,515 ",無任何客訴
2019/1/11,直銷,會員回購,N,128,飯店,亞洲,679,業務1處,M003,設備機台,美式咖啡機," $3,990 "," $1,250 ", 12 ," $47,880 "," $15,000 "," $30,282 ",咖啡機停止運作
2019/1/14,直銷,官網網站,Y,14,企業用戶,亞洲,158,業務1處,M001,設備機台,家用義式咖啡機," $7,990 "," $2,540 ", 92 ," $735,080 "," $233,680 "," $400,117 ",無任何客訴
2019/1/14,直銷,會員回購,N,1,企業用戶,亞洲,158,業務1處,F002,食品原料,咖啡膠囊, $260 , $150 , 980 ," $254,800 "," $147,000 "," $89,581 ",無任何客訴
2019/1/30,直銷,實體參展,Y,134,飯店,亞洲,258,業務1處,M001,設備機台,家用義式咖啡機," $7,990 "," $2,540 ", 12 ," $95,880 "," $30,480 "," $49,180 ",
2019/1/30,直銷,會員回購,N,120,飯店,亞洲,258,業務1處,S002,售後服務,進階維修服務," $1,000 ", $800 , 1 ," $1,000 ", $800 , $189 ,無任何客訴
2019/2/21,直銷,實體參展,Y,52,企業用戶,大洋洲,142,業務2處,C003,配件耗材,過濾器, $500 , $460 , 2 ," $1,000 ", $920 , $76 ,
2019/2/21,直銷,會員回購,N,64,餐廳,亞洲,258,業務1處,S002,售後服務,進階維修服務," $1,000 ", $800 , 1 ," $1,000 ", $800 , $168 ,無任何客訴
2019/3/1,直銷,實體參展,Y,34,企業用戶,美洲,455,業務2處,S002,售後服務,進階維修服務," $1,000 ", $800 , 1 ," $1,000 ", $800 , $184 ,
2019/3/1,經銷,合作經銷通路,Y,184,個人消費者,大洋洲,512,業務3處,F003,食品原料,美式咖啡豆, $420 , $120 , 973 ," $408,660 "," $116,760 "," $219,508 ",無任何客訴
2019/3/1,直銷,會員回購,N,95,餐廳,歐洲,931,業務2處,F003,食品原料,美式咖啡豆, $420 , $120 ," 2,661 "," $1,117,620 "," $319,320 "," $759,183 ",
2019/4/2,直銷,實體參展,Y,92,餐廳,美洲,142,業務2處,M006,設備機台,咖啡杯保溫機," $7,500 "," $5,530 ", 92 ," $690,000 "," $508,760 "," $152,604 ",
2019/4/2,直銷,會員回購,N,31,企業用戶,美洲,931,業務2處,M003,設備機台,美式咖啡機," $3,990 "," $1,250 ", 73 ," $291,270 "," $91,250 "," $190,219 ",無任何客訴
2019/4/4,直銷,官網網站,Y,130,飯店,亞洲,158,業務1處,F001,食品原料,義式濃縮咖啡豆, $560 , $250 ," 1,491 "," $834,960 "," $372,750 "," $425,695 ",發霉
2019/4/4,經銷,會員回購,N,183,個人消費者,大洋洲,512,業務3處,C003,配件耗材,過濾器, $500 , $460 , 4 ," $2,000 "," $1,840 ", $138 ,包裝破損
2019/4/9,直銷,實體參展,Y,43,企業用戶,歐洲,931,業務2處,S001,售後服務,基本維修服務, $500 , $300 , 1 , $500 , $300 , $190 ,
2019/4/9,直銷,會員回購,N,60,企業用戶,大洋洲,931,業務2處,S002,售後服務,進階維修服務," $1,000 ", $800 , 1 ," $1,000 ", $800 , $159 ,無任何客訴
2019/4/17,直銷,實體參展,Y,159,飯店,大洋洲,455,業務2處,M001,設備機台,家用義式咖啡機," $7,990 "," $2,540 ", 27 ," $215,730 "," $68,580 "," $123,900 ",
2019/4/17,直銷,會員回購,N,35,企業用戶,美洲,455,業務2處,S003,售後服務,緊急維修服務," $3,000 "," $1,200 ", 1 ," $3,000 "," $1,200 "," $1,436 ",無任何客訴
2019/4/18,直銷,實體參展,Y,8,企業用戶,亞洲,345,業務1處,C001,配件耗材,濾紙, $120 , $30 , 57 ," $6,840 "," $1,710 "," $4,447 ",
2019/4/18,直銷,會員回購,N,127,飯店,亞洲,679,業務1處,M005,設備機台,咖啡研磨機," $3,675 ", $890 , 50 ," $183,750 "," $44,500 "," $132,426 ",咖啡機停止運作
2019/4/25,直銷,實體參展,Y,101,餐廳,歐洲,455,業務2處,M003,設備機台,美式咖啡機," $3,990 "," $1,250 ", 7 ," $27,930 "," $8,750 "," $16,629 ",
2019/4/25,直銷,會員回購,N,66,餐廳,亞洲,679,業務1處,M003,設備機台,美式咖啡機," $3,990 "," $1,250 ", 40 ," $159,600 "," $50,000 "," $95,023 ",無任何客訴
2019/5/26,直銷,官網網站,Y,96,餐廳,歐洲,931,業務2處,C002,配件耗材,密封圈, $300 , $170 , 72 ," $21,600 "," $12,240 "," $7,778 ",無任何客訴
2019/5/26,直銷,會員回購,N,30,企業用戶,美洲,142,業務2處,M004,設備機台,膠囊咖啡機," $2,990 ", $560 ," 2,475 "," $7,400,250 "," $1,386,000 "," $4,522,716 ",
2019/6/7,直銷,實體參展,Y,78,餐廳,亞洲,258,業務1處,C001,配件耗材,濾紙, $120 , $30 , 274 ," $32,880 "," $8,220 "," $20,492 ",無任何客訴
2019/6/7,直銷,會員回購,N,156,飯店,歐洲,455,業務2處,F002,食品原料,咖啡膠囊, $260 , $150 , 980 ," $254,800 "," $147,000 "," $99,283 ",無任何客訴
2019/7/9,直銷,電銷業務,Y,146,飯店,美洲,142,業務2處,M003,設備機台,美式咖啡機," $3,990 "," $1,250 ", 80 ," $319,200 "," $100,000 "," $208,459 ",
2019/7/9,直銷,會員回購,N,99,餐廳,歐洲,455,業務2處,M001,設備機台,家用義式咖啡機," $7,990 "," $2,540 ", 61 ," $487,390 "," $154,940 "," $276,265 ",無任何客訴
2019/7/14,直銷,電銷業務,Y,13,企業用戶,亞洲,158,業務1處,S003,售後服務,緊急維修服務," $3,000 "," $1,200 ", 1 ," $3,000 "," $1,200 "," $1,711 ",
2019/7/14,直銷,會員回購,N,121,飯店,亞洲,258,業務1處,M006,設備機台,咖啡杯保溫機," $7,500 "," $5,530 ", 45 ," $337,500 "," $248,850 "," $76,859 ",咖啡機停止運作
2019/7/22,直銷,電銷業務,Y,47,企業用戶,歐洲,455,業務2處,M006,設備機台,咖啡杯保溫機," $7,500 "," $5,530 ", 70 ," $525,000 "," $387,100 "," $113,078 ",無任何客訴
2019/7/22,經銷,合作經銷通路,Y,167,個人消費者,亞洲,512,業務3處,M003,設備機台,美式咖啡機," $3,990 "," $1,250 ", 53 ," $211,470 "," $66,250 "," $119,080 ",無任何客訴
2019/7/22,直銷,會員回購,N,125,飯店,亞洲,679,業務1處,F001,食品原料,義式濃縮咖啡豆, $560 , $250 ," 1,987 "," $1,112,720 "," $496,750 "," $567,308 ",無任何客訴
2019/7/28,直銷,電銷業務,Y,9,企業用戶,亞洲,345,業務1處,M004,設備機台,膠囊咖啡機," $2,990 ", $560 , 554 ," $1,656,460 "," $310,240 "," $1,199,482 ",無任何客訴
2019/7/28,直銷,會員回購,N,124,飯店,亞洲,345,業務1處,M001,設備機台,家用義式咖啡機," $7,990 "," $2,540 ", 62 ," $495,380 "," $157,480 "," $319,315 ",咖啡機停止運作
2019/8/3,直銷,實體參展,Y,85,餐廳,美洲,455,業務2處,M005,設備機台,咖啡研磨機," $3,675 ", $890 , 55 ," $202,125 "," $48,950 "," $141,074 ",
2019/8/3,直銷,會員回購,N,29,企業用戶,美洲,455,業務2處,S001,售後服務,基本維修服務, $500 , $300 , 1 , $500 , $300 , $168 ,無任何客訴
2019/8/11,直銷,實體參展,Y,126,飯店,亞洲,345,業務1處,F003,食品原料,美式咖啡豆, $420 , $120 ," 3,850 "," $1,617,000 "," $462,000 "," $868,560 ",
2019/8/11,直銷,會員回購,N,61,餐廳,亞洲,158,業務1處,C003,配件耗材,過濾器, $500 , $460 , 7 ," $3,500 "," $3,220 ", $229 ,
2019/8/18,直銷,電銷業務,Y,63,餐廳,亞洲,679,業務1處,C003,配件耗材,過濾器, $500 , $460 , 5 ," $2,500 "," $2,300 ", $166 ,
2019/8/18,經銷,會員回購,N,179,個人消費者,美洲,512,業務3處,M005,設備機台,咖啡研磨機," $3,675 ", $890 , 1 ," $3,675 ", $890 ," $2,648 ",無任何客訴
2019/9/3,直銷,電銷業務,Y,54,企業用戶,大洋洲,142,業務2處,M006,設備機台,咖啡杯保溫機," $7,500 "," $5,530 ", 35 ," $262,500 "," $193,550 "," $51,850 ",無任何客訴
2019/9/3,直銷,會員回購,N,117,飯店,亞洲,158,業務1處,M004,設備機台,膠囊咖啡機," $2,990 ", $560 , 555 ," $1,659,450 "," $310,800 "," $1,242,106 ",無任何客訴
2019/9/6,直銷,電銷業務,Y,70,餐廳,亞洲,345,業務1處,F001,食品原料,義式濃縮咖啡豆, $560 , $250 ," 1,199 "," $671,440 "," $299,750 "," $351,247 ",
2019/9/6,經銷,會員回購,N,178,個人消費者,美洲,512,業務3處,C002,配件耗材,密封圈, $300 , $170 , 11 ," $3,300 "," $1,870 "," $1,239 ",無任何客訴
2019/9/8,直銷,官網網站,Y,7,企業用戶,亞洲,258,業務1處,S002,售後服務,進階維修服務," $1,000 ", $800 , 1 ," $1,000 ", $800 , $190 ,無任何客訴
2019/9/8,直銷,會員回購,N,148,飯店,歐洲,931,業務2處,F002,食品原料,咖啡膠囊, $260 , $150 ," 1,645 "," $427,700 "," $246,750 "," $161,226 ",無任何客訴
2019/9/27,直銷,實體參展,Y,152,飯店,歐洲,455,業務2處,M006,設備機台,咖啡杯保溫機," $7,500 "," $5,530 ", 99 ," $742,500 "," $547,470 "," $173,771 ",
2019/9/27,經銷,合作經銷通路,Y,182,個人消費者,美洲,512,業務3處,C004,配件耗材,壓力閥," $1,500 "," $1,200 ", 2 ," $3,000 "," $2,400 ", $534 ,無任何客訴
2019/9/27,直銷,會員回購,N,32,企業用戶,美洲,455,業務2處,S003,售後服務,緊急維修服務," $3,000 "," $1,200 ", 1 ," $3,000 "," $1,200 "," $1,603 ",無任何客訴
2019/10/8,直銷,實體參展,Y,77,餐廳,亞洲,258,業務1處,C004,配件耗材,壓力閥," $1,500 "," $1,200 ", 1 ," $1,500 "," $1,200 ", $260 ,無任何客訴
2019/10/8,直銷,會員回購,N,21,企業用戶,亞洲,345,業務1處,C004,配件耗材,壓力閥," $1,500 "," $1,200 ", 11 ," $16,500 "," $13,200 "," $3,039 ",無任何客訴
2019/10/16,直銷,官網網站,Y,129,飯店,亞洲,158,業務1處,M004,設備機台,膠囊咖啡機," $2,990 ", $560 ," 1,607 "," $4,804,930 "," $899,920 "," $3,479,363 ",咖啡機停止運作
2019/10/16,直銷,會員回購,N,57,企業用戶,大洋洲,931,業務2處,C004,配件耗材,壓力閥," $1,500 "," $1,200 ", 2 ," $3,000 "," $2,400 ", $478 ,包裝破損
2019/11/5,直銷,實體參展,Y,87,餐廳,美洲,455,業務2處,C004,配件耗材,壓力閥," $1,500 "," $1,200 ", 4 ," $6,000 "," $4,800 "," $1,105 ",
2019/11/5,直銷,會員回購,N,114,飯店,亞洲,679,業務1處,M002,設備機台,商用義式咖啡機," $26,180 "," $13,000 ", 14 ," $366,520 "," $182,000 "," $174,371 ",無任何客訴
2019/11/19,直銷,官網網站,Y,109,餐廳,大洋洲,931,業務2處,C004,配件耗材,壓力閥," $1,500 "," $1,200 ", 3 ," $4,500 "," $3,600 ", $828 ,無任何客訴
2019/11/19,直銷,會員回購,N,116,飯店,亞洲,158,業務1處,F003,食品原料,美式咖啡豆, $420 , $120 , 973 ," $408,660 "," $116,760 "," $253,077 ",無任何客訴
2019/11/23,直銷,官網網站,Y,62,餐廳,亞洲,345,業務1處,M002,設備機台,商用義式咖啡機," $26,180 "," $13,000 ", 10 ," $261,800 "," $130,000 "," $124,551 ",
2019/11/27,直銷,實體參展,Y,98,餐廳,歐洲,455,業務2處,S003,售後服務,緊急維修服務," $3,000 "," $1,200 ", 1 ," $3,000 "," $1,200 "," $1,353 ",
2019/12/3,直銷,實體參展,Y,46,企業用戶,歐洲,455,業務2處,C005,配件耗材,清潔劑, $400 , $50 , 14 ," $5,600 ", $700 ," $4,365 ",
2019/12/13,直銷,電銷業務,Y,40,企業用戶,美洲,142,業務2處,M005,設備機台,咖啡研磨機," $3,675 ", $890 , 18 ," $66,150 "," $16,020 "," $47,372 ",無任何客訴
2020/1/11,直銷,官網網站,Y,118,飯店,亞洲,158,業務1處,C002,配件耗材,密封圈, $300 , $170 , 3 , $900 , $510 , $319 ,無任何客訴
2020/1/11,直銷,會員回購,N,66,餐廳,亞洲,679,業務1處,C004,配件耗材,壓力閥," $1,500 "," $1,200 ", 5 ," $7,500 "," $6,000 "," $1,230 ",無任何客訴
2020/1/20,直銷,電銷業務,Y,110,餐廳,大洋洲,931,業務2處,S001,售後服務,基本維修服務, $500 , $300 , 1 , $500 , $300 , $150 ,無任何客訴
2020/1/20,直銷,會員回購,N,30,企業用戶,美洲,142,業務2處,F002,食品原料,咖啡膠囊, $260 , $150 , 681 ," $177,060 "," $102,150 "," $66,744 ",無任何客訴
2020/1/28,直銷,官網網站,Y,69,餐廳,亞洲,345,業務1處,M004,設備機台,膠囊咖啡機," $2,990 ", $560 ," 2,579 "," $7,711,210 "," $1,444,240 "," $5,433,462 ",無任何客訴
2020/1/28,直銷,會員回購,N,156,飯店,歐洲,455,業務2處,F001,食品原料,義式濃縮咖啡豆, $560 , $250 ," 2,659 "," $1,489,040 "," $664,750 "," $694,052 ",無任何客訴
2020/1/31,直銷,電銷業務,Y,82,餐廳,美洲,142,業務2處,F002,食品原料,咖啡膠囊, $260 , $150 ," 1,937 "," $503,620 "," $290,550 "," $189,845 ",無任何客訴
2020/1/31,直銷,會員回購,N,99,餐廳,歐洲,455,業務2處,M001,設備機台,家用義式咖啡機," $7,990 "," $2,540 ", 49 ," $391,510 "," $124,460 "," $237,941 ",無任何客訴
2020/2/2,直銷,實體參展,Y,138,飯店,美洲,455,業務2處,C001,配件耗材,濾紙, $120 , $30 , 115 ," $13,800 "," $3,450 "," $9,532 ",
2020/2/2,直銷,會員回購,N,121,飯店,亞洲,258,業務1處,S003,售後服務,緊急維修服務," $3,000 "," $1,200 ", 1 ," $3,000 "," $1,200 "," $1,711 ",無任何客訴
2020/2/13,直銷,電銷業務,Y,89,餐廳,美洲,142,業務2處,M002,設備機台,商用義式咖啡機," $26,180 "," $13,000 ", 56 ," $1,466,080 "," $728,000 "," $588,987 ",咖啡機停止運作
2020/2/13,直銷,會員回購,N,125,飯店,亞洲,679,業務1處,C004,配件耗材,壓力閥," $1,500 "," $1,200 ", 7 ," $10,500 "," $8,400 "," $1,722 ",無任何客訴
2020/3/5,直銷,電銷業務,Y,42,企業用戶,歐洲,931,業務2處,C004,配件耗材,壓力閥," $1,500 "," $1,200 ", 6 ," $9,000 "," $7,200 "," $1,436 ",
2020/3/5,直銷,會員回購,N,124,飯店,亞洲,345,業務1處,M003,設備機台,美式咖啡機," $3,990 "," $1,250 ", 61 ," $243,390 "," $76,250 "," $153,935 ",無任何客訴
2020/3/19,直銷,官網網站,Y,37,企業用戶,美洲,142,業務2處,F002,食品原料,咖啡膠囊, $260 , $150 , 681 ," $177,060 "," $102,150 "," $63,074 ",無任何客訴
2020/3/19,直銷,會員回購,N,29,企業用戶,美洲,455,業務2處,M002,設備機台,商用義式咖啡機," $26,180 "," $13,000 ", 57 ," $1,492,260 "," $741,000 "," $564,947 ",無任何客訴
2020/3/26,直銷,實體參展,Y,80,餐廳,亞洲,258,業務1處,F001,食品原料,義式濃縮咖啡豆, $560 , $250 ," 2,659 "," $1,489,040 "," $664,750 "," $657,783 ",
2020/3/26,直銷,會員回購,N,61,餐廳,亞洲,158,業務1處,F001,食品原料,義式濃縮咖啡豆, $560 , $250 ," 1,987 "," $1,112,720 "," $496,750 "," $511,871 ",無任何客訴
2020/3/26,直銷,會員回購,N,52,企業用戶,大洋洲,142,業務2處,F002,食品原料,咖啡膠囊, $260 , $150 ," 3,165 "," $822,900 "," $474,750 "," $320,646 ",無任何客訴
2020/4/14,直銷,實體參展,Y,84,餐廳,美洲,455,業務2處,M001,設備機台,家用義式咖啡機," $7,990 "," $2,540 ", 32 ," $255,680 "," $81,280 "," $165,854 ",
2020/4/14,經銷,會員回購,N,179,個人消費者,美洲,512,業務3處,M002,設備機台,商用義式咖啡機," $26,180 "," $13,000 ", 26 ," $680,680 "," $338,000 "," $280,997 ",無任何客訴
2020/4/14,直銷,會員回購,N,64,餐廳,亞洲,258,業務1處,C005,配件耗材,清潔劑, $400 , $50 , 8 ," $3,200 ", $400 ," $2,646 ",無任何客訴
2020/4/21,直銷,實體參展,Y,38,企業用戶,美洲,142,業務2處,S003,售後服務,緊急維修服務," $3,000 "," $1,200 ", 1 ," $3,000 "," $1,200 "," $1,657 ",
2020/4/21,直銷,會員回購,N,117,飯店,亞洲,158,業務1處,M003,設備機台,美式咖啡機," $3,990 "," $1,250 ", 25 ," $99,750 "," $31,250 "," $64,732 ",無任何客訴
2020/4/21,直銷,會員回購,N,34,企業用戶,美洲,455,業務2處,S003,售後服務,緊急維修服務," $3,000 "," $1,200 ", 1 ," $3,000 "," $1,200 "," $1,701 ",
2020/5/18,直銷,官網網站,Y,162,飯店,大洋洲,455,業務2處,C004,配件耗材,壓力閥," $1,500 "," $1,200 ", 3 ," $4,500 "," $3,600 ", $738 ,無任何客訴
2020/5/18,經銷,會員回購,N,178,個人消費者,美洲,512,業務3處,M005,設備機台,咖啡研磨機," $3,675 ", $890 , 57 ," $209,475 "," $50,730 "," $119,376 ",咖啡機停止運作
2020/5/18,經銷,會員回購,N,184,個人消費者,大洋洲,512,業務3處,S002,售後服務,進階維修服務," $1,000 ", $800 , 1 ," $1,000 ", $800 , $178 ,無任何客訴
2020/5/31,直銷,實體參展,Y,161,飯店,大洋洲,455,業務2處,M003,設備機台,美式咖啡機," $3,990 "," $1,250 ", 25 ," $99,750 "," $31,250 "," $54,663 ",
2020/5/31,直銷,會員回購,N,148,飯店,歐洲,931,業務2處,S003,售後服務,緊急維修服務," $3,000 "," $1,200 ", 1 ," $3,000 "," $1,200 "," $1,515 ",無任何客訴
2020/5/31,直銷,會員回購,N,95,餐廳,歐洲,931,業務2處,S001,售後服務,基本維修服務, $500 , $300 , 1 , $500 , $300 , $166 ,無任何客訴
2020/6/1,直銷,實體參展,Y,164,飯店,大洋洲,931,業務2處,M002,設備機台,商用義式咖啡機," $26,180 "," $13,000 ", 57 ," $1,492,260 "," $741,000 "," $714,448 ",
2020/6/1,經銷,合作經銷通路,Y,172,個人消費者,亞洲,512,業務3處,F001,食品原料,義式濃縮咖啡豆, $560 , $250 ," 1,987 "," $1,112,720 "," $496,750 "," $491,544 ",發霉
2020/6/1,直銷,會員回購,N,32,企業用戶,美洲,455,業務2處,M006,設備機台,咖啡杯保溫機," $7,500 "," $5,530 ", 87 ," $652,500 "," $481,110 "," $148,595 ",無任何客訴
2020/6/1,直銷,會員回購,N,92,餐廳,美洲,142,業務2處,M004,設備機台,膠囊咖啡機," $2,990 ", $560 , 555 ," $1,659,450 "," $310,800 "," $1,076,222 ",無任何客訴
2020/6/7,直銷,電銷業務,Y,111,飯店,亞洲,345,業務1處,M002,設備機台,商用義式咖啡機," $26,180 "," $13,000 ", 25 ," $654,500 "," $325,000 "," $270,190 ",漏水
2020/6/7,直銷,會員回購,N,21,企業用戶,亞洲,345,業務1處,S001,售後服務,基本維修服務, $500 , $300 , 1 , $500 , $300 , $166 ,無任何客訴
2020/6/7,直銷,會員回購,N,31,企業用戶,美洲,931,業務2處,M004,設備機台,膠囊咖啡機," $2,990 ", $560 , 488 ," $1,459,120 "," $273,280 "," $1,028,123 ",無任何客訴
2020/6/14,直銷,電銷業務,Y,76,餐廳,亞洲,258,業務1處,M003,設備機台,美式咖啡機," $3,990 "," $1,250 ", 17 ," $67,830 "," $21,250 "," $40,384 ",
2020/6/14,直銷,會員回購,N,57,企業用戶,大洋洲,931,業務2處,M005,設備機台,咖啡研磨機," $3,675 ", $890 , 10 ," $36,750 "," $8,900 "," $20,943 ",咖啡機停止運作
2020/6/14,直銷,會員回購,N,130,飯店,亞洲,158,業務1處,C002,配件耗材,密封圈, $300 , $170 , 3 , $900 , $510 , $319 ,無任何客訴
2020/6/19,直銷,官網網站,Y,25,企業用戶,亞洲,679,業務1處,M005,設備機台,咖啡研磨機," $3,675 ", $890 , 51 ," $187,425 "," $45,390 "," $123,144 ",
2020/6/19,直銷,會員回購,N,114,飯店,亞洲,679,業務1處,C002,配件耗材,密封圈, $300 , $170 , 1 , $300 , $170 , $123 ,
2020/6/19,經銷,會員回購,N,183,個人消費者,大洋洲,512,業務3處,M003,設備機台,美式咖啡機," $3,990 "," $1,250 ", 83 ," $331,170 "," $103,750 "," $181,481 ",無任何客訴
2020/7/26,直銷,電銷業務,Y,83,餐廳,美洲,931,業務2處,S003,售後服務,緊急維修服務," $3,000 "," $1,200 ", 1 ," $3,000 "," $1,200 "," $1,657 ",無任何客訴
2020/7/26,經銷,合作經銷通路,Y,171,個人消費者,亞洲,512,業務3處,M006,設備機台,咖啡杯保溫機," $7,500 "," $5,530 ", 37 ," $277,500 "," $204,610 "," $60,571 ",無任何客訴
2020/7/26,直銷,會員回購,N,116,飯店,亞洲,158,業務1處,F002,食品原料,咖啡膠囊, $260 , $150 ," 1,901 "," $494,260 "," $285,150 "," $176,070 ",無任何客訴
2020/7/26,直銷,會員回購,N,43,企業用戶,歐洲,931,業務2處,M001,設備機台,家用義式咖啡機," $7,990 "," $2,540 ", 31 ," $247,690 "," $78,740 "," $146,479 ",無任何客訴
2020/8/2,直銷,實體參展,Y,88,餐廳,美洲,455,業務2處,S001,售後服務,基本維修服務, $500 , $300 , 1 , $500 , $300 , $189 ,
2020/8/2,直銷,會員回購,N,5,企業用戶,亞洲,345,業務1處,C003,配件耗材,過濾器, $500 , $460 , 4 ," $2,000 "," $1,840 ", $152 ,包裝破損
2020/8/2,直銷,會員回購,N,60,企業用戶,大洋洲,931,業務2處,M001,設備機台,家用義式咖啡機," $7,990 "," $2,540 ", 83 ," $663,170 "," $210,820 "," $392,187 ",
2020/8/2,直銷,會員回購,N,101,餐廳,歐洲,455,業務2處,M003,設備機台,美式咖啡機," $3,990 "," $1,250 ", 85 ," $339,150 "," $106,250 "," $196,101 ",無法加熱水
2020/8/14,直銷,實體參展,Y,75,餐廳,亞洲,158,業務1處,M005,設備機台,咖啡研磨機," $3,675 ", $890 , 89 ," $327,075 "," $79,210 "," $197,796 ",
2020/8/14,直銷,會員回購,N,55,企業用戶,大洋洲,931,業務2處,C004,配件耗材,壓力閥," $1,500 "," $1,200 ", 5 ," $7,500 "," $6,000 "," $1,230 ",無任何客訴
2020/8/14,直銷,會員回購,N,159,飯店,大洋洲,455,業務2處,M004,設備機台,膠囊咖啡機," $2,990 ", $560 ," 2,475 "," $7,400,250 "," $1,386,000 "," $5,539,124 ",無任何客訴
2020/8/18,直銷,實體參展,Y,141,飯店,美洲,455,業務2處,C002,配件耗材,密封圈, $300 , $170 , 1 , $300 , $170 , $123 ,
2020/8/18,直銷,會員回購,N,90,餐廳,美洲,142,業務2處,C005,配件耗材,清潔劑, $400 , $50 , 11 ," $4,400 ", $550 ," $2,895 ",無任何客訴
2020/8/18,直銷,會員回購,N,35,企業用戶,美洲,455,業務2處,M003,設備機台,美式咖啡機," $3,990 "," $1,250 ", 74 ," $295,260 "," $92,500 "," $191,608 ",無任何客訴
2020/8/27,直銷,官網網站,Y,22,企業用戶,亞洲,679,業務1處,F002,食品原料,咖啡膠囊, $260 , $150 ," 1,901 "," $494,260 "," $285,150 "," $197,608 ",無任何客訴
2020/8/27,直銷,會員回購,N,33,企業用戶,美洲,455,業務2處,C005,配件耗材,清潔劑, $400 , $50 , 19 ," $7,600 ", $950 ," $5,526 ",無任何客訴
2020/8/27,直銷,會員回購,N,8,企業用戶,亞洲,345,業務1處,F001,食品原料,義式濃縮咖啡豆, $560 , $250 , 200 ," $112,000 "," $50,000 "," $55,242 ",無任何客訴
2020/9/30,直銷,實體參展,Y,3,企業用戶,亞洲,679,業務1處,C003,配件耗材,過濾器, $500 , $460 , 8 ," $4,000 "," $3,680 ", $285 ,
2020/9/30,直銷,會員回購,N,115,飯店,亞洲,679,業務1處,S001,售後服務,基本維修服務, $500 , $300 , 1 , $500 , $300 , $189 ,無任何客訴
2020/9/30,直銷,會員回購,N,127,飯店,亞洲,679,業務1處,C002,配件耗材,密封圈, $300 , $170 , 1 , $300 , $170 , $112 ,無任何客訴
2020/10/16,直銷,實體參展,Y,49,企業用戶,歐洲,455,業務2處,C004,配件耗材,壓力閥," $1,500 "," $1,200 ", 2 ," $3,000 "," $2,400 ", $534 ,
2020/10/16,直銷,會員回購,N,6,企業用戶,亞洲,679,業務1處,M001,設備機台,家用義式咖啡機," $7,990 "," $2,540 ", 28 ," $223,720 "," $71,120 "," $132,304 ",無任何客訴
2020/10/23,直銷,電銷業務,Y,91,餐廳,美洲,142,業務2處,C005,配件耗材,清潔劑, $400 , $50 , 11 ," $4,400 ", $550 ," $3,430 ",
2020/10/23,直銷,會員回購,N,157,飯店,歐洲,142,業務2處,C003,配件耗材,過濾器, $500 , $460 , 4 ," $2,000 "," $1,840 ", $127 ,包裝破損
2020/10/29,直銷,電銷業務,Y,113,飯店,亞洲,345,業務1處,C005,配件耗材,清潔劑, $400 , $50 , 19 ," $7,600 ", $950 ," $5,526 ",無任何客訴
2020/10/29,經銷,合作經銷通路,Y,174,個人消費者,亞洲,512,業務3處,S001,售後服務,基本維修服務, $500 , $300 , 1 , $500 , $300 , $189 ,無任何客訴
2020/10/29,直銷,會員回購,N,27,企業用戶,亞洲,345,業務1處,F002,食品原料,咖啡膠囊, $260 , $150 , 943 ," $245,180 "," $141,450 "," $86,199 ",無任何客訴
2020/11/9,直銷,電銷業務,Y,74,餐廳,亞洲,158,業務1處,M001,設備機台,家用義式咖啡機," $7,990 "," $2,540 ", 65 ," $519,350 "," $165,100 "," $282,691 ",
2020/11/9,直銷,會員回購,N,143,飯店,美洲,142,業務2處,M001,設備機台,家用義式咖啡機," $7,990 "," $2,540 ", 80 ," $639,200 "," $203,200 "," $414,636 ",咖啡機停止運作
2020/11/28,直銷,實體參展,Y,45,企業用戶,歐洲,931,業務2處,C003,配件耗材,過濾器, $500 , $460 , 3 ," $1,500 "," $1,380 ", $114 ,
2020/11/28,直銷,會員回購,N,128,飯店,亞洲,679,業務1處,C005,配件耗材,清潔劑, $400 , $50 , 9 ," $3,600 ", $450 ," $2,806 ",無任何客訴
2020/12/8,直銷,實體參展,Y,119,飯店,亞洲,258,業務1處,F002,食品原料,咖啡膠囊, $260 , $150 , 943 ," $245,180 "," $141,450 "," $87,340 ",
2020/12/8,經銷,合作經銷通路,Y,170,個人消費者,亞洲,512,業務3處,M001,設備機台,家用義式咖啡機," $7,990 "," $2,540 ", 25 ," $199,750 "," $63,500 "," $128,756 ",無任何客訴
2020/12/8,直銷,會員回購,N,14,企業用戶,亞洲,158,業務1處,C003,配件耗材,過濾器, $500 , $460 , 5 ," $2,500 "," $2,300 ", $184 ,無任何客訴
2020/12/14,直銷,電銷業務,Y,106,餐廳,大洋洲,142,業務2處,C005,配件耗材,清潔劑, $400 , $50 , 9 ," $3,600 ", $450 ," $2,368 ",
2020/12/14,直銷,會員回購,N,1,企業用戶,亞洲,158,業務1處,M006,設備機台,咖啡杯保溫機," $7,500 "," $5,530 ", 19 ," $142,500 "," $105,070 "," $35,371 ",無任何客訴
2020/12/21,直銷,電銷業務,Y,150,飯店,歐洲,931,業務2處,C003,配件耗材,過濾器, $500 , $460 , 8 ," $4,000 "," $3,680 ", $277 ,無任何客訴
2020/12/21,直銷,會員回購,N,134,飯店,亞洲,258,業務1處,C001,配件耗材,濾紙, $120 , $30 , 982 ," $117,840 "," $29,460 "," $84,049 ",無任何客訴
2020/12/26,直銷,官網網站,Y,107,餐廳,大洋洲,931,業務2處,M006,設備機台,咖啡杯保溫機," $7,500 "," $5,530 ", 62 ," $465,000 "," $342,860 "," $112,490 ",無任何客訴
2020/12/26,直銷,會員回購,N,120,飯店,亞洲,258,業務1處,S001,售後服務,基本維修服務, $500 , $300 , 1 , $500 , $300 , $190 ,無任何客訴
2021/1/21,直銷,電銷業務,Y,18,企業用戶,亞洲,258,業務1處,C001,配件耗材,濾紙, $120 , $30 , 982 ," $117,840 "," $29,460 "," $78,746 ",
2021/1/21,直銷,會員回購,N,148,飯店,歐洲,931,業務2處,C004,配件耗材,壓力閥," $1,500 "," $1,200 ", 7 ," $10,500 "," $8,400 "," $1,722 ",
2021/1/21,直銷,實體參展,N,159,飯店,大洋洲,455,業務2處,M006,設備機台,咖啡杯保溫機," $7,500 "," $5,530 ", 96 ," $720,000 "," $530,880 "," $142,218 ",
2021/2/2,直銷,實體參展,Y,28,企業用戶,亞洲,345,業務1處,S001,售後服務,基本維修服務, $500 , $300 , 1 , $500 , $300 , $168 ,
2021/2/2,直銷,會員回購,N,32,企業用戶,美洲,455,業務2處,C004,配件耗材,壓力閥," $1,500 "," $1,200 ", 5 ," $7,500 "," $6,000 "," $1,263 ",無任何客訴
2021/2/2,直銷,會員回購,N,35,企業用戶,美洲,455,業務2處,S001,售後服務,基本維修服務, $500 , $300 , 1 , $500 , $300 , $189 ,無任何客訴
2021/2/5,直銷,實體參展,Y,12,企業用戶,亞洲,679,業務1處,F002,食品原料,咖啡膠囊, $260 , $150 ," 3,165 "," $822,900 "," $474,750 "," $301,846 ",
2021/2/5,直銷,會員回購,N,21,企業用戶,亞洲,345,業務1處,M004,設備機台,膠囊咖啡機," $2,990 ", $560 ," 1,607 "," $4,804,930 "," $899,920 "," $2,936,567 ",無任何客訴
2021/2/5,直銷,實體參展,N,8,企業用戶,亞洲,345,業務1處,M005,設備機台,咖啡研磨機," $3,675 ", $890 , 46 ," $169,050 "," $40,940 "," $121,832 ",
2021/2/7,直銷,官網網站,Y,4,企業用戶,亞洲,258,業務1處,C005,配件耗材,清潔劑, $400 , $50 , 8 ," $3,200 ", $400 ," $2,105 ",包裝破損
2021/2/7,經銷,合作經銷通路,Y,165,個人消費者,亞洲,512,業務3處,S003,售後服務,緊急維修服務," $3,000 "," $1,200 ", 1 ," $3,000 "," $1,200 "," $1,436 ",無任何客訴
2021/2/7,直銷,會員回購,N,57,企業用戶,大洋洲,931,業務2處,C004,配件耗材,壓力閥," $1,500 "," $1,200 ", 3 ," $4,500 "," $3,600 ", $828 ,無任何客訴
2021/2/7,直銷,會員回購,N,127,飯店,亞洲,679,業務1處,C002,配件耗材,密封圈, $300 , $170 , 17 ," $5,100 "," $2,890 "," $1,916 ",不正確的尺寸
2021/2/20,直銷,官網網站,Y,67,餐廳,亞洲,258,業務1處,S002,售後服務,進階維修服務," $1,000 ", $800 , 1 ," $1,000 ", $800 , $150 ,無任何客訴
2021/2/20,直銷,會員回購,N,114,飯店,亞洲,679,業務1處,C004,配件耗材,壓力閥," $1,500 "," $1,200 ", 4 ," $6,000 "," $4,800 ", $902 ,無任何客訴
2021/2/20,直銷,實體參展,N,101,餐廳,歐洲,455,業務2處,F002,食品原料,咖啡膠囊, $260 , $150 ," 1,901 "," $494,260 "," $285,150 "," $157,250 ",無任何客訴
2021/3/11,直銷,官網網站,Y,163,飯店,大洋洲,142,業務2處,S001,售後服務,基本維修服務, $500 , $300 , 1 , $500 , $300 , $178 ,
2021/3/11,經銷,合作經銷通路,Y,177,個人消費者,歐洲,512,業務3處,M004,設備機台,膠囊咖啡機," $2,990 ", $560 , 555 ," $1,659,450 "," $310,800 "," $1,274,474 ",無任何客訴
2021/3/11,直銷,會員回購,N,116,飯店,亞洲,158,業務1處,M002,設備機台,商用義式咖啡機," $26,180 "," $13,000 ", 84 ," $2,199,120 "," $1,092,000 "," $959,873 ",咖啡機停止運作
2021/3/11,直銷,會員回購,N,66,餐廳,亞洲,679,業務1處,C003,配件耗材,過濾器, $500 , $460 , 6 ," $3,000 "," $2,760 ", $202 ,無任何客訴
2021/3/13,直銷,實體參展,Y,79,餐廳,亞洲,679,業務1處,M004,設備機台,膠囊咖啡機," $2,990 ", $560 , 488 ," $1,459,120 "," $273,280 "," $998,477 ",
2021/3/13,直銷,會員回購,N,5,企業用戶,亞洲,345,業務1處,C004,配件耗材,壓力閥," $1,500 "," $1,200 ", 8 ," $12,000 "," $9,600 "," $1,994 ",無任何客訴
2021/3/13,直銷,會員回購,N,32,企業用戶,美洲,455,業務2處,C004,配件耗材,壓力閥," $1,500 "," $1,200 ", 9 ," $13,500 "," $10,800 "," $2,567 ",無任何客訴
2021/3/18,直銷,電銷業務,Y,11,企業用戶,亞洲,679,業務1處,C002,配件耗材,密封圈, $300 , $170 , 3 , $900 , $510 , $311 ,無任何客訴
2021/3/18,直銷,會員回購,N,55,企業用戶,大洋洲,931,業務2處,F003,食品原料,美式咖啡豆, $420 , $120 , 973 ," $408,660 "," $116,760 "," $245,779 ",無任何客訴
2021/3/18,直銷,電銷業務,N,77,餐廳,亞洲,258,業務1處,C005,配件耗材,清潔劑, $400 , $50 , 11 ," $4,400 ", $550 ," $3,199 ",無任何客訴
2021/3/27,直銷,官網網站,Y,136,飯店,美洲,142,業務2處,M003,設備機台,美式咖啡機," $3,990 "," $1,250 ", 25 ," $99,750 "," $31,250 "," $56,923 ",無任何客訴
2021/3/27,經銷,合作經銷通路,Y,173,個人消費者,亞洲,512,業務3處,M001,設備機台,家用義式咖啡機," $7,990 "," $2,540 ", 19 ," $151,810 "," $48,260 "," $92,263 ",無任何客訴
2021/3/27,直銷,會員回購,N,90,餐廳,美洲,142,業務2處,M002,設備機台,商用義式咖啡機," $26,180 "," $13,000 ", 97 ," $2,539,460 "," $1,261,000 "," $1,076,463 ",漏水
2021/3/27,直銷,會員回購,N,21,企業用戶,亞洲,345,業務1處,C005,配件耗材,清潔劑, $400 , $50 , 19 ," $7,600 ", $950 ," $5,925 ",包裝破損
2021/4/10,直銷,官網網站,Y,24,企業用戶,亞洲,345,業務1處,M001,設備機台,家用義式咖啡機," $7,990 "," $2,540 ", 29 ," $231,710 "," $73,660 "," $131,339 ",無任何客訴
2021/4/10,經銷,合作經銷通路,Y,168,個人消費者,亞洲,512,業務3處,M004,設備機台,膠囊咖啡機," $2,990 ", $560 ," 2,475 "," $7,400,250 "," $1,386,000 "," $5,539,124 ",無任何客訴
2021/4/10,直銷,會員回購,N,33,企業用戶,美洲,455,業務2處,S003,售後服務,緊急維修服務," $3,000 "," $1,200 ", 1 ," $3,000 "," $1,200 "," $1,711 ",無任何客訴
2021/4/10,直銷,官網網站,N,129,飯店,亞洲,158,業務1處,S001,售後服務,基本維修服務, $500 , $300 , 1 , $500 , $300 , $166 ,無任何客訴
2021/5/5,直銷,實體參展,Y,41,企業用戶,歐洲,931,業務2處,M003,設備機台,美式咖啡機," $3,990 "," $1,250 ", 71 ," $283,290 "," $88,750 "," $179,171 ",
2021/5/5,直銷,會員回購,N,115,飯店,亞洲,679,業務1處,C005,配件耗材,清潔劑, $400 , $50 , 14 ," $5,600 ", $700 ," $4,659 ",無任何客訴
2021/5/5,直銷,會員回購,N,57,企業用戶,大洋洲,931,業務2處,M001,設備機台,家用義式咖啡機," $7,990 "," $2,540 ", 19 ," $151,810 "," $48,260 "," $86,050 ",無法加熱水
2021/5/14,直銷,實體參展,Y,155,飯店,歐洲,455,業務2處,F001,食品原料,義式濃縮咖啡豆, $560 , $250 , 200 ," $112,000 "," $50,000 "," $52,204 ",
2021/5/14,直銷,會員回購,N,6,企業用戶,亞洲,679,業務1處,M005,設備機台,咖啡研磨機," $3,675 ", $890 , 99 ," $363,825 "," $88,110 "," $260,550 ",無任何客訴
2021/5/14,直銷,電銷業務,N,87,餐廳,美洲,455,業務2處,C003,配件耗材,過濾器, $500 , $460 , 1 , $500 , $460 , $36 ,無任何客訴
2021/6/27,直銷,電銷業務,Y,71,餐廳,亞洲,679,業務1處,C002,配件耗材,密封圈, $300 , $170 , 18 ," $5,400 "," $3,060 "," $2,225 ",
2021/6/27,直銷,會員回購,N,157,飯店,歐洲,142,業務2處,C002,配件耗材,密封圈, $300 , $170 , 14 ," $4,200 "," $2,380 "," $1,492 ",無任何客訴
2021/6/27,直銷,會員回購,N,114,飯店,亞洲,679,業務1處,F002,食品原料,咖啡膠囊, $260 , $150 , 943 ," $245,180 "," $141,450 "," $95,535 ",無任何客訴
2021/7/6,直銷,官網網站,Y,108,餐廳,大洋洲,931,業務2處,M003,設備機台,美式咖啡機," $3,990 "," $1,250 ", 18 ," $71,820 "," $22,500 "," $46,607 ",無任何客訴
2021/7/6,直銷,會員回購,N,27,企業用戶,亞洲,345,業務1處,S001,售後服務,基本維修服務, $500 , $300 , 1 , $500 , $300 , $168 ,
2021/7/6,直銷,官網網站,N,109,餐廳,大洋洲,931,業務2處,M001,設備機台,家用義式咖啡機," $7,990 "," $2,540 ", 39 ," $311,610 "," $99,060 "," $174,291 ",
2021/7/16,直銷,電銷業務,Y,58,企業用戶,大洋洲,931,業務2處,C002,配件耗材,密封圈, $300 , $170 , 14 ," $4,200 "," $2,380 "," $1,719 ",不正確的尺寸
2021/7/16,直銷,會員回購,N,143,飯店,美洲,142,業務2處,M004,設備機台,膠囊咖啡機," $2,990 ", $560 ," 2,579 "," $7,711,210 "," $1,444,240 "," $5,001,042 ",無任何客訴
2021/7/16,直銷,會員回購,N,116,飯店,亞洲,158,業務1處,C005,配件耗材,清潔劑, $400 , $50 , 9 ," $3,600 ", $450 ," $2,995 ",無任何客訴
2021/8/6,直銷,電銷業務,Y,151,飯店,歐洲,931,業務2處,C005,配件耗材,清潔劑, $400 , $50 , 2 , $800 , $100 , $574 ,無任何客訴
2021/8/6,經銷,合作經銷通路,Y,181,個人消費者,美洲,512,業務3處,C004,配件耗材,壓力閥," $1,500 "," $1,200 ", 12 ," $18,000 "," $14,400 "," $3,121 ",無任何客訴
2021/8/6,直銷,會員回購,N,128,飯店,亞洲,679,業務1處,F002,食品原料,咖啡膠囊, $260 , $150 ," 1,937 "," $503,620 "," $290,550 "," $184,731 ",無任何客訴
2021/8/6,直銷,官網網站,N,62,餐廳,亞洲,345,業務1處,C003,配件耗材,過濾器, $500 , $460 , 16 ," $8,000 "," $7,360 ", $510 ,無任何客訴
2021/8/7,直銷,官網網站,Y,149,飯店,歐洲,931,業務2處,M002,設備機台,商用義式咖啡機," $26,180 "," $13,000 ", 17 ," $445,060 "," $221,000 "," $194,260 ",咖啡機停止運作
2021/8/7,直銷,會員回購,N,14,企業用戶,亞洲,158,業務1處,C001,配件耗材,濾紙, $120 , $30 , 115 ," $13,800 "," $3,450 "," $8,973 ",包裝破損
2021/8/7,直銷,實體參展,N,98,餐廳,歐洲,455,業務2處,M006,設備機台,咖啡杯保溫機," $7,500 "," $5,530 ", 37 ," $277,500 "," $204,610 "," $64,944 ",
2021/8/15,直銷,實體參展,Y,137,飯店,美洲,931,業務2處,C004,配件耗材,壓力閥," $1,500 "," $1,200 ", 17 ," $25,500 "," $20,400 "," $4,850 ",
2021/8/15,經銷,合作經銷通路,Y,176,個人消費者,歐洲,512,業務3處,M005,設備機台,咖啡研磨機," $3,675 ", $890 , 45 ," $165,375 "," $40,050 "," $108,656 ",無任何客訴
2021/8/15,直銷,會員回購,N,1,企業用戶,亞洲,158,業務1處,M002,設備機台,商用義式咖啡機," $26,180 "," $13,000 ", 68 ," $1,780,240 "," $884,000 "," $673,972 ",無任何客訴
2021/8/15,直銷,實體參展,N,46,企業用戶,歐洲,455,業務2處,C001,配件耗材,濾紙, $120 , $30 , 982 ," $117,840 "," $29,460 "," $84,049 ",
2021/8/23,直銷,實體參展,Y,10,企業用戶,亞洲,345,業務1處,F001,食品原料,義式濃縮咖啡豆, $560 , $250 ," 2,434 "," $1,363,040 "," $608,500 "," $694,931 ",
2021/8/23,直銷,會員回購,N,134,飯店,亞洲,258,業務1處,C004,配件耗材,壓力閥," $1,500 "," $1,200 ", 14 ," $21,000 "," $16,800 "," $3,969 ",
2021/8/23,直銷,電銷業務,N,40,企業用戶,美洲,142,業務2處,S001,售後服務,基本維修服務, $500 , $300 , 1 , $500 , $300 , $178 ,無任何客訴
2021/8/30,直銷,電銷業務,Y,112,飯店,亞洲,679,業務1處,C003,配件耗材,過濾器, $500 , $460 , 1 , $500 , $460 , $31 ,
2021/8/30,直銷,會員回購,N,120,飯店,亞洲,258,業務1處,F002,食品原料,咖啡膠囊, $260 , $150 , 681 ," $177,060 "," $102,150 "," $66,744 ",無任何客訴
2021/8/30,直銷,官網網站,N,118,飯店,亞洲,158,業務1處,F002,食品原料,咖啡膠囊, $260 , $150 ," 3,165 "," $822,900 "," $474,750 "," $277,823 ",無任何客訴
2021/10/7,直銷,電銷業務,Y,68,餐廳,亞洲,345,業務1處,C001,配件耗材,濾紙, $120 , $30 ," 1,773 "," $212,760 "," $53,190 "," $151,751 ",無任何客訴
2021/10/7,直銷,會員回購,N,52,企業用戶,大洋洲,142,業務2處,F001,食品原料,義式濃縮咖啡豆, $560 , $250 ," 2,659 "," $1,489,040 "," $664,750 "," $783,899 ",無任何客訴
2021/10/7,直銷,電銷業務,N,110,餐廳,大洋洲,931,業務2處,C005,配件耗材,清潔劑, $400 , $50 , 8 ," $3,200 ", $400 ," $2,105 ",
2021/10/10,直銷,官網網站,Y,140,飯店,美洲,455,業務2處,F001,食品原料,義式濃縮咖啡豆, $560 , $250 ," 2,301 "," $1,288,560 "," $575,250 "," $569,221 ",發霉
2021/10/10,直銷,會員回購,N,64,餐廳,亞洲,258,業務1處,M001,設備機台,家用義式咖啡機," $7,990 "," $2,540 ", 43 ," $343,570 "," $109,220 "," $215,836 ",無任何客訴
2021/10/10,直銷,官網網站,N,69,餐廳,亞洲,345,業務1處,S003,售後服務,緊急維修服務," $3,000 "," $1,200 ", 1 ," $3,000 "," $1,200 "," $1,701 ",無任何客訴
2021/10/20,直銷,實體參展,Y,147,飯店,歐洲,931,業務2處,C004,配件耗材,壓力閥," $1,500 "," $1,200 ", 2 ," $3,000 "," $2,400 ", $552 ,
2021/10/20,直銷,會員回購,N,34,企業用戶,美洲,455,業務2處,S003,售後服務,緊急維修服務," $3,000 "," $1,200 ", 1 ," $3,000 "," $1,200 "," $1,495 ",無任何客訴
2021/10/20,直銷,電銷業務,N,82,餐廳,美洲,142,業務2處,S002,售後服務,進階維修服務," $1,000 ", $800 , 1 ," $1,000 ", $800 , $150 ,無任何客訴
2021/10/31,直銷,電銷業務,Y,105,餐廳,大洋洲,142,業務2處,C003,配件耗材,過濾器, $500 , $460 , 12 ," $6,000 "," $5,520 ", $404 ,
2021/10/31,經銷,合作經銷通路,Y,180,個人消費者,美洲,512,業務3處,S003,售後服務,緊急維修服務," $3,000 "," $1,200 ", 1 ," $3,000 "," $1,200 "," $1,515 ",無任何客訴
2021/10/31,經銷,會員回購,N,184,個人消費者,大洋洲,512,業務3處,C004,配件耗材,壓力閥," $1,500 "," $1,200 ", 13 ," $19,500 "," $15,600 "," $3,474 ",無任何客訴
2021/10/31,直銷,實體參展,N,138,飯店,美洲,455,業務2處,S001,售後服務,基本維修服務, $500 , $300 , 1 , $500 , $300 , $173 ,
2021/11/3,直銷,實體參展,Y,53,企業用戶,大洋洲,142,業務2處,C005,配件耗材,清潔劑, $400 , $50 , 19 ," $7,600 ", $950 ," $5,526 ",
2021/11/3,直銷,會員回購,N,95,餐廳,歐洲,931,業務2處,M003,設備機台,美式咖啡機," $3,990 "," $1,250 ", 20 ," $79,800 "," $25,000 "," $46,141 ",
2021/11/3,直銷,實體參展,N,89,餐廳,美洲,142,業務2處,M004,設備機台,膠囊咖啡機," $2,990 ", $560 , 555 ," $1,659,450 "," $310,800 "," $1,105,893 ",
2021/11/20,直銷,官網網站,Y,44,企業用戶,歐洲,931,業務2處,M002,設備機台,商用義式咖啡機," $26,180 "," $13,000 ", 87 ," $2,277,660 "," $1,131,000 "," $965,487 ",無任何客訴
2021/11/20,經銷,合作經銷通路,Y,166,個人消費者,亞洲,512,業務3處,M005,設備機台,咖啡研磨機," $3,675 ", $890 , 57 ," $209,475 "," $50,730 "," $141,441 ",無任何客訴
2021/11/20,直銷,實體參展,N,92,餐廳,美洲,142,業務2處,M002,設備機台,商用義式咖啡機," $26,180 "," $13,000 ", 65 ," $1,701,700 "," $845,000 "," $702,494 ",
2021/11/20,直銷,電銷業務,N,42,企業用戶,歐洲,931,業務2處,M004,設備機台,膠囊咖啡機," $2,990 ", $560 , 488 ," $1,459,120 "," $273,280 "," $998,477 ",無任何客訴
2021/11/30,直銷,電銷業務,Y,23,企業用戶,亞洲,258,業務1處,S003,售後服務,緊急維修服務," $3,000 "," $1,200 ", 1 ," $3,000 "," $1,200 "," $1,495 ",無任何客訴
2021/11/30,直銷,會員回購,N,31,企業用戶,美洲,931,業務2處,F001,食品原料,義式濃縮咖啡豆, $560 , $250 ," 1,987 "," $1,112,720 "," $496,750 "," $585,787 ",無任何客訴
2021/11/30,直銷,官網網站,N,37,企業用戶,美洲,142,業務2處,C002,配件耗材,密封圈, $300 , $170 , 3 , $900 , $510 , $347 ,
2021/12/3,直銷,電銷業務,Y,50,企業用戶,歐洲,455,業務2處,S001,售後服務,基本維修服務, $500 , $300 , 1 , $500 , $300 , $168 ,無任何客訴
2021/12/3,直銷,官網網站,N,130,飯店,亞洲,158,業務1處,M002,設備機台,商用義式咖啡機," $26,180 "," $13,000 ", 82 ," $2,146,760 "," $1,066,000 "," $937,018 ",無任何客訴
2021/12/3,直銷,電銷業務,N,80,餐廳,亞洲,258,業務1處,M003,設備機台,美式咖啡機," $3,990 "," $1,250 ", 15 ," $59,850 "," $18,750 "," $30,907 ",
2021/12/17,直銷,實體參展,Y,81,餐廳,美洲,455,業務2處,C002,配件耗材,密封圈, $300 , $170 , 2 , $600 , $340 , $247 ,
2021/12/17,經銷,會員回購,N,183,個人消費者,大洋洲,512,業務3處,M003,設備機台,美式咖啡機," $3,990 "," $1,250 ", 82 ," $327,180 "," $102,500 "," $212,322 ",無任何客訴
2021/12/17,直銷,實體參展,N,84,餐廳,美洲,455,業務2處,M001,設備機台,家用義式咖啡機," $7,990 "," $2,540 ", 19 ," $151,810 "," $48,260 "," $82,632 ",
2021/12/23,直銷,電銷業務,Y,133,飯店,亞洲,258,業務1處,S003,售後服務,緊急維修服務," $3,000 "," $1,200 ", 1 ," $3,000 "," $1,200 "," $1,560 ",
2021/12/23,直銷,電銷業務,N,43,企業用戶,歐洲,931,業務2處,M005,設備機台,咖啡研磨機," $3,675 ", $890 , 28 ," $102,900 "," $24,920 "," $69,480 ",
2021/12/23,直銷,實體參展,N,38,企業用戶,美洲,142,業務2處,M001,設備機台,家用義式咖啡機," $7,990 "," $2,540 ", 47 ," $375,530 "," $119,380 "," $235,914 ",
2021/12/29,直銷,電銷業務,Y,51,企業用戶,歐洲,142,業務2處,M002,設備機台,商用義式咖啡機," $26,180 "," $13,000 ", 10 ," $261,800 "," $130,000 "," $114,270 ",無任何客訴
2021/12/29,直銷,會員回購,N,60,企業用戶,大洋洲,931,業務2處,S003,售後服務,緊急維修服務," $3,000 "," $1,200 ", 1 ," $3,000 "," $1,200 "," $1,711 ",無任何客訴
2022/1/3,直銷,實體參展,Y,100,餐廳,歐洲,455,業務2處,M005,設備機台,咖啡研磨機," $3,675 ", $890 , 15 ," $55,125 "," $13,350 "," $39,728 ",
2022/1/3,直銷,會員回購,N,116,飯店,亞洲,158,業務1處,C001,配件耗材,濾紙, $120 , $30 , 546 ," $65,520 "," $16,380 "," $36,953 ",無任何客訴
2022/1/3,直銷,會員回購,N,110,餐廳,大洋洲,931,業務2處,C003,配件耗材,過濾器, $500 , $460 , 5 ," $2,500 "," $2,300 ", $164 ,無任何客訴
2022/1/3,直銷,會員回購,N,157,飯店,歐洲,142,業務2處,S001,售後服務,基本維修服務, $500 , $300 , 1 , $500 , $300 , $164 ,無任何客訴
2022/1/3,經銷,會員回購,N,168,個人消費者,亞洲,512,業務3處,S002,售後服務,進階維修服務," $1,000 ", $800 , 1 ," $1,000 ", $800 , $166 ,無任何客訴
2022/1/17,直銷,實體參展,Y,135,飯店,美洲,455,業務2處,M005,設備機台,咖啡研磨機," $3,675 ", $890 , 27 ," $99,225 "," $24,030 "," $61,659 ",
2022/1/17,直銷,會員回購,N,5,企業用戶,亞洲,345,業務1處,C004,配件耗材,壓力閥," $1,500 "," $1,200 ", 6 ," $9,000 "," $7,200 "," $1,701 ",無任何客訴
2022/1/17,直銷,會員回購,N,30,企業用戶,美洲,142,業務2處,C002,配件耗材,密封圈, $300 , $170 , 1 , $300 , $170 , $108 ,無任何客訴
2022/1/17,直銷,會員回購,N,113,飯店,亞洲,345,業務1處,C005,配件耗材,清潔劑, $400 , $50 , 5 ," $2,000 ", $250 ," $1,316 ",無任何客訴
2022/1/17,直銷,會員回購,N,33,企業用戶,美洲,455,業務2處,S003,售後服務,緊急維修服務," $3,000 "," $1,200 ", 1 ," $3,000 "," $1,200 "," $1,436 ",無任何客訴
2022/1/24,直銷,電銷業務,Y,15,企業用戶,亞洲,158,業務1處,M005,設備機台,咖啡研磨機," $3,675 ", $890 , 36 ," $132,300 "," $32,040 "," $86,925 ",
2022/1/24,直銷,會員回購,N,55,企業用戶,大洋洲,931,業務2處,M006,設備機台,咖啡杯保溫機," $7,500 "," $5,530 ", 44 ," $330,000 "," $243,320 "," $81,912 ",咖啡機停止運作
2022/1/24,直銷,會員回購,N,69,餐廳,亞洲,345,業務1處,C002,配件耗材,密封圈, $300 , $170 , 3 , $900 , $510 , $338 ,無任何客訴
2022/1/24,經銷,會員回購,N,174,個人消費者,亞洲,512,業務3處,M003,設備機台,美式咖啡機," $3,990 "," $1,250 ", 57 ," $227,430 "," $71,250 "," $135,408 ",無任何客訴
2022/1/24,直銷,會員回購,N,129,飯店,亞洲,158,業務1處,M005,設備機台,咖啡研磨機," $3,675 ", $890 , 36 ," $132,300 "," $32,040 "," $84,418 ",無任何客訴
2022/1/30,直銷,電銷業務,Y,72,餐廳,亞洲,679,業務1處,F002,食品原料,咖啡膠囊, $260 , $150 , 807 ," $209,820 "," $121,050 "," $66,755 ",
2022/1/30,直銷,會員回購,N,90,餐廳,美洲,142,業務2處,S001,售後服務,基本維修服務, $500 , $300 , 1 , $500 , $300 , $150 ,無任何客訴
2022/1/30,直銷,會員回購,N,156,飯店,歐洲,455,業務2處,F002,食品原料,咖啡膠囊, $260 , $150 , 943 ," $245,180 "," $141,450 "," $92,423 ",無任何客訴
2022/1/30,直銷,會員回購,N,27,企業用戶,亞洲,345,業務1處,M004,設備機台,膠囊咖啡機," $2,990 ", $560 , 555 ," $1,659,450 "," $310,800 "," $1,242,106 ",無任何客訴
2022/1/30,直銷,會員回購,N,41,企業用戶,歐洲,931,業務2處,M003,設備機台,美式咖啡機," $3,990 "," $1,250 ", 36 ," $143,640 "," $45,000 "," $74,177 ",無任何客訴
2022/2/10,直銷,電銷業務,Y,48,企業用戶,歐洲,455,業務2處,M003,設備機台,美式咖啡機," $3,990 "," $1,250 ", 36 ," $143,640 "," $45,000 "," $83,054 ",無任何客訴
2022/2/10,直銷,會員回購,N,33,企業用戶,美洲,455,業務2處,C004,配件耗材,壓力閥," $1,500 "," $1,200 ", 7 ," $10,500 "," $8,400 "," $1,768 ",無任何客訴
2022/2/10,直銷,會員回購,N,82,餐廳,美洲,142,業務2處,M003,設備機台,美式咖啡機," $3,990 "," $1,250 ", 25 ," $99,750 "," $31,250 "," $56,923 ",無任何客訴
2022/2/10,直銷,會員回購,N,74,餐廳,亞洲,158,業務1處,M002,設備機台,商用義式咖啡機," $26,180 "," $13,000 ", 25 ," $654,500 "," $325,000 "," $247,784 ",
2022/2/10,直銷,會員回購,N,115,飯店,亞洲,679,業務1處,M004,設備機台,膠囊咖啡機," $2,990 ", $560 ," 2,475 "," $7,400,250 "," $1,386,000 "," $5,214,354 ",無任何客訴
2022/2/15,直銷,官網網站,Y,97,餐廳,歐洲,931,業務2處,F002,食品原料,咖啡膠囊, $260 , $150 ," 2,993 "," $778,180 "," $448,950 "," $293,343 ",無任何客訴
2022/2/15,直銷,會員回購,N,115,飯店,亞洲,679,業務1處,S001,售後服務,基本維修服務, $500 , $300 , 1 , $500 , $300 , $150 ,無任何客訴
2022/2/15,直銷,會員回購,N,99,餐廳,歐洲,455,業務2處,S001,售後服務,基本維修服務, $500 , $300 , 1 , $500 , $300 , $159 ,無任何客訴
2022/2/15,直銷,會員回購,N,143,飯店,美洲,142,業務2處,M005,設備機台,咖啡研磨機," $3,675 ", $890 , 71 ," $260,925 "," $63,190 "," $148,696 ",無法加熱水
2022/2/15,直銷,會員回購,N,57,企業用戶,大洋洲,931,業務2處,F002,食品原料,咖啡膠囊, $260 , $150 , 980 ," $254,800 "," $147,000 "," $90,767 ",無任何客訴
2022/2/24,直銷,電銷業務,Y,122,飯店,亞洲,679,業務1處,M002,設備機台,商用義式咖啡機," $26,180 "," $13,000 ", 65 ," $1,701,700 "," $845,000 "," $763,319 ",無任何客訴
2022/2/24,直銷,會員回購,N,6,企業用戶,亞洲,679,業務1處,F002,食品原料,咖啡膠囊, $260 , $150 ," 3,165 "," $822,900 "," $474,750 "," $320,646 ",無任何客訴
2022/2/24,直銷,會員回購,N,138,飯店,美洲,455,業務2處,M001,設備機台,家用義式咖啡機," $7,990 "," $2,540 ", 54 ," $431,460 "," $137,160 "," $255,158 ",無任何客訴
2022/2/24,直銷,會員回購,N,45,企業用戶,歐洲,931,業務2處,M002,設備機台,商用義式咖啡機," $26,180 "," $13,000 ", 72 ," $1,884,960 "," $936,000 "," $778,147 ",無任何客訴
2022/3/2,直銷,電銷業務,Y,131,飯店,亞洲,158,業務1處,C002,配件耗材,密封圈, $300 , $170 , 3 , $900 , $510 , $328 ,
2022/3/2,直銷,會員回購,N,157,飯店,歐洲,142,業務2處,M004,設備機台,膠囊咖啡機," $2,990 ", $560 ," 1,607 "," $4,804,930 "," $899,920 "," $3,202,108 ",無任何客訴
2022/3/2,直銷,會員回購,N,121,飯店,亞洲,258,業務1處,C002,配件耗材,密封圈, $300 , $170 , 2 , $600 , $340 , $207 ,無任何客訴
2022/3/2,直銷,會員回購,N,128,飯店,亞洲,679,業務1處,M004,設備機台,膠囊咖啡機," $2,990 ", $560 , 488 ," $1,459,120 "," $273,280 "," $985,433 ",無任何客訴
2022/3/9,直銷,電銷業務,Y,59,企業用戶,大洋洲,142,業務2處,F002,食品原料,咖啡膠囊, $260 , $150 , 263 ," $68,380 "," $39,450 "," $26,644 ",無任何客訴
2022/3/9,直銷,會員回購,N,27,企業用戶,亞洲,345,業務1處,M005,設備機台,咖啡研磨機," $3,675 ", $890 , 18 ," $66,150 "," $16,020 "," $44,665 ",無任何客訴
2022/3/9,直銷,會員回購,N,89,餐廳,美洲,142,業務2處,M004,設備機台,膠囊咖啡機," $2,990 ", $560 ," 2,579 "," $7,711,210 "," $1,444,240 "," $4,712,761 ",無任何客訴
2022/3/9,直銷,會員回購,N,119,飯店,亞洲,258,業務1處,S003,售後服務,緊急維修服務," $3,000 "," $1,200 ", 1 ," $3,000 "," $1,200 "," $1,495 ",無任何客訴
2022/3/20,直銷,官網網站,Y,104,餐廳,大洋洲,142,業務2處,M002,設備機台,商用義式咖啡機," $26,180 "," $13,000 ", 88 ," $2,303,840 "," $1,144,000 "," $1,033,417 ",咖啡機停止運作
2022/3/20,直銷,會員回購,N,143,飯店,美洲,142,業務2處,C005,配件耗材,清潔劑, $400 , $50 , 8 ," $3,200 ", $400 ," $2,494 ",無任何客訴
2022/3/20,直銷,會員回購,N,125,飯店,亞洲,679,業務1處,C005,配件耗材,清潔劑, $400 , $50 , 9 ," $3,600 ", $450 ," $2,806 ",無任何客訴
2022/3/20,經銷,會員回購,N,170,個人消費者,亞洲,512,業務3處,F001,食品原料,義式濃縮咖啡豆, $560 , $250 ," 1,987 "," $1,112,720 "," $496,750 "," $463,209 ",無任何客訴
2022/3/26,直銷,電銷業務,Y,26,企業用戶,亞洲,258,業務1處,M003,設備機台,美式咖啡機," $3,990 "," $1,250 ", 92 ," $367,080 "," $115,000 "," $206,705 ",無任何客訴
2022/3/26,經銷,合作經銷通路,Y,169,個人消費者,亞洲,512,業務3處,F002,食品原料,咖啡膠囊, $260 , $150 , 980 ," $254,800 "," $147,000 "," $81,065 ",無任何客訴
2022/3/26,直銷,會員回購,N,128,飯店,亞洲,679,業務1處,S003,售後服務,緊急維修服務," $3,000 "," $1,200 ", 1 ," $3,000 "," $1,200 "," $1,436 ",無任何客訴
2022/3/26,直銷,會員回購,N,42,企業用戶,歐洲,931,業務2處,C005,配件耗材,清潔劑, $400 , $50 , 2 , $800 , $100 , $558 ,
2022/3/26,直銷,會員回購,N,14,企業用戶,亞洲,158,業務1處,C002,配件耗材,密封圈, $300 , $170 , 3 , $900 , $510 , $359 ,包裝破損
2022/4/2,直銷,官網網站,Y,56,企業用戶,大洋洲,931,業務2處,S002,售後服務,進階維修服務," $1,000 ", $800 , 1 ," $1,000 ", $800 , $190 ,無任何客訴
2022/4/2,直銷,會員回購,N,14,企業用戶,亞洲,158,業務1處,C004,配件耗材,壓力閥," $1,500 "," $1,200 ", 2 ," $3,000 "," $2,400 ", $520 ,無任何客訴
2022/4/2,直銷,會員回購,N,124,飯店,亞洲,345,業務1處,C004,配件耗材,壓力閥," $1,500 "," $1,200 ", 10 ," $15,000 "," $12,000 "," $2,394 ",無任何客訴
2022/4/2,直銷,會員回購,N,106,餐廳,大洋洲,142,業務2處,S001,售後服務,基本維修服務, $500 , $300 , 1 , $500 , $300 , $178 ,無任何客訴
2022/4/6,直銷,實體參展,Y,94,餐廳,歐洲,931,業務2處,S002,售後服務,進階維修服務," $1,000 ", $800 , 1 ," $1,000 ", $800 , $189 ,
2022/4/6,直銷,會員回購,N,1,企業用戶,亞洲,158,業務1處,C002,配件耗材,密封圈, $300 , $170 , 17 ," $5,100 "," $2,890 "," $2,101 ",
2022/4/6,直銷,會員回購,N,37,企業用戶,美洲,142,業務2處,F002,食品原料,咖啡膠囊, $260 , $150 ," 1,937 "," $503,620 "," $290,550 "," $189,845 ",無任何客訴
2022/4/6,直銷,會員回購,N,1,企業用戶,亞洲,158,業務1處,M002,設備機台,商用義式咖啡機," $26,180 "," $13,000 ", 30 ," $785,400 "," $390,000 "," $332,926 ",無任何客訴
2022/4/17,直銷,電銷業務,Y,153,飯店,歐洲,455,業務2處,F003,食品原料,美式咖啡豆, $420 , $120 ," 2,661 "," $1,117,620 "," $319,320 "," $754,393 ",無任何客訴
2022/4/17,直銷,會員回購,N,134,飯店,亞洲,258,業務1處,S002,售後服務,進階維修服務," $1,000 ", $800 , 1 ," $1,000 ", $800 , $166 ,無任何客訴
2022/4/17,直銷,會員回購,N,29,企業用戶,美洲,455,業務2處,C003,配件耗材,過濾器, $500 , $460 , 15 ," $7,500 "," $6,900 ", $534 ,無任何客訴
2022/4/17,直銷,會員回購,N,150,飯店,歐洲,931,業務2處,M003,設備機台,美式咖啡機," $3,990 "," $1,250 ", 46 ," $183,540 "," $57,500 "," $106,125 ",無任何客訴
2022/4/23,直銷,實體參展,Y,16,企業用戶,亞洲,258,業務1處,M003,設備機台,美式咖啡機," $3,990 "," $1,250 ", 79 ," $315,210 "," $98,750 "," $199,359 ",
2022/4/23,經銷,合作經銷通路,Y,175,個人消費者,歐洲,512,業務3處,C003,配件耗材,過濾器, $500 , $460 , 12 ," $6,000 "," $5,520 ", $360 ,無任何客訴
2022/4/23,直銷,會員回購,N,120,飯店,亞洲,258,業務1處,C004,配件耗材,壓力閥," $1,500 "," $1,200 ", 1 ," $1,500 "," $1,200 ", $246 ,無任何客訴
2022/4/23,直銷,會員回購,N,80,餐廳,亞洲,258,業務1處,M002,設備機台,商用義式咖啡機," $26,180 "," $13,000 ", 72 ," $1,884,960 "," $936,000 "," $845,523 ",無任何客訴
2022/4/23,直銷,會員回購,N,134,飯店,亞洲,258,業務1處,C002,配件耗材,密封圈, $300 , $170 , 2 , $600 , $340 , $218 ,包裝破損
2022/5/13,直銷,實體參展,Y,154,飯店,歐洲,455,業務2處,S002,售後服務,進階維修服務," $1,000 ", $800 , 1 ," $1,000 ", $800 , $168 ,無任何客訴
2022/5/13,直銷,會員回購,N,52,企業用戶,大洋洲,142,業務2處,F002,食品原料,咖啡膠囊, $260 , $150 ," 1,901 "," $494,260 "," $285,150 "," $173,770 ",無任何客訴
2022/5/13,直銷,會員回購,N,61,餐廳,亞洲,158,業務1處,C001,配件耗材,濾紙, $120 , $30 , 115 ," $13,800 "," $3,450 "," $8,487 ",無任何客訴
2022/5/13,直銷,會員回購,N,107,餐廳,大洋洲,931,業務2處,M003,設備機台,美式咖啡機," $3,990 "," $1,250 ", 5 ," $19,950 "," $6,250 "," $11,535 ",無任何客訴
2022/5/27,直銷,官網網站,Y,158,飯店,大洋洲,931,業務2處,S003,售後服務,緊急維修服務," $3,000 "," $1,200 ", 1 ," $3,000 "," $1,200 "," $1,711 ",
2022/5/27,直銷,會員回購,N,64,餐廳,亞洲,258,業務1處,S001,售後服務,基本維修服務, $500 , $300 , 1 , $500 , $300 , $164 ,無任何客訴
2022/5/27,直銷,會員回購,N,52,企業用戶,大洋洲,142,業務2處,M006,設備機台,咖啡杯保溫機," $7,500 "," $5,530 ", 67 ," $502,500 "," $370,510 "," $117,603 ",無任何客訴
2022/5/27,直銷,會員回購,N,120,飯店,亞洲,258,業務1處,M001,設備機台,家用義式咖啡機," $7,990 "," $2,540 ", 94 ," $751,060 "," $238,760 "," $487,197 ",無任何客訴
2022/5/30,直銷,實體參展,Y,145,飯店,美洲,142,業務2處,M005,設備機台,咖啡研磨機," $3,675 ", $890 , 59 ," $216,825 "," $52,510 "," $138,353 ",
2022/5/30,直銷,會員回購,N,34,企業用戶,美洲,455,業務2處,M004,設備機台,膠囊咖啡機," $2,990 ", $560 , 555 ," $1,659,450 "," $310,800 "," $1,014,184 ",無任何客訴
2022/5/30,直銷,會員回購,N,84,餐廳,美洲,455,業務2處,C004,配件耗材,壓力閥," $1,500 "," $1,200 ", 14 ," $21,000 "," $16,800 "," $3,351 ",無任何客訴
2022/5/30,直銷,會員回購,N,18,企業用戶,亞洲,258,業務1處,S003,售後服務,緊急維修服務," $3,000 "," $1,200 ", 1 ," $3,000 "," $1,200 "," $1,476 ",無任何客訴
2022/6/4,直銷,實體參展,Y,86,餐廳,美洲,455,業務2處,M003,設備機台,美式咖啡機," $3,990 "," $1,250 ", 79 ," $315,210 "," $98,750 "," $179,878 ",
2022/6/4,經銷,會員回購,N,184,個人消費者,大洋洲,512,業務3處,M002,設備機台,商用義式咖啡機," $26,180 "," $13,000 ", 11 ," $287,980 "," $143,000 "," $118,883 ",咖啡機停止運作
2022/6/4,經銷,會員回購,N,179,個人消費者,美洲,512,業務3處,M005,設備機台,咖啡研磨機," $3,675 ", $890 , 37 ," $135,975 "," $32,930 "," $94,904 ",無任何客訴
2022/6/4,直銷,會員回購,N,148,飯店,歐洲,931,業務2處,M005,設備機台,咖啡研磨機," $3,675 ", $890 , 89 ," $327,075 "," $79,210 "," $205,975 ",無任何客訴
2022/6/11,直銷,實體參展,Y,139,飯店,美洲,455,業務2處,M004,設備機台,膠囊咖啡機," $2,990 ", $560 ," 2,475 "," $7,400,250 "," $1,386,000 "," $5,719,551 ",無任何客訴
2022/6/11,直銷,會員回購,N,95,餐廳,歐洲,931,業務2處,C003,配件耗材,過濾器, $500 , $460 , 15 ," $7,500 "," $6,900 ", $534 ,
2022/6/11,直銷,會員回購,N,43,企業用戶,歐洲,931,業務2處,M002,設備機台,商用義式咖啡機," $26,180 "," $13,000 ", 3 ," $78,540 "," $39,000 "," $32,857 ",無任何客訴
2022/6/11,直銷,會員回購,N,159,飯店,大洋洲,455,業務2處,M001,設備機台,家用義式咖啡機," $7,990 "," $2,540 ", 58 ," $463,420 "," $147,320 "," $281,645 ",無法加熱水
2022/6/25,直銷,實體參展,Y,132,飯店,亞洲,258,業務1處,F002,食品原料,咖啡膠囊, $260 , $150 , 980 ," $254,800 "," $147,000 "," $89,581 ",
2022/6/25,直銷,會員回購,N,92,餐廳,美洲,142,業務2處,M004,設備機台,膠囊咖啡機," $2,990 ", $560 , 488 ," $1,459,120 "," $273,280 "," $1,028,123 ",無任何客訴
2022/6/25,直銷,會員回購,N,88,餐廳,美洲,455,業務2處,C001,配件耗材,濾紙, $120 , $30 , 982 ," $117,840 "," $29,460 "," $72,471 ",
2022/6/25,直銷,會員回購,N,28,企業用戶,亞洲,345,業務1處,M002,設備機台,商用義式咖啡機," $26,180 "," $13,000 ", 12 ," $314,160 "," $156,000 "," $145,665 ",咖啡機停止運作
2022/7/3,直銷,官網網站,Y,39,企業用戶,美洲,142,業務2處,M001,設備機台,家用義式咖啡機," $7,990 "," $2,540 ", 16 ," $127,840 "," $40,640 "," $73,422 ",無任何客訴
2022/7/3,直銷,會員回購,N,31,企業用戶,美洲,931,業務2處,C004,配件耗材,壓力閥," $1,500 "," $1,200 ", 12 ," $18,000 "," $14,400 "," $2,707 ",
2022/7/3,直銷,會員回購,N,5,企業用戶,亞洲,345,業務1處,F001,食品原料,義式濃縮咖啡豆, $560 , $250 ," 2,434 "," $1,363,040 "," $608,500 "," $602,122 ",
2022/7/3,直銷,會員回購,N,32,企業用戶,美洲,455,業務2處,S003,售後服務,緊急維修服務," $3,000 "," $1,200 ", 1 ," $3,000 "," $1,200 "," $1,476 ",無任何客訴
2022/7/10,直銷,實體參展,Y,65,餐廳,亞洲,345,業務1處,M006,設備機台,咖啡杯保溫機," $7,500 "," $5,530 ", 12 ," $90,000 "," $66,360 "," $18,864 ",
2022/7/10,直銷,會員回購,N,130,飯店,亞洲,158,業務1處,C004,配件耗材,壓力閥," $1,500 "," $1,200 ", 3 ," $4,500 "," $3,600 ", $757 ,
2022/7/10,直銷,會員回購,N,60,企業用戶,大洋洲,931,業務2處,C004,配件耗材,壓力閥," $1,500 "," $1,200 ", 4 ," $6,000 "," $4,800 ", $997 ,
2022/7/10,直銷,會員回購,N,35,企業用戶,美洲,455,業務2處,M005,設備機台,咖啡研磨機," $3,675 ", $890 , 16 ," $58,800 "," $14,240 "," $37,519 ",
2022/7/13,直銷,電銷業務,Y,20,企業用戶,亞洲,158,業務1處,F001,食品原料,義式濃縮咖啡豆, $560 , $250 ," 1,987 "," $1,112,720 "," $496,750 "," $534,045 ",
2022/7/13,經銷,會員回購,N,182,個人消費者,美洲,512,業務3處,C002,配件耗材,密封圈, $300 , $170 , 3 , $900 , $510 , $319 ,無任何客訴
2022/7/13,直銷,會員回購,N,101,餐廳,歐洲,455,業務2處,S001,售後服務,基本維修服務, $500 , $300 , 1 , $500 , $300 , $184 ,
2022/7/13,直銷,會員回購,N,12,企業用戶,亞洲,679,業務1處,M005,設備機台,咖啡研磨機," $3,675 ", $890 , 78 ," $286,650 "," $69,420 "," $173,349 ",
2022/7/21,直銷,實體參展,Y,144,飯店,美洲,142,業務2處,M001,設備機台,家用義式咖啡機," $7,990 "," $2,540 ", 98 ," $783,020 "," $248,920 "," $437,962 ",
2022/7/21,直銷,會員回購,N,32,企業用戶,美洲,455,業務2處,F003,食品原料,美式咖啡豆, $420 , $120 , 973 ," $408,660 "," $116,760 "," $268,839 ",無任何客訴
2022/7/21,直銷,會員回購,N,75,餐廳,亞洲,158,業務1處,C003,配件耗材,過濾器, $500 , $460 , 5 ," $2,500 "," $2,300 ", $190 ,
2022/7/21,直銷,會員回購,N,21,企業用戶,亞洲,345,業務1處,M005,設備機台,咖啡研磨機," $3,675 ", $890 , 5 ," $18,375 "," $4,450 "," $12,072 ",
2022/7/31,直銷,官網網站,Y,103,餐廳,歐洲,142,業務2處,S001,售後服務,基本維修服務, $500 , $300 , 1 , $500 , $300 , $189 ,
2022/7/31,直銷,會員回購,N,77,餐廳,亞洲,258,業務1處,C005,配件耗材,清潔劑, $400 , $50 , 11 ," $4,400 ", $550 ," $3,199 ",
2022/7/31,直銷,會員回購,N,55,企業用戶,大洋洲,931,業務2處,F002,食品原料,咖啡膠囊, $260 , $150 , 681 ," $177,060 "," $102,150 "," $66,744 ",
2022/7/31,直銷,會員回購,N,8,企業用戶,亞洲,345,業務1處,F002,食品原料,咖啡膠囊, $260 , $150 , 807 ," $209,820 "," $121,050 "," $66,755 ",
2022/8/8,直銷,電銷業務,Y,123,飯店,亞洲,258,業務1處,C003,配件耗材,過濾器, $500 , $460 , 7 ," $3,500 "," $3,220 ", $229 ,
2022/8/8,直銷,會員回購,N,21,企業用戶,亞洲,345,業務1處,M003,設備機台,美式咖啡機," $3,990 "," $1,250 ", 34 ," $135,660 "," $42,500 "," $77,415 ",
2022/8/8,直銷,會員回購,N,159,飯店,大洋洲,455,業務2處,F002,食品原料,咖啡膠囊, $260 , $150 ," 3,165 "," $822,900 "," $474,750 "," $329,001 ",
2022/8/8,直銷,會員回購,N,4,企業用戶,亞洲,258,業務1處,M003,設備機台,美式咖啡機," $3,990 "," $1,250 ", 2 ," $7,980 "," $2,500 "," $4,373 ",
2022/8/22,直銷,電銷業務,Y,160,飯店,大洋洲,455,業務2處,M005,設備機台,咖啡研磨機," $3,675 ", $890 , 8 ," $29,400 "," $7,120 "," $21,188 ",
2022/8/22,直銷,會員回購,N,129,飯店,亞洲,158,業務1處,M001,設備機台,家用義式咖啡機," $7,990 "," $2,540 ", 22 ," $175,780 "," $55,880 "," $113,305 ",
2022/8/22,直銷,會員回購,N,141,飯店,美洲,455,業務2處,C001,配件耗材,濾紙, $120 , $30 , 175 ," $21,000 "," $5,250 "," $14,505 ",
2022/8/22,經銷,會員回購,N,165,個人消費者,亞洲,512,業務3處,F002,食品原料,咖啡膠囊, $260 , $150 ," 2,993 "," $778,180 "," $448,950 "," $262,725 ",無任何客訴
2022/9/6,直銷,電銷業務,Y,19,企業用戶,亞洲,679,業務1處,M004,設備機台,膠囊咖啡機," $2,990 ", $560 , 555 ," $1,659,450 "," $310,800 "," $1,076,222 ",
2022/9/6,直銷,會員回購,N,57,企業用戶,大洋洲,931,業務2處,M002,設備機台,商用義式咖啡機," $26,180 "," $13,000 ", 16 ," $418,880 "," $208,000 "," $158,581 ",
2022/9/6,直銷,會員回購,N,90,餐廳,美洲,142,業務2處,F001,食品原料,義式濃縮咖啡豆, $560 , $250 ," 2,659 "," $1,489,040 "," $664,750 "," $657,783 ",
2022/9/6,直銷,會員回購,N,57,企業用戶,大洋洲,931,業務2處,M002,設備機台,商用義式咖啡機," $26,180 "," $13,000 ", 5 ," $130,900 "," $65,000 "," $62,275 ",
2022/9/15,直銷,電銷業務,Y,36,企業用戶,美洲,455,業務2處,C002,配件耗材,密封圈, $300 , $170 , 1 , $300 , $170 , $103 ,
2022/9/15,直銷,會員回購,N,87,餐廳,美洲,455,業務2處,C005,配件耗材,清潔劑, $400 , $50 , 1 , $400 , $50 , $330 ,無任何客訴
2022/9/15,直銷,會員回購,N,35,企業用戶,美洲,455,業務2處,C005,配件耗材,清潔劑, $400 , $50 , 8 ," $3,200 ", $400 ," $2,578 ",
2022/9/15,直銷,會員回購,N,127,飯店,亞洲,679,業務1處,C002,配件耗材,密封圈, $300 , $170 , 3 , $900 , $510 , $311 ,
2022/9/24,直銷,電銷業務,Y,142,飯店,美洲,455,業務2處,F002,食品原料,咖啡膠囊, $260 , $150 ," 1,645 "," $427,700 "," $246,750 "," $156,883 ",
2022/9/24,直銷,會員回購,N,114,飯店,亞洲,679,業務1處,M001,設備機台,家用義式咖啡機," $7,990 "," $2,540 ", 83 ," $663,170 "," $210,820 "," $370,927 ",
2022/9/24,直銷,會員回購,N,22,企業用戶,亞洲,679,業務1處,F001,食品原料,義式濃縮咖啡豆, $560 , $250 ," 2,301 "," $1,288,560 "," $575,250 "," $584,914 ",
2022/9/24,直銷,會員回購,N,67,餐廳,亞洲,258,業務1處,F002,食品原料,咖啡膠囊, $260 , $150 , 263 ," $68,380 "," $39,450 "," $23,722 ",
2022/10/9,直銷,官網網站,Y,73,餐廳,亞洲,158,業務1處,S003,售後服務,緊急維修服務," $3,000 "," $1,200 ", 1 ," $3,000 "," $1,200 "," $1,711 ",
2022/10/9,直銷,會員回購,N,109,餐廳,大洋洲,931,業務2處,M004,設備機台,膠囊咖啡機," $2,990 ", $560 ," 2,475 "," $7,400,250 "," $1,386,000 "," $5,214,354 ",
2022/10/9,直銷,會員回購,N,33,企業用戶,美洲,455,業務2處,M001,設備機台,家用義式咖啡機," $7,990 "," $2,540 ", 32 ," $255,680 "," $81,280 "," $151,204 ",
2022/10/9,直銷,會員回購,N,114,飯店,亞洲,679,業務1處,M002,設備機台,商用義式咖啡機," $26,180 "," $13,000 ", 56 ," $1,466,080 "," $728,000 "," $679,771 ",
2022/10/15,直銷,電銷業務,Y,17,企業用戶,亞洲,258,業務1處,C004,配件耗材,壓力閥," $1,500 "," $1,200 ", 8 ," $12,000 "," $9,600 "," $1,968 ",
2022/10/15,直銷,會員回購,N,116,飯店,亞洲,158,業務1處,S003,售後服務,緊急維修服務," $3,000 "," $1,200 ", 1 ," $3,000 "," $1,200 "," $1,495 ",無任何客訴
2022/10/15,直銷,會員回購,N,8,企業用戶,亞洲,345,業務1處,S003,售後服務,緊急維修服務," $3,000 "," $1,200 ", 1 ," $3,000 "," $1,200 "," $1,495 ",
2022/10/15,直銷,會員回購,N,101,餐廳,歐洲,455,業務2處,M003,設備機台,美式咖啡機," $3,990 "," $1,250 ", 12 ," $47,880 "," $15,000 "," $30,282 ",
2022/11/6,直銷,電銷業務,Y,102,餐廳,歐洲,455,業務2處,C004,配件耗材,壓力閥," $1,500 "," $1,200 ", 11 ," $16,500 "," $13,200 "," $2,742 ",
2022/11/6,直銷,會員回購,N,62,餐廳,亞洲,345,業務1處,S001,售後服務,基本維修服務, $500 , $300 , 1 , $500 , $300 , $189 ,
2022/11/6,直銷,會員回購,N,3,企業用戶,亞洲,679,業務1處,C004,配件耗材,壓力閥," $1,500 "," $1,200 ", 12 ," $18,000 "," $14,400 "," $3,423 ",
2022/11/6,直銷,會員回購,N,163,飯店,大洋洲,142,業務2處,F002,食品原料,咖啡膠囊, $260 , $150 , 980 ," $254,800 "," $147,000 "," $90,767 ",無任何客訴
2022/11/12,直銷,電銷業務,Y,2,企業用戶,亞洲,345,業務1處,M002,設備機台,商用義式咖啡機," $26,180 "," $13,000 ", 46 ," $1,204,280 "," $598,000 "," $576,572 ",
2022/11/12,直銷,會員回購,N,98,餐廳,歐洲,455,業務2處,M003,設備機台,美式咖啡機," $3,990 "," $1,250 ", 78 ," $311,220 "," $97,500 "," $175,250 ",無任何客訴
2022/11/12,直銷,會員回購,N,115,飯店,亞洲,679,業務1處,S003,售後服務,緊急維修服務," $3,000 "," $1,200 ", 1 ," $3,000 "," $1,200 "," $1,495 ",
2022/11/12,直銷,會員回購,N,136,飯店,美洲,142,業務2處,S002,售後服務,進階維修服務," $1,000 ", $800 , 1 ," $1,000 ", $800 , $178 ,
2022/11/17,直銷,電銷業務,Y,93,餐廳,歐洲,931,業務2處,F003,食品原料,美式咖啡豆, $420 , $120 , 973 ," $408,660 "," $116,760 "," $219,508 ",
2022/11/17,直銷,會員回購,N,46,企業用戶,歐洲,455,業務2處,C005,配件耗材,清潔劑, $400 , $50 , 1 , $400 , $50 , $294 ,
2022/11/17,直銷,會員回購,N,127,飯店,亞洲,679,業務1處,S002,售後服務,進階維修服務," $1,000 ", $800 , 1 ," $1,000 ", $800 , $150 ,
2022/11/17,經銷,會員回購,N,173,個人消費者,亞洲,512,業務3處,S002,售後服務,進階維修服務," $1,000 ", $800 , 1 ," $1,000 ", $800 , $189 ,無任何客訴
2022/11/26,直銷,會員回購,N,40,企業用戶,美洲,142,業務2處,M001,設備機台,家用義式咖啡機," $7,990 "," $2,540 ", 24 ," $191,760 "," $60,960 "," $123,606 ",
2022/11/26,直銷,會員回購,N,49,企業用戶,歐洲,455,業務2處,C003,配件耗材,過濾器, $500 , $460 , 4 ," $2,000 "," $1,840 ", $127 ,
2022/11/26,直銷,會員回購,N,90,餐廳,美洲,142,業務2處,F003,食品原料,美式咖啡豆, $420 , $120 ," 2,661 "," $1,117,620 "," $319,320 "," $735,234 ",
2022/12/5,直銷,會員回購,N,118,飯店,亞洲,158,業務1處,F001,食品原料,義式濃縮咖啡豆, $560 , $250 , 200 ," $112,000 "," $50,000 "," $55,242 ",
2022/12/5,直銷,會員回購,N,6,企業用戶,亞洲,679,業務1處,S003,售後服務,緊急維修服務," $3,000 "," $1,200 ", 1 ," $3,000 "," $1,200 "," $1,657 ",無任何客訴
2022/12/5,直銷,會員回購,N,21,企業用戶,亞洲,345,業務1處,M003,設備機台,美式咖啡機," $3,990 "," $1,250 ", 52 ," $207,480 "," $65,000 "," $113,699 ",
2022/12/28,直銷,會員回購,N,66,餐廳,亞洲,679,業務1處,M005,設備機台,咖啡研磨機," $3,675 ", $890 , 16 ," $58,800 "," $14,240 "," $42,109 ",無任何客訴
2022/12/28,直銷,會員回購,N,91,餐廳,美洲,142,業務2處,C004,配件耗材,壓力閥," $1,500 "," $1,200 ", 2 ," $3,000 "," $2,400 ", $520 ,
2022/12/28,直銷,會員回購,N,24,企業用戶,亞洲,345,業務1處,C003,配件耗材,過濾器, $500 , $460 , 4 ," $2,000 "," $1,840 ", $132 ,
