Cocktail Name,Ingredients
Bushwick,"amaro lucano, maraschino liqueur, sweet vermouth, rye whiskey"
Winter Daiquiri,"simple syrup, lime juice, blackstrap rum"
Mundo Perdido,"lemon juice, demerara syrup, cinnamon syrup, applejack, dark rum, freeze dried lemon wheel"
Formidable Dragon,"lemon juice, lime juice, molasses syrup, honey syrup, angostura amaro, aged blended jamaica rum, dark jamaica rum, jamaica rum, soda water, mint sprig, freeze dried lemon wheel"
Tradewinds,"lemon juice, coconut cream, apricot liqueur, aged rum, dark jamaica rum, broken paper umbrella, lemon wedge"
Tipsy Jitters,"cold brew concentrate, vodka, coffee liqueur, averna, sweetened heavy cream, angostura bitters, simple syrup"
Cafe Mexicana,"cold brew concentrate, vanilla syrup, coffee liqueur, reposado tequila, averna, orange curacao"
Sleepwalker,"chocolate bitters, coffee syrup, tequila blanco, fernet-branca, orange twist, coffee concentrate, demerara sugar"
Damn Fine Coffee Martini,"cold brew concentrate, orgeat, spiced rum, fernet-branca, orange liqueur"
Daily Rituals,"chocolate bitters, cold brew concentrate, meletti amaro, aged rum, coffee liqueur, licor 43, egg white"
Gin Fix,"lemon juice, simple syrup, london dry gin, lemon wheel"
A La Louisiane,"absinthe, peychaud's bitters, sweet vermouth, benedictine, rye whiskey, cocktail cherry"
Star Daisy,"lemon juice, dry curacao, simple syrup, gin, bonded applejack"
Alpine Negroni,"lemon bitters, saline solution, genepy des alpes, creme de menthe, suze gentian liqueur, cocchi americano, gin, rosemary"
Roku Koori Negroni,"ice wine, red wine vinegar, bitter bianco, roku gin, grapefruit twist"
Vintage Coco,"pressed coconut water, pineapple juice, lime juice, blended scotch, yuzu soda, shiso leaf"
Shrunken Skull,"demerara rum, jamaica rum, grenadine, lime juice, dehydrated lime wheel"
Atta Boy,"gin, dry vermouth, grenadine, orange twist"
Hot & Heavy,"mezcal espadin, reposado tequila, hot honey syrup, angostura bitters, peychaud's bitters, lemon wedges, mint sprig"
Hoffman House Fizz,"gin, grenadine, heavy cream, lemon juice, orange juice, egg white, soda water"
Prize Fighter No. 1,"fernet branca, carpano antica vermouth, simple syrup, lemon juice, mint leaves, lemon wedges, mint sprig"
Spanish Coffee,"coffee liqueur, rum, cointreau, hot coffee, heavy cream, grated nutmeg"
Irish Coffee,"irish whiskey, hot sweetened coffee, heavy cream, nutmeg"
Coffee and Coke,"rye whiskey, sweet vermouth, gran classico, cold brew concentrate, chocolate bitters, coca-cola"
Enzoni Royale,"gin, campari, lemon juice, simple syrup, grapes, champagne, grapes"
Boothby Cocktail,"rye whiskey, sweet vermouth, orange bitters, angostura bitters, champagne, cocktail cherry"
Da Hora,"elderflower liqueur, cachaca, lemon juice, grapefruit juice, champagne"
Chirulin,"pisco acholado, ruby red grapefruit juice, rich cinnamon syrup, lime juice, grapefruit wedge"
Strawberry Basil Buck,"gin, ginger syrup, lime juice, basil leaves, strawberries, ginger beer, strawberry"
Grog,"jamaica rum, demerara syrup, lime juice, dehydrated lime wheel"
Little Boots,"light rum, amaro montenegro, lemon juice, orgeat, tiki bitters, angostura bitters, lemon twist"
Ante Up,"bonded applejack, jagermeister, amaro sibilla, creme de menthe, hellfire bitters, saline solution, mint leaf"
Cruel Summer,"old tom gin, gin, creme de banane, lemon juice, black pepper syrup, egg white, black pepper"
Tropical Fluff,"aperol, jamaica rum, banana liqueur, pineapple juice, orange juice, grapefruit juice"
Cosmogroni,"citron vodka, bianco vermouth, aperol, orange liqueur, cranberry bitters, acid phosphate, orange twist"
Outlander,"blended scotch, maraschino liqueur, absinthe, peychaud's bitters, cherry, lemon twist"
La Otra Palabra,"mezcal, yellow chartreuse, maraschino liqueur, lime juice, agave"
Oumuamua,"aged rum, oloroso sherry, coconut cream, pineapple juice, lime juice, mint sprig, absinthe spritz"
Pineapple Daiquiri,"dark rum, pineapple juice, lime juice, simple syrup, coupe"
Oh My Word,"old tom gin, amaro montenegro, green chartreuse, maraschino liqueur, lime bitters, lemon twist"
Pumpernickel,"rye whiskey, punt e mes, ramazotti, angostura bitters"
Golden Ghost,"mezcal espadin, tequila blanco, genepy des alpes, white creme de cacao, orange bitters"
Paint the Town,"dark rum, navy strength rum, cinnamon syrup, ginger syrup, carrot juice, lime juice, pineapple juice, egg white, mint sprig, dehydrated lime wheel"
Cucumber Basil Gimlet,"gin, simple syrup, lemon juice, lime juice, basil leaves, cucumber, basil leaf"
Manila Sunset,"gin, calamansi liqueur, hibiscus syrup, lime juice, tiki bitters, mint, lime wheel"
Pop Quiz,"bourbon, ramazzotti, creme de cacao, simple syrup, mole bitters, orange twist"
Chocolate Negroni,"gin, campari, sweet vermouth, creme de cacao, chocolate bitters, orange twist"
Nice One,"sweet vermouth, amontillado sherry, banana liqueur, orange twist"
Shanghai Gin,"gin, benedictine, yellow chartreuse, lemon juice, lemon wheel"
Cornwall Negroni,"gin, campari, punt e mes, sweet vermouth, orange bitters, orange twist"
Seven Sins,"applejack, rye whiskey, lemon juice, grenadine, cinnamon"
Freezer Martini,"gin, dry vermouth, gin, plymouth gin, water, lemon twist"
Trash-tini,"vodka, plymouth gin, bitter bianco, charred onion dry vermouth, sherry vinegar, shrub bitters, dry vermouth, onion"
Truffle Martini,"plymouth gin, blanc vermouth, truffle salt, lemon twist"
Fjellbekk,"aquavit, lemon juice, lemon soda, lime wedge"
Gin Rocket,"gin, lime juice, simple syrup, rocket, fennel bulb, lime wheel flag"
Two Charlies,"vodka, ginger liqueur, lemon juice, carrot juice, saline solution, vodka, simple syrup, ginger juice, water"
Brazilian Mule,"vodka, lime juice, simple syrup, angostura bitters, rich simple syrup, lime juice, ginger juice, egg white, sprite, xanthan gum"
Mrs Hendrickx Lemonade Highball,"old tom genever, mandarin liqueur, lemon juice, rich simple syrup, soda water, orange slice"
Pepe,"tequila blanco, cachaça, grapefruit juice, lime juice, lemon juice, rich simple syrup, grapefruit twist"
Comb the Desert,"reposado tequila, chile liqueur, grapefruit juice, lime juice, pistachio orgeat, angostura bitters, sea salt, dehydrated orange wheel"
Madison Park Smash,"cognac, orange liqueur, lemon juice, demerara syrup, mint leaves, angostura bitters, lemon slices, mint sprig"
The Smash (Modern),"bourbon, simple syrup, mint leaves, sugar cube, lemon wedge, mint sprig"
Muerto Vivo,"dark rum, rum, jagermeister, lime juice, don's mix no. 2, cinnamon stick"
The Loser,"whiskey, jagermeister, coffee liqueur, cola, beef broth"
Oaxacan Fix,"tequila añejo, mezcal, orange liqueur, lemon juice, agave, dehydrated lime wheel"
Bahia Sling,"cachaca, creme de cacao, passionfruit syrup, lime juice, orchid, mint sprig"
Franklin Bearse,"jamaica rum, yellow chartreuse, orange liqueur, angostura bitters, orange peel"
Obituary Cocktail,"gin, dry vermouth, absinthe, lemon twist"
French Batallion,"rhum agricole blanc, absinthe, lemon juice, orgeat, egg white"
Campanula Sour,"grapefruit vodka, elderflower liqueur, lemon juice, simple syrup, red bell pepper, mint leaves"
Reles Sour,"rum, orange liqueur, orange juice, lime juice, vanilla syrup, egg white, malbec reduction"
Daq Attack,"rum, rhum agricole, kiwi syrup, lime juice, lime twist, simple syrup, kiwi"
Pan American Clipper,"applejack, grenadine, lime juice, absinthe rinse, dehydrated lime wheel"
The Matilda,"vodka, green chartreuse, orange liqueur, pineapple juice, lime juice, egg white, sage leaf, lime wheel, lemon wheel"
Maple Rose,"bourbon, bianco vermouth, lemon juice, rosemary maple syrup, rosemary sprig, rosemary, maple syrup"
Fumata Bianca,"bianco vermouth, suze gentian liqueur, mezcal, club soda, grapefruit twist"
Pennington Daiquiri,"rhum agricole blanc, brandy, suze gentian liqueur, honey syrup, simple syrup, lemon juice, lime wedge"
Kingston Sound System,"jamaica rum, suze gentian liqueur, soursop, lime juice, lime wheel, pineapple fronds"
Daisy De Santiago,"light rum, yellow chartreuse, simple syrup, lime juice, mint sprig"
A State of Oaxaca,"blanco tequila, mezcal, green chartreuse, orange liqueur, lime juice, grapefruit juice, agave nectar, grapefruit peel"
Caraminhola,"cheese, irish whiskey, parmesan, strawberry, simple syrup, red chili, water, citric acid, malic acid"
Lily Pad,"jamaica rum, fernet branca, lime juice, pineapple juice, cinnamon syrup, dehydrated lime wheel, orchid"
Hoodwinked,"mezcal, aperol, lemon juice, pineapple juice, simple syrup, pineapple wedge"
Viva Cuba,"dark rum, lemon juice, lime juice, cinnamon syrup, vanilla extract, soda water, lemon wedge"
Jagerita Sour,"jagermeister, cointreau, lime juice, simple syrup, egg white, dehydrated lime wheel"
Sharpie Mustache,"gin, rye, meletti amaro, bonal gentiane-quina, tiki bitters, orange twist"
Banana Cow,"jamaica rum, banana liqueur, milk, simple syrup, angostura bitters, vanilla extract, nutmeg"
Philadelphia Fish House Punch,"cognac, barbados rum, peach liqueur, black tea, lemon juice, simple syrup, lemon wheel"
Industry Sour,"fernet-branca, green chartreuse, simple syrup, lime juice, dehydrated lime wheel"
Skittles Vesper,"cocchi americano, vodka, skittles gin, skittles, gin"
Sushi Rice Negroni,"gin, campari, sweet vermouth, sushi rice"
Poinsettia Park Swizzle,"angostura rum, orange liqueur, creme de cacao, lime juice, simple syrup, mint leaves, angostura bitters, angostura cocoa bitters, mint sprig"
Tequila Roma,"tequila, lemon juice, cinnamon syrup, aperol, egg white, angostura bitters"
The Agony and the Ecstasy,"suntory, whiskey, orange peel syrup, lemon juice, egg white, red wine, rosemary"
The Manhattan Project,"rye whiskey, averna amaro, amontillado sherry, orange oil, luxardo cherry"
Granny Mae,"gin, green apple liqueur, lemon juice, honey syrup, apple syrup, dehydrated lemon wheel"
Hub City,"bourbon, amaro nonino, amaro angeleno, triple sec, lemon juice, honey syrup, peach bitters, lemon twist"
White Linen,"gin, lemon juice, simple syrup, elderflower liqueur, cucumber slices, soda water"
Monte Cassino,"whiskey, benedictine, yellow chartreuse, lemon juice, lemon twist"
Ellison,"gin, lime juice, simple syrup, angostura bitters, mint leaves, cucumber, cucumber"
Trident,"cynar, aquavit, fino sherry, peach bitters, lemon twist"
Garibaldi,"rye whiskey, campari, lemon juice, simple syrup, large red grapes, orange wheel, grape"
El Pepino,"tequila blanco, lime juice, agave, cucumber, jalapeño, chili salt"
Clover Club #1,"gin, lemon juice, simple syrup, raspberries, egg white, raspberry"
Clover Club #2,"gin, lemon juice, simple syrup, raspberries, egg white, raspberry"
The Original Clover Club,"gin, dry vermouth, raspberry syrup, lemon juice, egg white, raspberry"
Caipirinha,"cachaça, lime, sugar, lime wheel"
Batida Rosa,"cachaça, pineapple juice, lemon juice, grenadine, simple syrup, club soda, dehydrated orange wheel"
Colonial Ties,"rye whiskey, jamaica rum, brown sugar, orange bitters, soda water, absinthe rinse, orange twist"
Dry Daiquiri,"rum, campari, lime juice, simple syrup, passionfruit syrup, orange coin twist"
Flamingo in the Forest,"vodka, aperol, aquavit, pineapple juice, strawberries, cucumber, sugar, mint, cucumber"
Raspberry Fix,"cognac, orange liqueur, lemon juice, raspberry syrup, lemon twist, season fruit, mint sprig"
Breakfast In Bed,"vermouth, fernet branca, lemon juice, simple syrup, mint sprig, absinthe spritz"
The Goldfinch,"fino sherry, cocchi americano, lemon juice, simple syrup, orange bitters, grapefruit twist, soda water"
Elder Fashioned,"gin, st. germain, orange bitters, grapefruit twist"
Mr. Brown,"bourbon, coffee liqueur, angostura bitters, vanilla syrup, orange twist"
Black Manhattan,"rye whiskey, amaro, angostura bitters, orange bitters, maraschino cherry"
Joy Division,"gin, dry vermouth, cointreau, absinthe, orange twist"
Frozen Strawberry Negroni,"gin, campari, sweet vermouth, orange juice, simple syrup, strawberry, xanthan gum, orange, strawberry"
Grohl Whip,"light rum, green chartreuse, pineapple juice, coconut milk syrup, banana, xanthan gum, mint bouquet"
Venetian Breeze,"vodka, elderflower liqueur, lemon juice, grapefruit juice, simple syrup, lemon wheel"
Lavender Spriz Lemonade,"vanilla vodka, lavender syrup, pink lemonade, soda water, lavender sprig"
Ann Darrow,"cachaça, armagnac, banana liqueur, cinnamon syrup, acid adjusted pineapple juice, absinthe spritz"
Old Pal,"campari, rye whiskey, dry vermouth, orange peel"
Gold Rush,"bourbon, honey syrup, lemon juice"
Mezcal Rickey,"mezcal, lime juice, simple syrup, lime wheel, soda water"
Double Pineapple,"pineapple rum, acid adjusted pineapple juice, simple syrup, saline solution, pineapple juice, citric acid, malic acid, lime juice, lime wheel"
Dole Whip,"jamaica rum, coconut milk, pineapple juice, lime juice, lemon juice, pineapple, sugar, xanthan gum"
Pineapple Old Fashioned,"pineapple rum, coffee liqueur, demerara syrup, orange bitters, orange twist"
Hotel National Special,"light rum, apricot liqueur, pineapple juice, lime juice, simple syrup, lime wheel"
Old Sweet Song,"bourbon, peach liqueur, orgeat, molasses syrup, lemon juice, peach, mint sprig"
Tipperary,"irish whiskey, sweet vermouth, green chartreuse, orange bitters, orange twist"
Grenadine Sour,"grenadine, lemon juice, water, orange blossom water, egg white"
King Of The House,"mezcal, cocchi americano, bitter liqueur, chili liqueur, grapefruit, orange peel"
Maximillian Affair,"mezcal, elderflower, vermouth, lemon juice, lemon twist"
Amaretto Sour,"amaretto, bourbon, lemon juice, simple syrup, egg white, lemon twist"
Siesta,"tequila blanco, campari, lime juice, simple syrup, grapefruit juice, lime wheel"
Wibble,"gin, sloe gin, grapefruit juice, lemon juice, simple syrup, crème de mûre, lemon twist"
Ginger Rogers,"gin, lemon juice, ginger syrup, mint leaves, ginger ale, mint sprig"
Strawberry Daiquiri,"light rum, lime juice, simple syrup, strawberry, lime twist"
Strawberry Negroni,"gin, blanc vermouth, bitter bianco, lemon twist"
Strawberry Caipirinha,"cachaca, simple syrup, sugar cube, lime, strawberry"
Strawberry Nights,"vodka, cappelletti apertivo, strawberry honey syrup, lemon juice, egg white, soda water, strawberry, honey"
Dr. Funk,"rhum agricole blanc, lemon juice, grenadine, absinthe, lime juice, soda water"
Eastern Sour,"bourbon, lemon juice, orange juice, orgeat, simple syrup, orange wheel, lime wheel"
Zombie (Jeff Berry Reconstruction),"jamaica rum, puerto rican rum, cinnamon syrup, white grapefruit juice, lime juice, mint sprig"
Bitter Old Man,"london dry gin, elderflower liqueur, campari, lemon juice, averna amaro, orange bitters"
Polka Dot Negroni,"gentian liqueur, gin, blanc vermouth, grapefruit bitters, lemon twist, luxardo cherry"
Cable Car,"spiced rum, orange liqueur, lemon juice, simple syrup, cinnamon sugar"
Cosmonaut,"gin, lemon juice, raspberry preserves"
Old Cuban,"dark rum, lime juice, simple syrup, angostura bitters, mint leaves, champagne, mint sprig"
On the Run,"gin, lime juice, agave, blackberries, blueberry, mint leaf, elderflower foam, st. germain, lemon juice, water, egg whites"
Pago Pago,"gold rum, lime juice, green chartreuse, crème de cacao, cubed pineapple, pineapple frond, cube of pineapple"
Love & Murder,"campari, green chartreuse, lime juice, simple syrup, saline"
Prince Henry Punch,"rhum agricole, aged rum, lime juice, green chartreuse, raspberry gomme syrup, angostura bitters, mint, seasonal fruit"
Army & Navy,"gin, lemon juice, orgeat, angostura bitters, lemon twist"
Self Starter,"london dry gin, lillet blanc, apricot liqueur, absinthe, lemon twist"
Russian Spring Punch,"lemon juice, crème de casis, simple syrup, vodka, champagne, lemon slice, raspberry"
Grapefruit Cooler,"vodka, lemon juice, honey syrup, grapefruit syrup, angostura bitters, peychauds bitters, mint sprig, grapefruit peel"
French Martini,"vodka, raspberry liqueur, pineapple juice"
Duke Martini,"vodka, dry vermouth"
Frozen Margarita,"blanco tequila, agave, cointreau, lime juice, orange juice, lime wheel, orange wheel"
Strawberry Margarita,"blanco tequila, cointreau, strawberries, lime juice, agave nectar, strawberry"
Session Margarita,"manzanilla sherry, tequila, orange liqueur, lime juice, agave, sea salt, lime wheel"
Avocado Margarita,"blanco tequila, avocado syrup, lime juice, lime wheel, avocado, agave nectar, lime juice, kosher salt"
Parmesan Espresso Martini,"vodka, espresso, simple syrup, parmesan"
Parmesan Espresso Martini No. 2,"vodka, espresso, simple syrup, parmesan, vodka"
Dark Star,"chocolate infused rum, creme de cacao, lime juice, xanthan gum, pebble ice, sugar, saline solution, angostura cocoa bitters, grated chocolate, cacao nibs, rum"
Killer On Ice,"charanda blanco, blanc vermouth, agave, celery bitters, firewater bitters, lime twist"
Old Mexican Cough Syrup,"mezcal, rye whiskey, chile liqueur, lemon juice, orgeat, coffee liqueur, angostura bitters, orange bitters, walnut bitters, maraschino cherry"
Pineapple Daiquiri No. 2,"rum, pineapple juice, simple syrup, lime juice, saline solution"
Greenhorn,"blanco tequila, midori, suze, maraschino cherry"
Final Straw,"bourbon, green chartreuse, strawberry liqueur, lemon juice"
Mezcal Mule,"mezcal, ginger wort, lime juice, passion fruit, agave, cucumber slices, cucumber slices, ground chili, water, ginger, brown sugar, lime juice"
Jasmine,"gin, lemon juice, cointreau, campari, lemon twist"
Kill Devil,"rhum agricole, green chartreuse, demerara syrup, angostura bitters, rum"
Suplada Spritz,"gin, sweet vermouth, adobo shrub, chocolate bitters, cava, orange twist, bay leaf, coconut vinegar, muscovado sugar, garlic, bay leaf, thai chile pepper, black peppercorns"
Ube Colada,"rum, coconut water, ube halaya, pineapple juice, coconut milk, coconut cream, fruit"
Gin and Pomme,"gin, simple syrup, pomelo juice, soda water, pomelo twist"
Pancho Villa,"rum, gin, apricot liqueur, cherry liqueur, pineapple juice, lime juice, soda water, pineapple fronds, lime wheel"
Bergamot Negroni,"barrel aged gin, select aperitivo, sweet vermouth, italicus, orange peel"
Coffee And Tonic,"italicus, tonic water, cold brew coffee, lime wedge"
Bergamot Garibaldi,"italicus, gin, tonic water, grapefruit juice, simple syrup, grapefruit slice"
Grasshopper,"mint infused vodka, crème de cacao, ancho reyes verde, white chocolate syrup"
Neruda,"grenadine, lemon juice, cinnamon syrup, soda water, maraschino cherries"
Mr. Peanut,"bourbon, demerara syrup, whiskey, sarsaparilla bitters"
Improved Brandy Cocktail,"brandy, simple syrup, maraschino liqueur, absinthe, boker’s bitters, lemon twist"
Cognac Sazerac,"cognac, sugar cube, peychaud’s bitters, absinthe rinse, soda water, lemon twist"
New York Sazerac,"rye whiskey, cognac, sugar, peychaud’s bitters, soda water, lemon twist"
Apricot BLVD,"rye whiskey, fernet branca, benedictine, apricot liqueur, mint leaves, mint sprig"
The Art of Choke,"light rum, cynar, green chartreuse, lime juice, demerara syrup, mint leaves, mint sprig"
The Slope,"rye whiskey, punt e mes, apricot liqueur, angostura bitters, amaretto cherry"
Espresso MartiNO,"seedlip spice 94, espresso, simple syrup, espresso beans"
Spiced NO-Fashioned,"spiritless kentucky 74, demerara syrup, angostura bitters, orange twist"
NoGroni Sbagliato,"aperitif rosso, italian orange, lyres classico, orange wheel"
Hanky Panky,"gin, sweet vermouth, fernet branca, orange twist"
Toronto,"rye, fernet branca, simple syrup, orange twist"
The Alligator,"fernet branca, lime juice, orange liqueur, cinnamon syrup, lime wheel"
Color In Your Cheeks,"fernet branca, bonded applejack, lemon juice, maple syrup, egg white, apple fan"
Tea Tree Sour,"cognac, amaro, honey syrup, lemon juice, orange flower water, mint leaf"
Stirred on Third,"bourbon, campari, st germain, green chartreuse, lemon peel"
The Gem,"cognac, jamaica rum, lime juice, rich pineapple syrup, angostura bitters, grated cinnamon"
Milano-Torino Sour,"campari, dry vermouth, grapefruit juice, lime juice, simple syrup, egg white"
Rum Old Fashioned,"barbados rum, hamilton 151, jamaica rum, rich cane syrup, angostura bitters, bittermen’s tiki bitters, orange twist, lime coin"
Clarified Whiskey Sour (Milk),"whiskey, lemon juice, simple syrup, whole milk, orange twist"
Clarified Whiskey Sour (Coconut),"whiskey, lemon juice, simple syrup, coconut cream, orange twist"
White Negroni,"gin, suze, blanc vermouth, lemon twist"
Intro To Aperol,"aperol, gin, lemon juice, simple syrup, angostura bitters, lemon peel"
Oaxaca Old Fashioned,"reposado tequila, mezcal, angostura bitters, agave nectar, orange twist"
Basil Gimlet,"gin, lime juice, simple syrup, basil leaves"
City Of Angels Chuhi,"shochu, midori, lime, honey syrup, salt, soda water"
Vampiro,"reposado tequila, tomato juice, orange juice, lime juice, grenadine, hot sauce, salt, black pepper, lime twist"
Paloma,"tequila blanco, grapefruit juice, lime juice, simple syrup, grapefruit bitters, soda water, grapefruit wheel"
Carajillo,"licor 43, charanda, double shot espresso"
Cantarito,"tequila, orange juice, grapefruit juice, lime juice, salt, grapefruit soda, lime wheel, orange wheel"
Means Of Preservation,"plymouth gin, elderflower liqueur, dry vermouth, celery bitters, grapefruit peel"
Paris Is Burning,"mezcal, london dry gin, pineapple juice, lemon juice, elderflower liqueur, simple syrup"
Soul Clench,"pisco, dry vermouth, pamplemousse liqueur, elderflower liqueur, falernum, grapefruit wheel"
The Jake Walk,"rhum agricole, reposado tequila, elderflower liqueur, lime juice, peychaud’s bitters, orange twist"
Kingston Negroni,"jamaica rum, campari, sweet vermouth, orange twist"
Gin Basil Smash,"gin, lemon juice, simple syrup, basil leaves, basil sprig"
Chartreuse Swizzle,"green chartreuse, velvet falernum, pineapple juice, lime juice, pineapple fronds, pineapple wedge, lime wheel"
Little Italy,"rye, sweet vermouth, cynar, cherry"
Full Windsor,"scotch, applejack, sweet vermouth, benedictine, angostura bitters, peychaud’s bitters, orange peel"
Aged Egg Nog,"bourbon, cognac, dark rum, eggs, sugar, salt, nutmeg, whole milk, heavy cream, nutmeg"
The Dnd wake me up,"whisky, coffee liqueur, cinnamon simple syrup, cinnamon stick"
California Razorblade,"aquavit, lemon juice, simple syrup, firewater bitters, cayenne pepper"
Aquavit Espresso,"aquavit, coffee liqueur, simple syrup, espresso, espresso beans"
Winter Basil Smash,"aquavit, lemon juice, simple syrup, basil leaves"
Spiced Reverse Martini,"dry vermouth, aquavit, orange bitters, lemon twist"
Million Dollar Cocktail,"gin, sweet vermouth, pineapple juice, grenadine, egg white"
Yukiguni Cocktail,"vodka, cointreau, lime juice, cherry, sugar"
Gimlet Highball,"gin, lime juice, simple syrup, club soda"
Dot Line,"bacardi, umeshu, px sherry, st germain, vinegar, coffee"
Japanese Highball,"japanese whiskey, soda water"
Oaxacan Dead,"blanco tequila, mezcal, charanda, grenadine, lime, grapefruit, falernum, angostura bitters, absinthe, pebble, collins top pebble ice, mint pineapple"
Flannel Shirt,"scotch, apple cider, averna amaro, lemon juice, demerara syrup, allspice dram, angostura bitters, orange peel"
Mid-Century Old Fashioned,"bourbon, angostura bitters, soda water, cherry, orange wheel, cherry, orange slice"
Wisconsin Old Fashioned,"brandy, angostura bitters, cherry, sugar cube, orange wheel, sprite, cherry, orange wheel"
Sabbatical,"rum, bénédictine, lemon juice, orgeat, lemon wheel, nutmeg"
Yuletide Peril,"bourbon, rhum, amaretto, allspice dram, lemon juice, orange juice, falernum, demerara syrup, angostura bitters, grated nutmeg, cinnamon stick"
GOAT PB&J Sour,"whiskey, genever, lemon juice, raspberry jam"
Forbidden Fruit,"gin, creme de cassis, pernod, lemon juice, simple syrup"
The Stapleton (aka Tennessee Smooth),"whiskey, dry vermouth, cynar, orgeat, cherry bitters, cherry"
Across State Lines,"bourbon, whiskey, kiwi juice, cocchi americano, strawberry jelly, rhubarb bitters, rosemary"
Strawberry Blow Fizz,"brandy, lemon juice, simple syrup, egg white, club soda"
Oaxacan Vacation,"whiskey, mezcal, pineapple juice, lemon juice, agave, lemon wheel"
Raton Laveur,"mr. black coffee liqueur, angostura bitters, egg white"
Screwballs of Fire,"honey syrup, angostura bitters"
Devil poison,"bourbon, aged rum, lemon juice, cinnamon bark syrup, sugar cane syrup, angostura bitters"
Smoked banana daiquiri,"lime juice, ice"
Tom Kha-llins,"gin, coconut cream, lime juice, ginger syrup, basil leaf"
Lady Penelope,coffee beans
Flor de PBJerez Swizzle,"skrewball whiskey, amontillado sherry, apricot liqueur, lemon juice, simple syrup, angostura bitters"
Blue Hawai-Tai,"jamaica rum, orange liqueur, light rum, lemon juice, orgeat, simple syrup, mint"
Piedmont Sour,"lime juice, angostura bitters, egg white"
Empty the Fridge,"lemon juice, cinnamon syrup, velvet falernum"
Appetite Reviver No. 10,"taneueray no. 10, cocchi americano, aperol, lemon juice, simple syrup, basil leaves, cucumber slices, cherry tomatoes"
The Sassy Jackson,"lime juice, velvet falernum, mint leaves"
Yuletide Peril,"bourbon, rhum, amaretto, allspice dram, lemon juice, orange juice, falernum, demerara syrup, angostura bitters, grated nutmeg, cinnamon stick"
Long Peninsula Iced Tea,"overproof white rum, lime juice, simple syrup, orange liqueur, black tea, cola, lime, orange"
Curveball,"lemon juice, lime juice, midori, club soda"
Sour Sunset,"light rum, raspberry liqueur, demerara syrup, lime juice, blackberries, cinnamon"
Summer Tease,"demerara orgeat, lime juice, liquer de abricot, jamaica rum, pure white or vsop, aromatic bitters, pebble ice, fresh mint, dried apricot"
Spruce & Fir.,"cynar, lime juice, simple syrup"
Smoky Haitian Sour,"lime juice, honey syrup, aztec chocolate bitters, egg white"
The Cravings,"bourbon, cointreau, creme de cacao white, dash orange bitters, dash chocolate bitters, angostura bitters, barspoon simple syrup, egg white, orange slice, cocoa powder"
Rhabalapapp,"vodka, black pepper, lemon juice, lemon peel, water"
The Last Corpse,"lemon juice, gin, lemon peel"
House Harkonnen,"smith & cross, angostura bitters, lime juice, simple syrup, spritz of absinthe, lime crown"
Cocktail not named yet,"lime juice, green chartreuse"
Cup of Bacchus,"dry red bordeaux, lemon juice, luxardo maraschino liqueur, dashes orange bitters, red grape"
Shock the Monkey,"light rum, banana liqueur, velvet falernum, lime juice, simple syrup"
Cranberry Whisper (or Crimson Whisper),"gin, elderflower liqueur"
The Black Adder,"angostura bitters, simple syrup"
The Final Testament,"applejack, yellow chartreuse, maraschino liqueur, lemon juice"
Currents & Coils #5,"banana rum, plantation 5 star, cold brew coffee, coco lopez, pineapple juice, lime, malted milk, banana chips, freshly-ground nutmeg"
Rosa Rica,"mezcal, cointreau, lime cordial, grapefruit juice, grapefruit syrup"
Cinnamon Ridge,"coconut cream, lime juice, cinnamon stick"
Regal Beagle,"rye, amaro montenegro, lemon juice, grenadine, orange bitters"
Long Flight,"amontillado sherry, pimms no.1"
Hummingbird,"light rum, lime juice, honey syrup, garnishes, mango fruit leather"
A.V. Conrad,"amaro montenegro, maple syrup, lime juice, angostura bitters, coupe"
Beach Side,"rhum agricole, gin, simple syrup, mint leaves, lime"
Caffeinated Surfer,"denizen merchant's reserve, pierre ferrand dry curaçao, pineapple juice, coffee syrup, lime juice, lemon juice, falernum, vanilla extract"
Flor Amargo,"campari, passion fruit purée, lime juice, orgeat syrup"
Vera,"cynar, aperol, grapefruit peel"
sixth of June,aquavit
Macaw,"tequila, mezcal, blue curacao, orgeat syrup, lime juice, coconut water, coconut cream"
Ocha no Jikan (お茶の時間),"suntory toki, honey syrup, bittermens hopped grapefruit bitters, peychaud's bitters, sencha tea, grapefruit twist"
Thawing Dawn,"st. germain, lime juice, aperol"
The Soda Jerk,"bourbon, licor 43, luxardo maraschino, angostura bitters"
Brandy Old-Fashioned Sweet,"maraschino cherry juice, water, orange juice, bitters, brandy, splash of lemon-lime soda, orange slice, maraschino cherry"
Pesce Spada (Swordfish),"ransom old tom gin, pineapple juice, lemon juice, simple syrup"
Walk Without Rhythm,angostura bitters
Reggae Ruby,"jamaica rum, campari, lime juice, simple syrup, cherry"
The Gateway,"campari, vodka, crushed ice, sparkling ice pink grapefruit soda"
Acid-Adjusted Pineapple Daiquiri,"demerara syrup, pineapple juice, don q gold, plantation oftd, pineapple wedge"
Ferrari Sour,"rye whiskey, campari, fernet branca, grapefruit juice, lemon juice, maple syrup, egg white, grapefruit, peychaud’s bitters"
Hemingway Daiquiri,"rum, grapefruit, lime juice, maraschino liqueur, lime"
Royal Bermuda Yacht Club,"rum, falernum, orange liqueur, lime juice, lime wheel"
Parasol,"light rum, banana liqueur, lime juice, pineapple juice, grated nutmeg"
Stirred Daiquiri,"low-fi sweet vermouth, plymouth gin, lime cordial"
Pineapple Strawberry Daiquiri,"saison pale rum, stiggins fancy, lime juice, simple syrup, strawberry"
Christmas in Manhattan,"bourbon, spiced rum"
Pink Panther,"gin, green chartreuse, lime, simple syrup"
Cinnamon plum smash,"triple sec, orange juice, lemon juice, cinnamon syrup"
Daniel Reyes,"lime juice, ginger syrup, orgeat"
Bold and Gold,"amaro montenegro, lemon juice"
The Downtown Dolce,
Blades of Chaos,"grenadine, ginger beer, peppermint liqueur, blackstrap rum, apple cider, orange wheel"
Berlin Sunset,"blanco tequila, cointreau, lime juice, salt"
Golden Gloves,"bourbon, lemon juice, ginger syrup, honey syrup, mint leaves, mint sprig, ginger candy"
Juliet & Romeo,"beefeater gin, lime juice, simple syrup, cucumber slices, mint leaves, salt, rosewater, angostura bitters, mint leaf"
Stone Cold Fox,"pisco acholado, amaro montenegro, lime juice, orgeat, pineapple juice, club soda, red wine, orange wheel, mint bouquet"
Tiger Balm,"brugal añejo rum, simple syrup, lime juice, branca menta, angostura bitters, mint leaf"
Amaros And Sorrows,"sfumato rabarbaro, luxardo bitter rosso, lemon juice, pineapple, simple syrup, egg white, lemon peel"
"Blacker The Berry, The Sweeter The Juice","mezcal, st. germain, simple syrup, lime juice, agave, creme de mûre, hellfire shrub, blackberry, sage leaf"
Blood Orange Margarita,"tequila, cointreau, bitter bianco, agave, blood orange juice, lime juice, blood orange wedge"
Trick Pony,"vodka, cocchi americano, lemon juice, grapefruit juice, simple syrup, apricot liqueur"
Skater On Crack,"jagermeister, pineapple rum, pineapple juice, lime, simple syrup"
Fassionola Daiquiri,"jamaica rum, aperol, lime juice, fassionola syrup"
Hurricane (Variation),"puerto rican rum, jamaica rum, fassionola syrup, lime juice"
Milano Torino,"campari, vermouth di torino, orange wheel"
Americano,"campari, vermouth di torino"
Hugo Spritz,"st. germain, prosecco, soda water, mint sprig"
Angelino 1860 Spritz,"select aperitivo, braulio amaro, prosecco, soda water, orange wheel"
Bicicletta,"dry white wine, campari, orange wheels"
The Strong Armed Ape,"rum, jamaica rum, angostura bitters, peach bitters, banana syrup"
Tequila Pineapple Sour,"tequila, lime juice, pineapple, agave, msg solutions"
MSG Martini,"gin, dry vermouth, olive brine, msg solution"
American Trilogy,"splash club soda, brown sugar cube, freegans orange bitters, rye whiskey, applejack, orange twist"
Kentucky Maid,"bourbon, lime juice, simple syrup, mint leaves, cucumber slice, cucumber slices"
Fall Back,"rye, applejack, amaro nonino, sweet vermouth, peychauds bitters, orange twist"
Eastside,"gin, lime juice, simple syrup, mint leaves, cucumber slices"
Greenpoint,"rye whiskey, yellow chartreuse, sweet vermouth, angostura bitters, orange bitters, lemon twist"
Revolver,"bourbon, coffee liqueur, orange bitters, orange peel"
Gin Gin Mule,"tanqueray gin, simple syrup, lime juice, mint leaves, mint sprig, ginger beer"
Ancho Problem,"chile liqueur, blanco tequila, lime juice, demerara syrup"
Century City,"mezcal, cognac, sweet vermouth, chile liqueur, orange bitters"
Paloma Picante,"tequila blanco, ancho reyes verde, ruby red grapefruit juice, simple syrup, cilantro leaves, sparkling water"
Gin Hound,"tanqueray gin, celery juice, lime juice, honey syrup"
Silver Monk,"blanco tequila, yellow chartreuse, lime juice, simple syrup, cucumber coins, mint leaves"
Graveyard Shift,"dark rum, coffee liqueur, cynar, xocolatl mole bitters, orange bitters, orange twist"
Little Red,"aperol, lemon juice, simple syrup"
Vespid,fernet-branca
After-Dinner Flip,"brandy, coffee liqueur, amaro montenegro, cynar, fernet branca, simple syrup, xocolatl mole bitters, orange bitters, egg, grated cinnamon, orange twist"
Turning Japanese,"japanese whisky, lemon juice, honey syrup, egg white, yuzu puree, dehydrated lime wheel, angostura bitters"
The Poison Apple,"bourbon, brandy, lemon juice, gum syrup, blackberries, green apple, blackberry spear"
Nordic Heather,"akvavit, drambuie, vodka, rich simple syrup, chai bitters, absinthe rinse"
Quaker,"rye whiskey, cognac, lemon juice, raspberry syrup"
Whiskey Apple Highball,"rye whiskey, apple juice"
Ward Eight,"rye whiskey, grenadine, lemon juice, orange juice"
Rattlesnake,"rye, lemon juice, simple syrup, absinthe rinse, egg white, lemon twist"
Mojito,"light rum, lime juice, simple syrup, club soda, mint leaves, mint sprig"
Traditional Mojito,"light rum, lime juice, rich simple syrup, mint leaves, mint sprig"
Garibaldi,"rye whiskey, campari, lemon juice, simple syrup, large red grapes, orange wheel, grape"
Rainbow Sour,"pineau des charentes, marie brizard apricot liqueur, lemon juice, simple syrup, luxardo cherry, orange slice"
Rome With A View,"campari, dry vermouth, lime juice, simple syrup, soda water"
Dr. J,"rum, lime acid orange, simple syrup, saline solution, vanilla extract, orange juice, citric acid, malic acid"
Marmalade Sour,"gin, lemon juice, orange marmalade, saline solution"
Vodka Martini,"vodka, dry vermouth, orange bitters, olive"
Dirty Martini,"vodka, dry vermouth, olive brine, olive"
Traditional Martini,"gin, dry vermouth, orange bitters, orange twist"
Traditional Dry Martini,"gin, dry vermouth, orange bitters, olive"
Perfect Martini,"gin, sweet vermouth, dry vermouth, orange bitters, olive"
Hishimochi Bitters And Soda,"matcha powder, hot water, simple syrup, soda water, peychauds bitters"
First Lady,"gin, cointreau, simple syrup, lemon juice, matcha, egg white, basil leaves"
Yuzu Salty Dog,"dry gin, grapefruit juice, yuzu juice, simple syrup, matcha powder"
Iceland Dill Martini,"vodka, pickle, dry vermouth, mustard seeds"
Roe Your Boat,"vodka, cacao blanc, chocolate liqueur, saline solution, roe, lemon twist"
Proud Mary,"vodka, water, simple syrup, lemon juice, tomato juice, milk, lemon wedge, celery stick, cornichon pickle, cherry tomatoes"
Absent-minded,"absinthe, whiskey, cointreau, lime juice"
Royal Hawaiian Mai Tai,"demerara rum, coruba, light rum, orange liqueur, orange juice, pineapple juice, lime, orgeat, lemon, simple syrup, maraschino cherry, mint sprig"
Bird of Paradise,"vodka, pineapple juice, lime juice, simple syrup, peach bitters, strawberry, cucumber slices"
Frozen Negroni,"campari, gin, sweet vermouth, simple syrup, orange juice, orange half wheel"
The PK,"virgin islands rum, coconut cream, pineapple juice, orange juice, nutmeg"
Scorpion,"cognac, light rum, orange juice, lemon juice, orgeat, simple syrup, pineapple wedge"
Green Swizzle,"overproof rum, velvet falernum, light rum, lime juice, creme de menthe, angostura bitters, mint sprig"
Florodora,"gin, lime juice, raspberry syrup, ginger beer, raspberries"
Irish Old Fashioned,"bushmills, sugar cube, aromatic bitters, orange bitters"
Shelby Sour,"bushmills, orange liqueur, lemon juice, rich simple syrup, egg white, orange twist"
Hot Lips,"tequila, mezcal, lemon juice, pineapple juice, vanilla syrup, sugar cane syrup"
Bitter Giuseppe,"cynar, carpano antica, orange bitters, lemon peel, lemon juice"
Bitter Italian,"amaro ciociaro, aperol, maraschino liqueur, lemon juice, lemon twist"
Angostura Sour,"angostura bitters, lime juice, simple syrup, egg white"
Broken Shoe Shiner,"pernod pastis, aperol, benedictine, pineapple juice, lemon juice, egg white, rose water"
Naked & Famous,"mezcal, aperol, yellow chartreuse, lime"
The Final Ward,"rye whiskey, green chartreuse, maraschino liqueur, lemon juice"
Paper Plane,"bourbon, aperol, amaro nonino, lemon juice"
Last Word,"gin, green chartreuse, lime juice, maraschino"
No True Scotsman,"scotch, rum, passionfruit syrup, brandy, lemon juice, angostura bitters, mint sprig, lemon wheel"
Pornographic Material,"vodka, passion fruit syrup, wine, vanilla bitters, flavour blaster passion fruit smoke bubble"
Blue Reef,"puerto rican rum, blue curacao, lime juice, galliano"
Coronado Luau Special,"jamaica rum, light rum, brandy, grand marnier, orange juice, lemon juice, simple syrup, orgeat, crushed ice, orchids, mint, cherries"
The Anise Kick,"anisette, fernet-branca, ginger syrup, honey syrup, angostura bitters, mint leaves"
Winter Mai Tai,"jamaica rum, licor 43, orgeat, gingerbread syrup, lime juice, orange slice"
Cloister,"gin, grapefruit juice, lemon juice, yellow chartreuse"
Cloister (Re-spec),"london dry gin, yellow chartreuse, grapefruit juice, lemon juice, simple syrup, grapefruit twist"
Last Bird,"jamaica rum, campari, green chartreuse, pineapple juice, lime juice"
Maid in Mexico,"reposado tequila, lime juice, simple syrup, cucumber, mint leaves, cucumber"
The New Father,"haitian rum, rhum agricole, myers planters punch blend, cointreau, pineapple juice, lime juice, angostura bitters, tonic water"
Bless this house,"cocchi rosa, blanco tequila, green chartreuse, sage, ground peppercorn, lemon twist"
Fay Wray,"gold rum, cognac, banana liqueur, lime juice, rhum agricole, demerara syrup, lime wedge"
Cardinale,"gin, wine, campari"
Cardinale (Modern),"gin, dry vermouth, campari, orange wheel"
Deez Nutz,"gin, orgeat, lime juice"
Scofflaw,"rye whiskey, dry vermouth, blanc vermouth, lemon juice, grenadine, orange bitters"
Scofflaw (Modern),"rye whiskey, dry vermouth, lemon juice, grenadine, orange bitters"
Barbacoa,"mezcal, ginger syrup, lemon juice, agave, chipotle puree, lime, bell pepper, fresno chile, beef jerky"
The Spice Must Flow,"tequila, lillet blanc, orange liqueur, orange juice, spiced demerara syrup, egg white, orange bitters, cinnamon bitters, cinnamon"
The Hawaii Blues,"jamaica rum, blue curaçao, pineapple juice, lime juice, lemon juice, simple syrup"
If You Like Ube Coladas,"plantation pineapple, light rum, jamaica rum, coconut cream, ube syrup, lime juice, pineapple juice"
West India Sour,"angostura bitters, cognac, orgeat, lemon juice, orange bitters"
Soul so Dead,"blended scotch, cynar, sweet vermouth, orange bitters, orange liqueur, gold rum, orange peel"
Black Mountain Road,"gin, amaro montenegro, maple syrup, lime juice, lavender bitters, basil"
Breakfast for Dinner,"bacon fat washed bourbon, coffee liqueur, maple syrup, egg white, orange bitters, orange twist, woodford reserve"
Cadillac Margarita,"tequila, lime juice, agave, grand marnier, lemon peel"
Oaxacanite,"mezcal, tequila, honey syrup, lime juice, angostura bitters, grapefruit peel"
Bobby Burns for Burns Night,"scotch, sweet vermouth, angostura bitters, benedictine, lemon twist"
Atomic Cocktail (Revised),"vodka, cognac, amontillado sherry, champagne, lemon twist"
Atomic Cocktail,"vodka, cognac, amontillado sherry, champagne, lemon twist"
Tiger Chilled Coffee,"dark rum, rum, cinnamon syrup, allspice dram, cold brew coffee, heavy cream, absinthe spritz"
The Pelican,"caffe lolita, branca menta, fernet-branca, heavy cream"
Paddington,"light rum, lillet blanc, grapefruit juice, lemon juice"
Moka Pot Amaro,"amaro, cinnamon, rosemary"
Amaro Caldo (Hot Amaro),"amaro, hot water"
Coquito,"evaporated milk, egg yolk, unsweetened coconut milk, sweetened condensed milk, light rum, ground cinnamon, pinch of salt"
Rompope,"almonds, granulated sugar, whole milk, cinnamon sticks, lemon rind, pure vanilla extract, baking soda, egg yolks, white rum or aguardiente"
American Whiskey Skin,"bourbon, honey syrup, boiling water, lemon wege with clove"
Verte Chaud,"green chartreuse, hot chocolate, whipped cream on top, whole milk (or milk of choice), semi sweet chocolate, brown sugar, pinch of sea salt or fleur de sel"
Nux Alpine,"apple jack, pineapple rum, lemon juice, walnut liqueur, cloudy apple juice, pumpkin spice syrup"
Dominicana,"aged rum, coffee liqueur, heavy cream, orange zest"
Getaway Car,"apple signature aged jamaica rum, chile liqueur, pineapple juice, lime juice, simple syrup, lime wheel and ancho chile powder"
Hard Sell,"st. germain, beefeater gin, malort, lemon juice, grapefruit twist"
Cold Brew Americano,"campari, sweet vermouth, cold brew coffee, lemon juice, soda water, lemon peel garnish"
Northenders Vacation,"aged rum, amaro montenegro, banana liqueur, falernum, lemon juice, brûléed bananas slice"
Earl Grey MarTEAni,"earl grey infused gin, simple syrup, lemon juice, egg white"
The Quiet Man,"irish whiskey, irish whiskey, honey syrup, orange bitters"
The Sage Hen,"plymouth gin, yellow chartreuse, lemon juice, sage infused honey syrup, apple, sage leaves"
Spice Trade,"gin, lemon juice, cinnamon simple syrup, basil leaves, basil leaf"
Hot Zombie,"puerto rican gold rum, hot water, pineapple juice, lime juice, passionfruit syrup, brown sugar, butter, lemon hart 151 float"
Zombie,"jamaica rum, puerto rican rum, cinnamon syrup, white grapefruit juice, lime juice, mint sprig"
Whiskey Sour Reconstructed,"rye whiskey, lemon juice, orange juice, rich simple syrup, egg white, angostura bitters"
Standard Tiki No 1,"whiskey, jamaica rum, creme de mure, lemon juice, pineapple juice, nutmeg simple syrup, mint sprig"
Monkey Pod Mai Tai,"dark rum, light rum, lime juice, macadamia nut orgeat, warm water, caster sugar, roasted macadamia nuts, orange flower water, kosher salt, cold water, passion fruit puree, simple syrup, honey syrup, egg white"
The Ancient Mariner,"jamaica rum, demerara rum, allspice dram, lime juice, simple syrup, grapefruit juice, mint sprig, tribal lime"
La Bomba,"light rum, lime juice, simple syrup, raspberries, pomegranate molasses, lime wheel and raspberry garnish"
La Bomba,"light rum, lime juice, simple syrup, raspberries, pomegranate molasses, lime wheel and raspberry garnish"
Pineapple Trainwreck,"dark rum, overproof rum, pineapple juice, ginger syrup, lemon juice, peychaud's bitters, angostura bitters, pineapple frond"
Chamomile Sour,"blanc vermouth, lemon juice, simple syrup, egg white"
Singapore Sling,"gin, cherry heering, benedictine, cointreau, lime juice, grenadine, pineapple juice, angostura bitters, soda water, pineapple, maraschino cherry"
Midnight Stinger,"bourbon, fernet-branca, lemon juice, simple syrup, mint sprig"
Follow That Black Rabbit,"gin, fernet-branca, maple syrup, orange juice, lemon juice, orange peel"
Clockwork Orange,"vodka, cointreau, simple syrup, lemon juice, lime juice, vanilla sugar, orange peels, egg white, soda water"
Trinidad Sour,"angostura bitters, rye whiskey, orgeat, lemon juice"
Sawyer,"gin, lime juice, orange bitters, peychaud's bitters, angostura bitters, lime wedge"
Sea Salt Foam Margarita,"tequila blanco, cointreau, lime juice, agave"
Regal Daiquiri,"rum, lime juice, simple syrup, grapefruit peel, lemon twist"
Change of Address,"lemon juice, maple syrup, soy sauce, coca-cola"
Salted Rosemary Paloma,"grapefruit juice, lime juice, soda water, rosemary"
Vodka Espresso aka Espresso Martini,"vodka, coffee liqueur, espresso, simple syrup, coffee beans"
Cafe Grog,"coffee liqueur, rum, grapefruit juice, lime juice, simple syrup"
Java Flow,"light rum, coconut syrup, pineapple juice, coffee liqueur, lime wedge"
Blackbird,"campari, gold jamaica rum, coffee liqueur, pineapple juice, lime juice, rich simple syrup, orange slice"
Kangaroo aka Vodka Martini,"vodka, dry vermouth"
Caipiroska,"vodka, simple syrup"
Charging Station,"vodka, coconut syrup, cold brew coffee, firewater bitters, grated cinnamon"
Cosmopolitan,"citron vodka, cointreau, lime juice, cranberry juice, lemon twist"
Vodka Cranberry,"vodka, soda water, cranberry juice, simple syrup"
Lemon Drop,"vodka, cointreau, lemon juice, sugar, lemon juice, lemon twist"
Appletini,"vodka, apple juice, lemon juice, simple syrup, green apple"
Kentucky Mai Tai,"bourbon, amaro angelino, avocado pit orgeat, lime juice, lemon juice, angostura bitters, lime wheel"
Paper Plane,"bourbon, aperol, amaro nonino, lemon juice"
Bourbon Smash,"bourbon, simple syrup, lemon, mint, mint sprig"
Banana PB & J Sour,"peanut butter whiskey, banana liqueur, lemon juice, orgeat, strawberry preserves, egg white"
East Sherry Colada,"amontillado sherry, pineapple juice, coconut cream, lemon juice, angostura bitters, pineapple wedge, pineapple frond"
Sable,"dry vermouth, london dry gin, orange bitters"
Wrangler,"east india sherry, orgeat, lemon juice, soda water, grated nutmeg, lemon peel"
California Gold Rush,"california brandy, lemon juice, honey syrup"
Nor Cal Boulevardier,"california brandy, sweet vermouth, gentian amaro, orange twist"
Reconstructed Bahama Mama,"dark rum, coconut rum, overproof rum, coffee liqueur, pineapple juice, lemon juice"
Bahama Mama,"dark rum, coconut rum, 151 rum, pineapple juice, orange juice"
Ramos Gin Fizz,"gin, soda water, heavy cream, simple syrup, lemon juice, lime juice, egg white, orange flower water, orange twist"
Talent Scout,"bourbon, orange liqueur, angostura bitters, lemon twist"
Campari Shakerato,"campari, saline solution, orange flower water, orange twist"
Pineapple Syllabub,"pineapple rum, heavy cream, honey syrup, lemon juice, lemon zest, grated nutmeg"
Blannibal Sour,"haitian rum, absinthe, pineapple juice, lime juice, blueberry pancake syrup, blueberry jam"
Corpse Reviver Number Blue,"gin, blue curaçao, lillet blanc, lemon juice, lemon twist"
Guardian Angel,"amaro montenegro, orgeat, lime juice, cucumber, cucumber slices"
Pignoli Alexander,"spiced rum, orange liqueur, crème de cacao, heavy cream, chocolate"
Spiced Apple Fix,"applejack, lemon juice, cinnamon syrup, apple fan"
Mojito Criollo No. 2,"old tom gin, lime juice, simple syrup, mint leaves, sugar cube, soda water, mint sprig"
Applejack Cocktail,"applejack, apple cider, lemon juice, simple syrup"
Bourbon Renewal,"bourbon, crème de cassis, lemon juice, simple syrup, lemon wheel"
Dodecadaiquiri,"12 rum blend infinity bottle, lime juice, simple syrup, lime wheel"
Yuzu Gimlet,"gin, triple syrup, lime juice, yuzu juice, shiso leaf, lime wheel"
Windsor Terrace,"rye whiskey, jamaica rum, cherry heering, chicory bitters, orange twist"
Kombucha Sangria,"red wine, aperol, lemon juice, simple syrup, kombucha"
Sugar Plum,"gin, grapefruit juice, grenadine"
Bowery Fix,"blanco tequila, mezcal, yellow chartreuse, yellow pepper juice, lemon juice, simple syrup"
Bar Fly,"gin, parfait amour, pineapple juice, lemon juice, simple syrup, lemon peel"
Lost Lake,"jamaica rum, campari, maraschino liqueur, lime juice, passion fruit syrup, pineapple juice"
Smoke and Mirrors,"scotch whiskey, lime juice, simple syrup, mint leaves, absinthe, mint leaf"
A Red Car Named Desire,"rye whiskey, cynar, maraschino liqueur, lemon twist"
Breakfast Martini,"gin, orange liqueur, lemon juice, orange twist"
Pink Gin,"plymouth gin, angostura bitters"
Breakfast Bell,"bourbon, heavy cream, cold brew coffee, maple syrup, egg white, soda water"
Black Martini,"rye whiskey, averna, old tom gin, maraschino liqueur, orange twist"
Rangoon,"pimm's no 1, ginger syrup, cucumber, blackberry, sprite, lime wedge, lemon wedge, cucumber slice"
Flamingo,"light rum, rhum agricole, raspberry syrup, lemon juice, cucumber bitters, tonic water, raspberry garnish"
Blue Hawaii,"light rum, blue curaçao, coconut liqueur, pineapple juice"
Martini,"gin, dry vermouth, orange bitters, orange twist"
Kola Sour,"meletti amaro, light rum, lemon juice, orgeat, cherry bark vanilla bitters, egg white"
Rabo de Galo,"cachaça, cynar, sweet vermouth, lime twist"
Tia Mia by Ivy Mix,"mezcal, jamaica rum, orange liqueur, lime juice, orgeat, mint sprig"
Banana Daiquiri by Julie Reiner,"jamaica rum, light rum, banana liqueur, lime juice, demerara syrup, banana, caramelized banana slice"
One Love,"coconut fat washed vodka, creme de cacao, lime juice, honey syrup, pineapple juice"
Accidental Tourist,"peach liqueur, orgeat, lemon juice"
Just for Mary,"rye whiskey, lillet blanc, cherry liqueur, orange bitters"
Blackberry Press,"limoncello, crème de mûre, lemon juice, simple syrup, mint leaves, blackberries, blackberries"
Best Fronds,"pineapple rum, camapri, sweet vermouth, chocolate bitters"
Bellini,"prosecco, peach puree"
Water on the Vine,"aquavit, lime juice, simple syrup"
Apricot Julep,"bourbon, apricot liqueur, simple syrup, mint leaves, mint sprig"
Jungle Bird,"jamaica rum, campari, pineapple juice, lime juice, simple syrup, pineapple fronds"
Arinato,"mezcal espadin, lillet blanc, dolin dry vermouth, yellow chartreuse, peychaud’s bitters, maraschino liqueur, grapefruit twist"
Pineapple Daiquiri,"dark rum, pineapple juice, lime juice, simple syrup, coupe"
Bare Knuckle Boxer,"light rum, vodka, orange liqueur, blood orange juice, simple syrup, lemon juice, saline solution, dehydrated lemon wheel"
Moscow Mule,"vodka, lime juice, ginger beer, lime wheel"
Penicillin,"scotch whiskey, lemon juice, honey syrup, ginger syrup, laphroaig islay scotch, candied ginger"
Alabama Slammer,"vodka, sloe gin, southern comfort, orange juice, grenadine float, orange slice, maraschino cherry"
Switchblade,"blanco tequila, white creme de cacao, lime juice, simple syrup, ground cayenne pepper"
Three-Ingredient Midori Sour,"midori, lime juice, egg white"
Whiskey Peach Smash,"bonded bourbon, orange liqueur, lemon wedges, mint leaves"
Arrack Punch,"batavia arrack, jamaica rum, lemon juice, simple syrup, pineapple juice"
Pendergast #2,"whiskey, sweet vermouth, benedictine, orange bitters, lemon twist"
La Florida,"light rum, sweet vermouth, creme de cacao, orange liqueur, lime juice, grenadine, orange twist"
Hummingbird,"light rum, lime juice, honey syrup, garnishes, mango fruit leather"
Gin and It,"gin, sweet vermouth, lemon twist"
Frozen Strawberry Daiquiri,"light rum, strawberry puree, lime syrup, simple syrup, sweetened heavy cream, mint sprig"
Improved Orange Whip,"rhum barbancourt blanc, coconut fat washed vodka, velvet falernum, heavy cream, orange juice, simple syrup, soda water, egg white, soda water"
Fond Farewell,"rittenhouse bonded rye, rhum agricole, cocchi americano, campari, orange twist"
Seven Seas Swizzle,"batavia-arrack, lime juice, orange bitters, mint sprig, dehydrated lime wheel, nutmeg"
Lucien Gaudin,"gin, campari, cointreau, dry vermouth, orange twist"
Kitty Highball,"red wine, ginger syrup, lime juice, soda water"
Thin Margins,"pimm’s no 1, barr hill gin, lime juice, ginger syrup, maple syrup, egg white, angostura bitters"
Blinker,"rye whiskey, grapefruit juice, grenadine"
Amaro Sour,"amaro, bourbon, lemon juice, simple syrup, egg white"
Strawberry Star,"strawberry brandy, sweet vermouth, angostura bitters, lemon twist"
A Radish Walks into a Bar,"ransom old tom gin, sweet vermouth, lemon juice"
Rum Runner,"light rum, jamaica rum, pineapple juice, lime juice, simple syrup, peychaud's bitters, dehydrated citrus wheel, pineapple fronds"
The Star,"sweet vermouth, applejack, angostura bitters"
Laurel Canyon,"mulholland gin, dry vermouth, amaro montenegro, cucumber slices, grapefruit bitters, cucumber slice"
Cocchi Cola,"tennessee whiskey, cocchi americano, amaro nonino, tiki bitters, coupe"
Kona Swizzle,"rhum agricole, coffee liqueur, lime juice, orgeat, mint leaves, mint sprig"
Boilermaker House Sour,"scotch, lemon juice, simple syrup, passionfruit syrup, angostura bitters, egg white, ipa topped"
White Russian,"vodka, coffee liqueur, simple syrup, hand whipped heavy cream"
Cool Headed Monkey,"caña brava 3yr rum, mandarine napoleon, watermelon juice, pineapple juice, lime juice, cinnamon syrup, pineapple frond, fresh fruit"
Little Tokyo,"nigori sake, cappelletti apertivo, sweet vermouth, yuzu juice, orange twist"
Macho Manhattan,"rye whiskey, licor 43, sweet vermouth, maraschino cherry juice, maraschino cherry"
Caipirissimo,"mezcal, select apertivo, simple syrup, caster sugar"
Winds of Winter,"light rum, clarified tropical mix, blue curaçao, angostura bitters"
Puka Punch,"light rum, cruzan gold, dark rum, velvet falernum, lime juice, honey syrup, orange juice, pineapple juice, passion fruit juice, angostura bitters, lemon hart 151 float, cherry, pineapple wedge, orange slice"
Zombie Panda,"pisco, lychee syrup, lemon juice"
High Tide,"gin, cocchi americano, feegans’s orange bitters"
Vatican City,"gentian liqueur, blanc vermouth, lime juice, simple syrup, soda water, grapefruit twist"
Mexican Breakfast Stout,"guinness, reposado tequila, coffee liqueur, cold brew concentrate, cinnamon syrup, cointreau cream"
The Velvet Rut,"bonded bourbon, banana liqueur, coffee liqueur, bittermen’s tiki bitters, lemon twist"
Hole in the Cup,"blanco tequila, absinthe, pineapple juice, simple syrup, lime juice, cucumber slices, cucumber slice"
Puritan,"gin, yellow chartreuse, dry vermouth, feegans orange bitters, lemon twist"
Tennessee Mai Tai,"jack daniel’s rye whiskey, cointreau, orgeat, lemon juice, lime juice, mint sprig, lime wheel"
Put on a Happy Face,"rhum agricole blanc, green chartreuse, pineapple juice, lemon juice, cinnamon syrup"
Pressure Drop,"old tom gin, meletti amaro, dry vermouth, pear brandy, angostura bitters"
Southern Whiskey Rebellion,"scotch, cynar, peach liqueur, lemon juice, lemon twist"
JFK Harris,"light rum, lemon juice, simple syrup, mint leaves, red wine"
Bitter Fingers,"zucca rabarbaro, orgeat, rye whiskey, lemon juice, pineapple juice, angostura bitters, lemon twist, maraschino cherry"
Bounty Law,"bourbon, amaro angelino, lemon juice, orange juice, egg white, angostura bitters"
Goo,"gran classico, sweet vermouth, gin"
Lower Manhattan,"irish wiskey, sweet vermouth, tobacco bitters, orange twist"
Aviation,"gin, lemon juice, maraschino liqueur, crème de violette, maraschino cherry, coupe"
Fight Milk,"jamaica rum, banana liqueur, whole milk, simple syrup, egg, xocolatl mole bitters, grated nutmeg"
Bramble,"gin, lemon juice, simple syrup, crème de mûre, lemon wedge, fresh blackberry"
Oaxacan Roja,"mezcal, cynar, maraschino liqueur, orange bitters, maraschino cherry, coupe"
Lucano Corretto,"amaro lucano, aged rum, coffee liqueur, heavy cream, aztec chocolate bitters, chocolate"
Newark,"bonded applejack, sweet vermouth, fernet branca, maraschino liqueur, coupe"
Temperance Grapefruit Collins,"grapefruit juice, lime juice, simple syrup, soda water, grapefruit slice"
El Fiero,"blanco tequila, cointreau, crème de menthe, crème de cacao, orange twist"
Busy Knee,"genepy des alpes, honey syrup, lime juice, lemon juice, coupe"
Pink lady,"gin, applejack, lemon juice, grenadine syrup, egg white"
Midori Sour,"mezcal espadin, midori, yuzu juice, pineapple juice, simple syrup"
Ice-Berg,"reposado tequila, orgeat, lemon juice, underberg bitters"
Beam Me Up Toddy,"pear juice, orange juice, clover honey, water, kosher salt, orange peel, lemon peel, sage, yuzu juice, lemon juice"
Seelbach,"bourbon, cointreau, angostura bitters, peychaud’s bitters, prosecco, orange twist"
Grasshopper,"mint infused vodka, crème de cacao, ancho reyes verde, white chocolate syrup"
Key Lime Mimosa,"prosecco, licor 43, lime juice"
The Nightcap Before Christmas,"spiced rum, whole milk"
Butterbeer,"good english ale, egg yolks, demerara sugar, butter, nutmeg, ginger, clove, fresh grated nutmeg"
Hot Buttered Rum,rum
Brancolada,"jamaica rum, pineapple juice, coconut cream, orange juice, mint sprig"
Howick Hall,"cognac, bergamot tea syrup, heavy cream, orange bitters"
Exit Strategy,"amaro nonino, cognac, meletti amaro, kosher salt, orange peel"
Billionaire,"bourbon, simple syrup, camapri, absinthe bitters, lemon juice, dehydrated lemon wheel"
Milk Punch,"whole milk, brandy, simple syrup, vanilla exctract, nutmeg"
Song of the Siren,"rhum agricole blanc, mezcal espadin, crème de cacao, lime juice, pineapple juice, baulio amaro, banana leaf"
Father Knows Best,"scotch whiskey, jägermeister, green chartreuse, root beer syrup, dad's old fashioned root beer, caster sugar"
Li Ziqi Highball 李子柒 高杯,"vodka, lime juice, passion fruit purée, ginger syrup, lime cordial, soda water, highball"
Another Time,"rum, pineapple juice, lime juice, coconut cream, sugar cane syrup, lime wheel"
Bitter Mai Tai,"campari, rum, orange liqueur, lime juice, orgeat, mint sprig, lime wheel"
Coffee Cocktail,"cognac, ruby port, demerara syrup, egg, grated nutmeg"
Mad Hatter,"rye whiskey, simple syrup, lime juice, lemon juice, absinthe, dehydrated lemon wheel"
Swimming Pool,"vodka, light rum, pineapple juice, heavy cream, coconut cream, blue curaçao"
Ce Soir,"cognac, cynar, yellow chartreuse, angostura bitters, regan’s orange bitters"
Death Flip,"blanco tequila, jägermeister, yellow chartreuse, egg, simple syrup, grated nutmeg"
Fall Enzoni,"rye whiskey, campari, lemon juice, simple syrup, grapes"
Best Year,"vodka, blue curaçao, licor 43, aquavit, pineapple juice, lime cordial, lime juice, pineapple frond, maraschino cherry, lime rose"
Boys Bar Drive,"gin, aperol, coffee liqueur, campari, orange twist"
The Joker Cocktail,"gin, lemon juice, lime cordial, cinnamon syrup, chloroxygen, butterfly pea tea"
Division Bell,"mezcal, aperol, maraschino liqueur, lime juice, grapefruit twist"
Banana Daiquiri Take 653,"dark rum, light rum, banane du brésil, lime juice, demerara syrup, ripe banana, blackstrap bitters, orchids"
Arbitrary Nature of Time,"campari, cherry herring, mole bitters, orange bitters"
Freight Train Swizzle,"rum, velvet falrnum, green chartreuse, lime juice, angostura bitters, mint sprig"
Mr. Bodi Hai,"rum, coffee liqueur, banana liqueur, pineapple juice, lemon juice, toasted macadamia orgeat, angostura bitters, pineapple wedge, pineapple frond"
Get Lucky,"light rum, lemon juice, orgeat, ginger syrup, acacia honey syrup, blackberries, peychaud’s bitters, blackberry garnishes"
Age of Aquarius,"mezcal, lime juice, passionfruit syrup, honey syrup, campari, mint sprig"
Junior,"rye whiskey, benedictine, lime juice, angostura bitters, nick and nora"
Sloe Gin Fizz,"sloe gin, lemon juice, simple syrup, soda water, lemon wheel"
Marlin,"light rum, rhum agricole, blue curaçao, maraschino liqueur, orgeat, lemon juice, lime juice, maraschino cherries"
Hurricane,"jamaica rum, lemon juice, passionfruit syrup, cocktail umbrella"
Prescription Julep,"brandy, rye whiskey, simple syrup, mint leaves, sugar cube, mint sprig"
Nuclear Daiquiri,"overproof rum, green chartreuse, velvet falernum, lime juice, lime wheel, nick and nora"
Kentucky Buck,"bourbon, lemon juice, simple syrup, ginger syrup, fresh strawberries, ginger beer, candied ginger, strawberry"
French Pearl,"gin, lime juice, simple syrup, absinthe rinse, mint leaves, mint leaf"
Norwegian Paralysis,"aquavit, orange juice, pineapple juice, lemon juice, orgeat, demerara syrup, pineapple frond, mint sprig, pilsner glass"
Dear Jane,"gin, campari, sweet vermouth, elderflower liqueur, lemon twist"
Death in Oaxaca,"mezcal, green chartreuse, lime juice, agave, champagne, lime twist"
A Fistfull of Dollars,"cachaça, meadowsweet syrup, lime juice, kiwi, kiwi slice, coupe"
Saturn,"gin, velvet falernum, lemon juice, passionfruit syrup, orgeat, maraschino cherry"
Millionaire,"rum, sloe gin, apricot liqueur, lime juice, dehydrated lime wheel, nick and nora"
Peach Cobbler,"gin, peach liqueur, orgeat, lemon juice, season fruit, mint sprig"
Lake at Night,"vodka, blue curaçao, lemon juice, honey syrup, cardamon bitters, orange twist, nick and nora"
Banana Farmer,"overproof rum, light rum, banana liqueur, velvet falernum, lime juice, pineapple juice, pineapple frond, caramelized banana slice"
12 Mile Limit,"light rum, rye whiskey, brandy, grenadine, lemon juice, lemon wheel, nick and nora"
The Shark-Infested Custard,"rum, overproof rum, licor 43, coconut cream, lemon juice, amaro di angostura, pineapple frond, lime, sugar cube, lemon hart 151, ground cinnamon, hollowed out pineapple"
Spring Swing,"gin, simple syrup, lemon juice, maraschino liqueur, elderflower liqueur, cucumber wheels, strawberry slices, cucumber wheel, strawberry slice"
Cool Aunt Pimm,"sherry, blanco tequila, lemon juice, raspberry preserve, sea salt, cucumber tonic water, mint sprig, lemon twist"
Rum & Cola,"light rum, coke reduction, fernet branca, orinoco bitters, champagne, lemon twist"
Death in the Gulf Stream,"genever, lime juice, simple syrup, angostura bitters, mint sprig"
Caractacus Potts,"gin, watermelon juice, lemon juice, simple syrup, soda water, mint sprig"
Yellow Pepper No. 2,"mezcal, yellow chartreuse, lemon juice, simple syrup, scrappy’s firewater bitters, shishito pepper, sea salt"
Raspberry Beret,"gin, raspberry liqueur, blanc vermouth, cocchi americano, mint sprig, raspberry, nick and nora"
High Priest of California,"brandy, fino sherry, lillet rouge, orgeat, lemon juice, pineapple juice, angostura bitters, soda water"
Rum and Ramajay,"dark rum, amaro di angostura, white crème de cacao, coffee bitters, chocolate bitters, maraschino cherry"
Sex on the Beach,"vodka, peach liqueur, orange juice, cranberry juice, maraschino cherry, cocktail umbrella, hurricane glass"
Fairbanks Loan No. 2,"gin, rum, lilletpertif, lime juice, lemon juice, honey syrup, lemon twist, coupe"
Bow and Arrow,"bourbon, mezcal, pineapple juice, lime juice, sugar cane syrup"
Long Island Ice Tea,"light rum, vodka, tequila, gin, cointreau, lemon juice, simple syrup, coke, lemon wheel, maraschino cherry, highball"
Commando,"bourbon, cointreau, lime juice, simple syrup, absinthe rinse, coupe"
Miami Vice,"light rum, jamaica rum, pineapple juice, coconut cream, simple syrup, strawberries, pineapple frond, strawberry fan, hurricane glass"
Daiquiri,"rum, lime juice, simple syrup, lime wheel"
Sloe Gin Martinez,"sloe gin, sweet vermouth, orange liqueur, maraschino liqueur, campari, orange twist, lemon twist"
Grapefruit Mule,"gin, grapefruit liqueur, aperol, grapefruit bitters, lime juice, ginger syrup, soda water, orange twist"
Siren of the Fjords,"aquavit, orange liqueur, sherry, sweet vermouth, orange bitters, coupe"
Fontoura,"silver cachaça, cachaça, amaro montenegro, grapefruit juice, lime juice, simple syrup, orange twist"
Pan Daisy,"gin, aquavit, cointreau, grapefruit juice, cinnamon syrup, nutmeg, orange peel"
Mulholland Drive,"campari, gin, amaro montenegro, coffee liqueur, orange twist"
Angostura Colada,"angostura bitters, jamaica rum, pinapple juice, coconut cream, lime juice, nutmeg, pineapple frond, orange slice"
Mexican Firing Squad,"tequila, grenadine, lime juice, angostura bitters, orange twist, soda water"
Aperol Spritz,"aperol, prosecco, soda water, orange wheel"
Monte Carlo,"rye whiskey, benedictine, angostura bitters, lemon twist"
French 75,"gin, lemon juice, simple syrup"
Champagne Cocktail,"sugar cube, angostura bitters, champagne"
Boulevardier,"bonded bourbon, campari, sweet vermouth, flamed orange peel"
Jack Rose,"applejack, lime juice, grenadine, lime wheel"
Negroni,"gin, sweet vermouth, campari, orange peel"
Daisy,"gin, orange liqueur, lemon juice, soda water, lemon twist"
Manhattan,"rye whiskey, sweet vermouth, angostura bitters, luxardo cherry"
Sazerac,"rye whiskey, peychauds bitters, sugar cube, soda water, absinthe rinse, lemon peel"
