,Name,URL,Ingredients
0,Long Island Tea,https://www.thecocktaildb.com/drink/11002-Long-Island-Tea,"vodka, rum, gin, tequila, lemon, coca-cola"
1,Moscow Mule,https://www.thecocktaildb.com/drink/11009-Moscow-Mule,"vodka, lime, ginger ale"
2,Black Russian,https://www.thecocktaildb.com/drink/11102-Black-Russian,"coffee liqueur, vodka"
3,Bloody Mary,https://www.thecocktaildb.com/drink/11113-Bloody-Mary,"vodka, tomato, Lemon, worcestershire sauce,  tabasco sauce, lime"
4,Blue Lagoon,https://www.thecocktaildb.com/drink/11117-Blue-Lagoon,"vodka, curacao, Lemon, cherry"
5,Blue Mountain,https://www.thecocktaildb.com/drink/11119-Blue-Mountain,"rum, tia maria, vodka, orange, Lemon"
6,Chocolate Black Russian,https://www.thecocktaildb.com/drink/11243-Chocolate-Black-Russian,"kahlua, vodka, chocolate ice-cream"
7,Godchild,https://www.thecocktaildb.com/drink/11422-Godchild,"vodka, amaretto, cream"
8,Godmother,https://www.thecocktaildb.com/drink/11424-Godmother,"vodka, amaretto"
9,Harvey Wallbanger,https://www.thecocktaildb.com/drink/11462-Harvey-Wallbanger,"vodka, galliano, orange"
10,Kamikaze,https://www.thecocktaildb.com/drink/11600-Kamikaze,"vodka, triple sec, lime"
11,Orgasm,https://www.thecocktaildb.com/drink/11872-Orgasm,"creme de cacao, amaretto, triple sec, vodka, cream"
12,Screwdriver,https://www.thecocktaildb.com/drink/12162-Screwdriver,"vodka, orange"
13,Victory Collins,https://www.thecocktaildb.com/drink/12452-Victory-Collins,"vodka, Lemon, grape, sugar, orange"
14,Vodka And Tonic,https://www.thecocktaildb.com/drink/12460-Vodka-And-Tonic,"vodka, tonic water"
15,White Russian,https://www.thecocktaildb.com/drink/12528-White-Russian,"vodka, coffee liqueur, cream"
16,Sex on the Beach,https://www.thecocktaildb.com/drink/12754-Sex-on-the-Beach,"vodka, peach schnapps, cranberry, orange"
17,Autodafé,https://www.thecocktaildb.com/drink/12756-Autodafé,"vodka, lime, soda water"
18,Absinthe #2,https://www.thecocktaildb.com/drink/12790-Absinthe-#2,"vodka, sugar, anise, licorice root, wormwood"
19,Angelica Liqueur,https://www.thecocktaildb.com/drink/12794-Angelica-Liqueur,"Angelica, almond, allspice, cinnamon, anise, coriander, marjoram leaves, vodka, sugar, water,  "
20,Caribbean Orange Liqueur,https://www.thecocktaildb.com/drink/12796-Caribbean-Orange-Liqueur," orange, vodka, sugar"
21,Coffee Liqueur,https://www.thecocktaildb.com/drink/12798-Coffee-Liqueur,"coffee, vanilla extract, sugar, vodka, water"
22,Coffee-Vodka,https://www.thecocktaildb.com/drink/12800-Coffee-Vodka,"water, sugar, coffee, vanilla, vodka, "
23,Popped cherry,https://www.thecocktaildb.com/drink/13072-Popped-cherry,"vodka, cherry liqueur, cranberry, orange"
24,Atomic Lokade,https://www.thecocktaildb.com/drink/13086-Atomic-Lokade,"Lemon, vodka, curacao, triple sec, sugar, ice"
25,Kool-Aid Shot,https://www.thecocktaildb.com/drink/13190-Kool-Aid-Shot,"vodka, amaretto, gin, triple sec, cranberry"
26,National Aquarium,https://www.thecocktaildb.com/drink/13192-National-Aquarium,"rum, vodka, gin, curacao, sour mix, lemon-lime soda"
27,Long vodka,https://www.thecocktaildb.com/drink/13196-Long-vodka,"vodka, lime, bitters, tonic water, ice"
28,Flaming Dr. Pepper,https://www.thecocktaildb.com/drink/13202-Flaming-Dr.-Pepper,"amaretto, vodka, rum, dr. pepper, beer"
29,Sea breeze,https://www.thecocktaildb.com/drink/13377-Sea-breeze,"vodka, cranberry, grapefruit"
30,Atlantic Sun,https://www.thecocktaildb.com/drink/13423-Atlantic-Sun,"vodka, whisky, passion fruit syrup, , club soda"
31,Oreo Mudslide,https://www.thecocktaildb.com/drink/13499-Oreo-Mudslide,"vodka, kahlua, baileys irish cream, vanilla ice-cream, cookie"
32,Pink Panty Pulldowns,https://www.thecocktaildb.com/drink/13535-Pink-Panty-Pulldowns,"Sprite, pink Lemon, vodka"
33,Ice Pick,https://www.thecocktaildb.com/drink/13539-Ice-Pick,"vodka, tea, lemon"
34,Screaming Orgasm,https://www.thecocktaildb.com/drink/13625-Screaming-Orgasm,"vodka, baileys irish cream, kahlua"
35,57 Chevya White License Plate,https://www.thecocktaildb.com/drink/14029-57-Chevy-with-a-White-License-Plate,"creme de cacao, vodka"
36,Belgian Blue,https://www.thecocktaildb.com/drink/14071-Belgian-Blue,"vodka, coconut liqueur, curacao, sprite"
37,Cosmopolitan Martini,https://www.thecocktaildb.com/drink/14133-Cosmopolitan-Martini,"cointreau, vodka, lime, cranberry"
38,Vodka Martini,https://www.thecocktaildb.com/drink/14167-Vodka-Martini,"vodka, vermouth, olive"
39,Addison Special,https://www.thecocktaildb.com/drink/14272-Addison-Special,"vodka, grenadine, orange"
40,Aztec Punch,https://www.thecocktaildb.com/drink/14364-Aztec-Punch,"lemon, vodka, rum, ginger ale"
41,Lemon ,https://www.thecocktaildb.com/drink/14366-Lemon-,"vodka, cointreau, lemon"
42,Kool-Aid Slammer,https://www.thecocktaildb.com/drink/14446-Kool-Aid-Slammer,"grape, vodka"
43,A.D.M. (After Dinner Mint),https://www.thecocktaildb.com/drink/14560-A.D.M.-(After-Dinner-Mint),"creme de menthe, whisky, vodka, chocolate"
44,Arctic Fish,https://www.thecocktaildb.com/drink/14622-Arctic-Fish,"vodka, grape soda, orange, ice, candy"
45,Freddy Kruger,https://www.thecocktaildb.com/drink/14688-Freddy-Kruger,"jägermeister, sambuca, vodka"
46,Bubble Gum,https://www.thecocktaildb.com/drink/14730-Bubble-Gum,"vodka, banana liqueur, orange, peach schnapps"
47,Jello shots,https://www.thecocktaildb.com/drink/14956-Jello-shots,"vodka, jello, water"
48,After sex,https://www.thecocktaildb.com/drink/15182-After-sex,"vodka, creme de banane, orange"
49,San Francisco,https://www.thecocktaildb.com/drink/15184-San-Francisco,"vodka, creme de banane, grenadine, orange"
50,Avalon,https://www.thecocktaildb.com/drink/15266-Avalon,"vodka, pisang ambon, apple, Lemon, Lemon"
51,3-Mile Long Island tea,https://www.thecocktaildb.com/drink/15300-3-Mile-Long-Island-Iced-Tea,"gin, rum, tequila, triple sec, vodka, coca-cola, , bitters,lemon"
52,Orange Crush,https://www.thecocktaildb.com/drink/15330-Orange-Crush,"vodka, triple sec, orange"
53,155 Belmont,https://www.thecocktaildb.com/drink/15346-155-Belmont,"dark rum, rum, vodka, orange"
54,Vodka Russian,https://www.thecocktaildb.com/drink/15403-Vodka-Russian,"vodka, schweppes russchian"
55,Adam Sunrise,https://www.thecocktaildb.com/drink/15567-Adam-Sunrise,"vodka, lemon, water, sugar"
56,A midsummernight dream,https://www.thecocktaildb.com/drink/15675-A-midsummernight-dream,"vodka, kirschwasser, strawberry liqueur, strawberries, schweppes russchian"
57,Apricot punch,https://www.thecocktaildb.com/drink/15849-Apricot-punch,"brandy, champagne, vodka, 7-up, orange"
58,Black Forest Shake,https://www.thecocktaildb.com/drink/15951-Black-Forest-Shake,"ice, chocolate syrup, brandy, vodka, milk"
59,Bellini Martini,https://www.thecocktaildb.com/drink/16176-Bellini-Martini,"ice, vodka, peach nectar, peach schnapps, Lemon"
60,Jitterbug,https://www.thecocktaildb.com/drink/16178-Jitterbug,"gin, vodka, grenadine, lime, sugar, sugar syrup, soda water"
61,Shark Attack,https://www.thecocktaildb.com/drink/16273-Shark-Attack,"lemon, water, vodka"
62,Adam Bomb,https://www.thecocktaildb.com/drink/16333-Adam-Bomb,"rum, vodka, tequila, triple sec, fruit, ice, salt, fruit"
63,Arizona Antifreeze,https://www.thecocktaildb.com/drink/16354-Arizona-Antifreeze,"vodka, midori melon liqueur, "
64,Zipperhead,https://www.thecocktaildb.com/drink/16942-Zipperhead,"chambord raspberry liqueur, vodka, soda water"
65,A Gilligan's Island,https://www.thecocktaildb.com/drink/16943-A-Gilligans-Island,"vodka, peach schnapps, orange, cranberry"
66,Zorbatini,https://www.thecocktaildb.com/drink/16963-Zorbatini,"vodka, ouzo"
67,Vodka Fizz,https://www.thecocktaildb.com/drink/16967-Vodka-Fizz,"vodka, , lime, ice, nutmeg"
68,Radioactive Long Island tea,https://www.thecocktaildb.com/drink/16984-Radioactive-Long-Island-Iced-Tea,"rum, vodka, tequila, gin, triple sec, chambord raspberry liqueur, midori melon liqueur, malibu rum"
69,Irish Curdling Cow,https://www.thecocktaildb.com/drink/16987-Irish-Curdling-Cow,"baileys irish cream, whisky, vodka, orange"
70,Pink Penocha,https://www.thecocktaildb.com/drink/16992-Pink-Penocha,"everclear, vodka, peach schnapps, orange, cranberry"
71,Orange Whip,https://www.thecocktaildb.com/drink/16995-Orange-Whip,"orange, rum, vodka, cream, ice"
72,Bruised Heart,https://www.thecocktaildb.com/drink/16998-Bruised-Heart,"vodka, chambord raspberry liqueur, peachtree schnapps, cranberry"
73,Gideon's Green Dinosaur,https://www.thecocktaildb.com/drink/17002-Gideons-Green-Dinosaur,"dark rum, vodka, triple sec, tequila, melon liqueur, mountain dew"
74,Irish Russian,https://www.thecocktaildb.com/drink/17015-Irish-Russian,"vodka, kahlua, coca-cola, guinness stout"
75,Homemade Kahlua,https://www.thecocktaildb.com/drink/17044-Homemade-Kahlua,"sugar, corn syrup, coffee, vanilla extract, water, vodka"
76,Army special,https://www.thecocktaildb.com/drink/17066-Army-special,"vodka, gin, lime cordial, ice"
77,Arizona Twister,https://www.thecocktaildb.com/drink/17074-Arizona-Twister,"vodka, malibu rum, tequila, orange, pineapple, coconut, grenadine, ice, pineapple"
78,501 Blue,https://www.thecocktaildb.com/drink/17105-501-Blue,"curacao, blueberry schnapps, vodka, sour mix, 7-up"
79,Brain Fart,https://www.thecocktaildb.com/drink/17120-Brain-Fart,"everclear, vodka, Mountain Dew, Surge, lemon, rum"
80,Cherry Electric Lemon,https://www.thecocktaildb.com/drink/17174-Cherry-Electric-Lemon,"gin, tequila, vodka, rum, triple sec, cherry grenadine, , club soda"
81,Dirty Martini,https://www.thecocktaildb.com/drink/17181-Dirty-Martini,"vodka, vermouth, olive brine, lemon, olive"
82,Cosmopolitan,https://www.thecocktaildb.com/drink/17196-Cosmopolitan,"vodka, lime, cointreau, cranberry"
83,Long Island tea,https://www.thecocktaildb.com/drink/17204-Long-Island-Iced-Tea,"vodka, tequila, rum, gin, coca-cola, twist of Lemon"
84,Espresso Martini,https://www.thecocktaildb.com/drink/17212-Espresso-Martini,"vodka, kahlua, sugar syrup"
85,French Martini,https://www.thecocktaildb.com/drink/17213-French-Martini,"vodka, raspberry liqueur, Pineapple"
86,Russian Spring Punch,https://www.thecocktaildb.com/drink/17214-Russian-Spring-Punch,"vodka, creme de cassis, sugar syrup, Lemon"
87,Vesper,https://www.thecocktaildb.com/drink/17218-Vesper,"gin, vodka, lillet"
88,Butter Baby,https://www.thecocktaildb.com/drink/17220-Butter-Baby,"vanilla ice-cream, butterscotch schnapps, milk, vodka"
89,Absolutely Fabulous,https://www.thecocktaildb.com/drink/17224-Absolutely-Fabulous,"vodka, cranberry, champagne"
90,Greyhound,https://www.thecocktaildb.com/drink/17252-Greyhound,"vodka, grapefruit"
91,Bloody Punch,https://www.thecocktaildb.com/drink/178312-Bloody-Punch,"vodka, strawberries, lime, lemon-lime soda, lemon-lime soda, raisins, blueberries"
92,Halloween Punch,https://www.thecocktaildb.com/drink/178313-Halloween-Punch,"cherry, orange peel, red chili flakes, oves, inger, vodka"
93,747 Drink,https://www.thecocktaildb.com/drink/178318-747-Drink,"vodka, roses sweetened lime, cranberry, sprite"
94,Passion Fruit Martini,https://www.thecocktaildb.com/drink/178323-Passion-Fruit-Martini,"vodka, sugar syrup, glass passion fruit"
95,Figgy Thyme,https://www.thecocktaildb.com/drink/178344-Figgy-Thyme,"vodka, honey, figs, thyme, bitters, tonic water"
96,Snowday,https://www.thecocktaildb.com/drink/178349-Snowday,"vodka, amaro montenegro, port, blood orange,  bitters,orange peel"
97,Pornstar Martini,https://www.thecocktaildb.com/drink/178357-Pornstar-Martini,"vodka, passoa, passion fruit, lime, prosecco"
98,Kiwi Martini,https://www.thecocktaildb.com/drink/178359-Kiwi-Martini,"kiwi, sugar syrup, vodka,kiwi"
99,Lemon Elderflower Spritzer,https://www.thecocktaildb.com/drink/178360-Lemon-Elderflower-Spritzer,"elderflower cordial, vodka, soda water, Lemon"
100,Vodka Slime,https://www.thecocktaildb.com/drink/178362-Vodka-Slime,"sprite, lime, vodka"
101,Vodka Lemon,https://www.thecocktaildb.com/drink/178363-Vodka-Lemon,"vodka, Lemon, Lemon, ice"
102,Vodka Tonic,https://www.thecocktaildb.com/drink/178364-Vodka-Tonic,"vodka, tonic water, Lemon"
104,Negroni,https://www.thecocktaildb.com/drink/11003-Negroni,"gin, campari, sweet vermouth"
105,Dry Martini,https://www.thecocktaildb.com/drink/11005-Dry-Martini,"gin, vermouth, olive"
106,Alaska Cocktail,https://www.thecocktaildb.com/drink/11013-Alaska-Cocktail,"orange bitters, gin, chartreuse, twist of Lemon"
107,Alexander,https://www.thecocktaildb.com/drink/11014-Alexander,"gin, creme de cacao, cream, nutmeg"
108,Allies Cocktail,https://www.thecocktaildb.com/drink/11022-Allies-Cocktail,"vermouth, gin, kummel"
109,Angel Face,https://www.thecocktaildb.com/drink/11034-Angel-Face,"brandy, brandy, gin"
110,Archbishop,https://www.thecocktaildb.com/drink/11052-Archbishop,"gin, ginger wine, benedictine, lime"
111,Arthur Tompkins,https://www.thecocktaildb.com/drink/11054-Arthur-Tompkins,"gin, grand marnier, Lemon, twist of Lemon"
112,Artillery,https://www.thecocktaildb.com/drink/11055-Artillery,"sweet vermouth, gin, bitters"
113,Bermuda Highball,https://www.thecocktaildb.com/drink/11084-Bermuda-Highball,"brandy, gin, vermouth, water, Lemon"
114,Bluebird,https://www.thecocktaildb.com/drink/11120-Bluebird,"gin, triple sec, curacao, bitters, maraschino cherry, twist of Lemon"
115,Boomerang,https://www.thecocktaildb.com/drink/11124-Boomerang,"gin, vermouth, bitters, maraschino liqueur, maraschino cherry"
116,Boxcar,https://www.thecocktaildb.com/drink/11149-Boxcar,"gin, triple sec, Lemon, grenadine, egg white"
117,Casino Royale,https://www.thecocktaildb.com/drink/11224-Casino-Royale,"gin, Lemon, maraschino liqueur, orange bitters, egg yolk"
118,Dragonfly,https://www.thecocktaildb.com/drink/11320-Dragonfly,"gin, ginger ale, lime"
119,Dubonnet Cocktail,https://www.thecocktaildb.com/drink/11326-Dubonnet-Cocktail,"dubonnet rouge, gin, bitters, twist of Lemon"
120,English Highball,https://www.thecocktaildb.com/drink/11338-English-Highball,"brandy, gin, sweet vermouth, water, Lemon"
121,English Rose Cocktail,https://www.thecocktaildb.com/drink/11339-English-Rose-Cocktail,"brandy, gin, vermouth, grenadine, Lemon, cherry"
122,Flying Dutchman,https://www.thecocktaildb.com/drink/11368-Flying-Dutchman,"gin, triple sec"
123,Gentleman's Club,https://www.thecocktaildb.com/drink/11396-Gentlemans-Club,"gin, brandy, sweet vermouth, club soda"
124,Gin And Tonic,https://www.thecocktaildb.com/drink/11403-Gin-And-Tonic,"gin, tonic water, lime"
125,Gin Cooler,https://www.thecocktaildb.com/drink/11407-Gin-Cooler,"gin, water, sugar, orange spiral, Lemon"
126,Gin Daisy,https://www.thecocktaildb.com/drink/11408-Gin-Daisy,"gin, Lemon, sugar, grenadine, maraschino cherry, orange"
127,Gin Fizz,https://www.thecocktaildb.com/drink/11410-Gin-Fizz,"gin, lemon, sugar, water"
128,Gin Sling,https://www.thecocktaildb.com/drink/11415-Gin-Sling,"gin, lemon, sugar, water, twist of orange peel"
129,Gin Smash,https://www.thecocktaildb.com/drink/11416-Gin-Smash,"gin, water, sugar, mint, orange, cherry"
130,Gin Sour,https://www.thecocktaildb.com/drink/11417-Gin-Sour,"gin, Lemon, sugar, orange, maraschino cherry"
131,Gin Squirt,https://www.thecocktaildb.com/drink/11418-Gin-Squirt,"gin, grenadine, sugar, pineapple, strawberries, water"
132,Gin Swizzle,https://www.thecocktaildb.com/drink/11419-Gin-Swizzle,"lime, sugar, gin, bitters, club soda"
133,Gin Toddy,https://www.thecocktaildb.com/drink/11420-Gin-Toddy,"gin, water, sugar, twist of Lemon"
134,Grass Skirt,https://www.thecocktaildb.com/drink/11433-Grass-Skirt,"gin, triple sec, Pineapple, grenadine, pineapple"
135,Hawaiian Cocktail,https://www.thecocktaildb.com/drink/11472-Hawaiian-Cocktail,"gin, triple sec, Pineapple"
136,Jewel Of The Nile,https://www.thecocktaildb.com/drink/11566-Jewel-Of-The-Nile,"gin, chartreuse, chartreuse"
137,Lady Love Fizz,https://www.thecocktaildb.com/drink/11634-Lady-Love-Fizz,"gin, cream, sugar, lemon, egg white, water"
138,London Town,https://www.thecocktaildb.com/drink/11662-London-Town,"gin, maraschino liqueur, orange bitters"
139,Lone Tree Cocktail,https://www.thecocktaildb.com/drink/11664-Lone-Tree-Cocktail,"sweet vermouth, gin"
140,Lone Tree Cooler,https://www.thecocktaildb.com/drink/11666-Lone-Tree-Cooler,"water, gin, vermouth, sugar, orange spiral, Lemon"
141,Martinez Cocktail,https://www.thecocktaildb.com/drink/11720-Martinez-Cocktail,"gin, vermouth, triple sec, orange bitters, cherry"
142,Martini,https://www.thecocktaildb.com/drink/11728-Martini,"gin, vermouth, olive"
143,Orange Oasis,https://www.thecocktaildb.com/drink/11870-Orange-Oasis,"brandy, gin, orange, ginger ale"
144,Pink Gin,https://www.thecocktaildb.com/drink/11936-Pink-Gin,"bitters, gin"
145,Pink Lady,https://www.thecocktaildb.com/drink/11938-Pink-Lady,"gin, grenadine, cream, egg white"
146,Poppy Cocktail,https://www.thecocktaildb.com/drink/11959-Poppy-Cocktail,"gin, creme de cacao"
147,Queen Elizabeth,https://www.thecocktaildb.com/drink/11991-Queen-Elizabeth,"vermouth, gin, benedictine"
148,Royal Fizz,https://www.thecocktaildb.com/drink/12055-Royal-Fizz,"gin, , egg, coca-cola"
149,Royal Gin Fizz,https://www.thecocktaildb.com/drink/12057-Royal-Gin-Fizz,"gin, lemon, sugar, egg, water"
150,Salty Dog,https://www.thecocktaildb.com/drink/12107-Salty-Dog,"grapefruit, gin, salt"
151,Singapore Sling,https://www.thecocktaildb.com/drink/12214-Singapore-Sling,"brandy, grenadine, gin, , water, cherry"
152,Tom Collins,https://www.thecocktaildb.com/drink/12402-Tom-Collins,"gin, Lemon, sugar, club soda, maraschino cherry, orange"
153,Turf Cocktail,https://www.thecocktaildb.com/drink/12418-Turf-Cocktail,"vermouth, gin, anis, bitters, twist of orange peel"
154,Tuxedo Cocktail,https://www.thecocktaildb.com/drink/12420-Tuxedo-Cocktail,"vermouth, gin, maraschino liqueur, anis, orange bitters, cherry"
155,Victor,https://www.thecocktaildb.com/drink/12450-Victor,"gin, sweet vermouth, brandy"
156,Waikiki Beachcomber,https://www.thecocktaildb.com/drink/12474-Waikiki-Beachcomber,"triple sec, gin, Pineapple"
157,Imperial Cocktail,https://www.thecocktaildb.com/drink/12706-Imperial-Cocktail,"lime, gin, aperol"
158,Surf City Lifesaver,https://www.thecocktaildb.com/drink/12760-Surf-City-Lifesaver,"ouzo, baileys irish cream, gin, grand marnier"
160,AT&T,https://www.thecocktaildb.com/drink/13938-AT&T,"vodka, gin, tonic water"
161,69 Special,https://www.thecocktaildb.com/drink/13940-69-Special,"gin, 7-up, Lemon"
166,Ruby Tuesday,https://www.thecocktaildb.com/drink/17114-Ruby-Tuesday,"gin, cranberry, grenadine"
168,Aviation,https://www.thecocktaildb.com/drink/17180-Aviation,"gin, Lemon, maraschino liqueur"
169,Casino,https://www.thecocktaildb.com/drink/17185-Casino,"gin, maraschino liqueur, Lemon, orange bitters, cherry"
170,Clover Club,https://www.thecocktaildb.com/drink/17186-Clover-Club,"gin, grenadine, lemon, egg white"
171,Derby,https://www.thecocktaildb.com/drink/17187-Derby,"gin, peach bitters, mint"
172,Monkey Gland,https://www.thecocktaildb.com/drink/17189-Monkey-Gland,"gin, benedictine, orange, grenadine"
173,Paradise,https://www.thecocktaildb.com/drink/17190-Paradise,"gin, brandy, orange"
174,White Lady,https://www.thecocktaildb.com/drink/17194-White-Lady,"gin, triple sec, Lemon"
175,French 75,https://www.thecocktaildb.com/drink/17197-French-75,"gin, sugar, Lemon, champagne, orange, maraschino cherry"
177,Rose,https://www.thecocktaildb.com/drink/17208-Rose,"vermouth, gin, brandy, Lemon, grenadine, sugar"
178,Bramble,https://www.thecocktaildb.com/drink/17210-Bramble,"gin, Lemon, sugar syrup, creme de mure"
180,A1,https://www.thecocktaildb.com/drink/17222-A1,"gin, grand marnier, Lemon, grenadine"
181,Abbey Martini,https://www.thecocktaildb.com/drink/17223-Abbey-Martini,"gin, sweet vermouth, orange, bitters"
182,Ace,https://www.thecocktaildb.com/drink/17225-Ace,"gin, grenadine, cream, milk, egg white"
183,Adam & Eve,https://www.thecocktaildb.com/drink/17226-Adam-&-Eve,"gin, cognac, creme de cassis, Lemon"
184,Addison,https://www.thecocktaildb.com/drink/17228-Addison,"gin, vermouth"
185,Adios Amigos Cocktail,https://www.thecocktaildb.com/drink/17229-Adios-Amigos-Cocktail,"rum, vermouth, cognac, gin, lime, sugar syrup, water"
186,Gin Rickey,https://www.thecocktaildb.com/drink/17230-Gin-Rickey,"gin, grenadine, lemon, soda water, lime"
187,Salted Toffee Martini,https://www.thecocktaildb.com/drink/17233-Salted-Toffee-Martini,"gin, chocolate liqueur, amaretto, chocolate sauce, chocolate"
188,Bombay Cassis,https://www.thecocktaildb.com/drink/17242-Bombay-Cassis,"gin, creme de cassis, lime, ginger beer, lime, ginger"
189,Rosemary Blue,https://www.thecocktaildb.com/drink/17245-Rosemary-Blue,"gin, curacao, tonic water,rosemary"
190,The Last Word,https://www.thecocktaildb.com/drink/17247-The-Last-Word,"chartreuse, maraschino liqueur, lime, gin"
191,French Negroni,https://www.thecocktaildb.com/drink/17248-French-Negroni,"gin, lillet, sweet vermouth, orange peel"
192,Pegu Club,https://www.thecocktaildb.com/drink/17249-Pegu-Club,"gin, orange curacao, lime, bitters, orange bitters"
193,Corpse Reviver,https://www.thecocktaildb.com/drink/17250-Corpse-Reviver,"gin, triple sec, lillet, Lemon, absinthe"
194,Bijou,https://www.thecocktaildb.com/drink/17254-Bijou,"orange bitters, chartreuse, gin, sweet vermouth"
195,Gimlet,https://www.thecocktaildb.com/drink/17255-Gimlet,"gin, lime, sugar syrup, lime"
196,Martinez 2,https://www.thecocktaildb.com/drink/17256-Martinez-2,"gin, sweet vermouth, maraschino liqueur, bitters"
197,The Laverstoke,https://www.thecocktaildb.com/drink/17824-The-Laverstoke,"gin, elderflower cordial, rosso vermouth, tonic water, lime, ginger,  mint"
198,Abbey Cocktail,https://www.thecocktaildb.com/drink/17834-Abbey-Cocktail,"gin, orange bitters, orange, cherry"
199,Gin Basil Smash,https://www.thecocktaildb.com/drink/178314-Gin-Basil-Smash,"gin, Lemon, sugar syrup, basil"
200,Munich Mule,https://www.thecocktaildb.com/drink/178315-Munich-Mule,"gin, lime, ginger beer, cucumber, lemon"
201,The Philosopher,https://www.thecocktaildb.com/drink/178330-The-Philosopher,"gin, melon liqueur, orange bitters, Lemon, prosecco"
202,The Strange Weaver,https://www.thecocktaildb.com/drink/178339-The-Strange-Weaver,"rum, gin, sweet vermouth, campari,  Lemon,  orgeat syrup,orange peel"
203,Garibaldi Negroni,https://www.thecocktaildb.com/drink/178340-Garibaldi-Negroni,"gin, campari, orange,orange peel"
204,Orange Rosemary Collins,https://www.thecocktaildb.com/drink/178341-Orange-Rosemary-Collins,"gin, orange, Lemon, rosemary syrup, soda water,rosemary,orange peel"
205,Gin and Soda,https://www.thecocktaildb.com/drink/178342-Gin-and-Soda,"gin, soda water, lime"
206,Pink Moon,https://www.thecocktaildb.com/drink/178354-Pink-Moon,"gin, coconut liqueur, elderflower cordial, lime,blackberries"
207,Mountain Bramble,https://www.thecocktaildb.com/drink/178355-Mountain-Bramble,"gin, Lemon, sugar syrup, blackberries, soda water,mint"
208,Gin Tonic,https://www.thecocktaildb.com/drink/178365-Gin-Tonic,"gin, tonic water, Lemon, ice"
209,Gin Lemon,https://www.thecocktaildb.com/drink/178366-Gin-Lemon,"gin, Lemon, Lemon, ice"
210,Ramogin Fizz,https://www.thecocktaildb.com/drink/178367-Ramos-Gin-Fizz,"gin, Lemon, sugar syrup, cream, egg white,  vanilla extract, soda water"
211,Rum Cooler,https://www.thecocktaildb.com/drink/12071-Rum-Cooler,"rum, lemon-lime soda, lemon"
212,Rum Toddy,https://www.thecocktaildb.com/drink/12097-Rum-Toddy,"rum, sugar, twist of Lemon, water"
213,Tia-Maria,https://www.thecocktaildb.com/drink/12856-Tia-Maria,"water, sugar, coffee, rum, vanilla extract"
214,Artillery Punch,https://www.thecocktaildb.com/drink/12870-Artillery-Punch,"black tea, whisky, red wine, rum, brandy, benedictine, orange, lemon"
215,Egg Nog Healthy,https://www.thecocktaildb.com/drink/12916-Egg-Nog---Healthy,"egg, sugar, condensed milk, milk, vanilla extract, rum, nutmeg"
217,Zippy's Revenge,https://www.thecocktaildb.com/drink/14065-Zippys-Revenge,"amaretto, rum, grape"
219,Rum Punch,https://www.thecocktaildb.com/drink/14978-Rum-Punch,"rum,  ginger ale, fruit, orange, ice"
220,Jamaican Coffee,https://www.thecocktaildb.com/drink/15825-Jamaican-Coffee,"lasrum, coffee, water, whipped cream"
225,Hemingway Special,https://www.thecocktaildb.com/drink/17201-Hemingway-Special,"rum, grapefruit, maraschino liqueur, lime"
226,Barracuda,https://www.thecocktaildb.com/drink/17209-Barracuda,"rum, galliano, Pineapple, lime, prosecco"
228,Zombie,https://www.thecocktaildb.com/drink/17241-Zombie,"rum, rum, rum, pernod, grenadine, lime,  bitters"
229,Bahama Mama,https://www.thecocktaildb.com/drink/17267-Bahama-Mama,"rum, dark rum, banana liqueur, grenadine, Pineapple, orange, "
230,Blue Hurricane,https://www.thecocktaildb.com/drink/17268-Blue-Hurricane,"rum, dark rum, passoa, curacao, , ice"
231,Espresso Rumtini,https://www.thecocktaildb.com/drink/178309-Espresso-Rumtini,"rum, vanilla syrup, espresso, coffee"
232,Spice 75,https://www.thecocktaildb.com/drink/178322-Spice-75,"sugar, allspice, rum, lime, champagne,orange spiral"
233,Funk and Soul,https://www.thecocktaildb.com/drink/178328-Funk-and-Soul,"rum, apricot, pomegranate juice, lemon, soda water"
234,Captain Kidd's Punch,https://www.thecocktaildb.com/drink/178329-Captain-Kidds-Punch,"rum, lime, egg white, bitters, sugar, nutmeg"
235,Bounty Hunter,https://www.thecocktaildb.com/drink/178331-Bounty-Hunter,"rum, coconut liqueur,blueberries,  Pineapple, prosecco"
236,Pure Passion,https://www.thecocktaildb.com/drink/178338-Pure-Passion,"rum, passoa, lime, passion fruit syrup,  peach bitters,mint"
238,Margarita,https://www.thecocktaildb.com/drink/11007-Margarita,"tequila, triple sec, lime, salt"
239,Bloody Maria,https://www.thecocktaildb.com/drink/11112-Bloody-Maria,"tequila, tomato, Lemon, tabasco sauce, celery salt, lemon"
240,Blue Margarita,https://www.thecocktaildb.com/drink/11118-Blue-Margarita,"tequila, curacao, lime, salt"
241,Strawberry Margarita,https://www.thecocktaildb.com/drink/12322-Strawberry-Margarita,"strawberry schnapps, tequila, triple sec, Lemon, strawberries, salt"
242,Tequila Fizz,https://www.thecocktaildb.com/drink/12362-Tequila-Fizz,"tequila, Lemon, grenadine, egg white, ginger ale"
243,Tequila Sour,https://www.thecocktaildb.com/drink/12370-Tequila-Sour,"tequila, lemon, sugar, lemon, cherry"
244,Brave Bull Shooter,https://www.thecocktaildb.com/drink/13068-Brave-Bull-Shooter,"tequila, tabasco sauce"
245,Tequila Sunrise,https://www.thecocktaildb.com/drink/13621-Tequila-Sunrise,"tequila, orange, grenadine"
246,Tequila Surprise,https://www.thecocktaildb.com/drink/14602-Tequila-Surprise,"tequila, tabasco sauce"
248,110 in the shade,https://www.thecocktaildb.com/drink/15423-110-in-the-shade,"lager, tequila"
249,Amaretto Stone Sour Alternative,https://www.thecocktaildb.com/drink/16100-Amaretto-Stone-Sour-Alternative,"sour mix, amaretto, tequila, orange"
250,Whitecap Margarita,https://www.thecocktaildb.com/drink/16158-Whitecap-Margarita,"ice, tequila, coconut, lime"
251,Moranguito,https://www.thecocktaildb.com/drink/16196-Moranguito,"absinthe, tequila, renadine"
252,apple Grande,https://www.thecocktaildb.com/drink/16289-apple-Grande,"tequila, apple cider"
255,Downshift,https://www.thecocktaildb.com/drink/16991-Downshift,"fruit, sprite, tequila, rum"
259,Tommy's Margarita,https://www.thecocktaildb.com/drink/17216-Tommys-Margarita,"tequila, lime, agave syrup"
260,Vampiro,https://www.thecocktaildb.com/drink/17217-Vampiro,"tequila, tomato, orange, lime, sugar syrup, salt"
261,Paloma,https://www.thecocktaildb.com/drink/17253-Paloma,"grape soda, tequila"
262,Tequila Slammer,https://www.thecocktaildb.com/drink/178307-Tequila-Slammer,"tequila, 7-up"
263,Pineapple Paloma,https://www.thecocktaildb.com/drink/178327-Pineapple-Paloma,"tequila, grapefruit, lime, Pineapple,lime, pepper"
264,Smashed Watermelon Margarita,https://www.thecocktaildb.com/drink/178332-Smashed-Watermelon-Margarita,"watermelon, mint, grapefruit, lime, tequila,watermelon,mint"
265,Winter Rita,https://www.thecocktaildb.com/drink/178347-Winter-Rita,"tequila, campari, lime, orange, rosemary syrup,  salt"
266,Winter Paloma,https://www.thecocktaildb.com/drink/178348-Winter-Paloma,"tequila, grapefruit, lime, agave syrup,  pepper"
267,Balmoral,https://www.thecocktaildb.com/drink/11060-Balmoral,"scotch, sweet vermouth, vermouth, bitters"
268,Bobby Burns Cocktail,https://www.thecocktaildb.com/drink/11121-Bobby-Burns-Cocktail,"sweet vermouth, scotch, benedictine, twist of Lemon"
269,Dry Rob Roy,https://www.thecocktaildb.com/drink/11324-Dry-Rob-Roy,"scotch, vermouth, twist of Lemon"
270,Flying Scotchman,https://www.thecocktaildb.com/drink/11369-Flying-Scotchman,"scotch, sweet vermouth, bitters, sugar syrup"
271,Godfather,https://www.thecocktaildb.com/drink/11423-Godfather,"scotch, amaretto"
272,Highland Fling Cocktail,https://www.thecocktaildb.com/drink/11476-Highland-Fling-Cocktail,"scotch, sweet vermouth, orange bitters, olive"
273,Loch Lomond,https://www.thecocktaildb.com/drink/11658-Loch-Lomond,"scotch, drambuie, vermouth, twist of Lemon"
274,Rusty Nail,https://www.thecocktaildb.com/drink/12101-Rusty-Nail,"scotch, drambuie, twist of Lemon"
275,Scotch Cobbler,https://www.thecocktaildb.com/drink/12138-Scotch-Cobbler,"scotch, brandy, curacao, orange, mint"
276,Scotch Sour,https://www.thecocktaildb.com/drink/12158-Scotch-Sour,"scotch, lime, sugar, lemon, cherry"
277,Thriller,https://www.thecocktaildb.com/drink/12388-Thriller,"scotch, ginger wine, orange"
278,Whisky Mac,https://www.thecocktaildb.com/drink/12518-Whisky-Mac,"scotch, ginger wine"
279,Irish Cream,https://www.thecocktaildb.com/drink/12820-Irish-Cream,"scotch, , sweetened condensed milk,  coconut syrup, chocolate syrup"
280,Affinity,https://www.thecocktaildb.com/drink/17840-Affinity,"scotch, sweet vermouth, vermouth, orange bitters"
281,Broadside,https://www.thecocktaildb.com/drink/178311-Broadside,"rum, scotch,  bitters, wormwood, ice"
282,Old Fashioned,https://www.thecocktaildb.com/drink/11001-Old-Fashioned,"whisky, bitters, sugar,  water"
283,Manhattan,https://www.thecocktaildb.com/drink/11008-Manhattan,"sweet vermouth, whisky,  bitters, ice, maraschino cherry, twist of orange peel"
284,Allegheny,https://www.thecocktaildb.com/drink/11021-Allegheny,"vermouth, whisky, brandy, Lemon, twist of Lemon"
285,Classic Old-Fashioned,https://www.thecocktaildb.com/drink/11145-Classic-Old-Fashioned,"bitters, water, sugar, whisky, orange, maraschino cherry"
286,Bourbon Sling,https://www.thecocktaildb.com/drink/11146-Bourbon-Sling,"sugar, water, Lemon, whisky, twist of Lemon"
287,Bourbon Sour,https://www.thecocktaildb.com/drink/11147-Bourbon-Sour,"whisky, Lemon, sugar, orange, maraschino cherry"
288,John Collins,https://www.thecocktaildb.com/drink/11580-John-Collins,"whisky, Lemon, sugar, club soda, maraschino cherry, orange"
289,Kentucky B And B,https://www.thecocktaildb.com/drink/11602-Kentucky-B-And-B,"whisky, benedictine"
290,Kentucky Colonel,https://www.thecocktaildb.com/drink/11604-Kentucky-Colonel,"whisky, benedictine, twist of Lemon"
291,Midnight Cowboy,https://www.thecocktaildb.com/drink/11766-Midnight-Cowboy,"whisky, dark rum, cream"
292,Mississippi Planters Punch,https://www.thecocktaildb.com/drink/11786-Mississippi-Planters-Punch,"brandy, rum, whisky, lemon, sugar, water"
293,Sazerac,https://www.thecocktaildb.com/drink/12127-Sazerac,"ricard, sugar, peychaud bitters, water, whisky, twist of Lemon"
294,Egg Nog #4,https://www.thecocktaildb.com/drink/12910-Egg-Nog-#4,"egg yolk, sugar, milk, rum, whisky, vanilla extract, salt, whipped cream, egg white, sugar, nutmeg"
295,Brandon and Will's Coke Float,https://www.thecocktaildb.com/drink/16447-Brandon-and-Wills-Coke-Float,"vanilla ice-cream, Coca-Cola, whisky"
297,Mint Julep,https://www.thecocktaildb.com/drink/17206-Mint-Julep,"mint, whisky, sugar, water"
298,Raspberry Julep,https://www.thecocktaildb.com/drink/178333-Raspberry-Julep,"whisky, raspberry syrup, mint"
299,Brandy Alexander,https://www.thecocktaildb.com/drink/11016-Brandy-Alexander,"brandy, creme de cacao, cream, nutmeg"
301,Boston Sidecar,https://www.thecocktaildb.com/drink/11128-Boston-Sidecar,"rum, brandy, triple sec, lime"
302,Brandy Cobbler,https://www.thecocktaildb.com/drink/11157-Brandy-Cobbler,"sugar, club soda, lemon, brandy, maraschino cherry, orange"
303,Brandy Flip,https://www.thecocktaildb.com/drink/11164-Brandy-Flip,"brandy, egg, sugar, cream, nutmeg"
304,Brandy Sour,https://www.thecocktaildb.com/drink/11170-Brandy-Sour,"brandy, lemon, sugar, lemon, cherry"
305,City Slicker,https://www.thecocktaildb.com/drink/11251-City-Slicker,"brandy, triple sec, Lemon"
309,Port Wine Cocktail,https://www.thecocktaildb.com/drink/11963-Port-Wine-Cocktail,"port, brandy"
310,Quaker's Cocktail,https://www.thecocktaildb.com/drink/11983-Quakers-Cocktail,"rum, brandy, lemon, raspberry syrup"
311,Scooter,https://www.thecocktaildb.com/drink/12130-Scooter,"brandy, amaretto, cream"
313,Sidecar Cocktail,https://www.thecocktaildb.com/drink/12198-Sidecar-Cocktail,"brandy, triple sec, lemon"
314,Sol Y Sombra,https://www.thecocktaildb.com/drink/12256-Sol-Y-Sombra,"brandy, anisette"
316,Amaretto Liqueur,https://www.thecocktaildb.com/drink/12792-Amaretto-Liqueur,"sugar, water, apricot, Almond, pure grain alcohol, water, brandy,  ,  ,  , glycerine"
318,Mulled Wine,https://www.thecocktaildb.com/drink/12988-Mulled-Wine,"water, sugar, oves, cinnamon, Lemon, red wine, brandy"
319,Sangria The  Best,https://www.thecocktaildb.com/drink/13026-Sangria-The--Best,"red wine, sugar,  lemon,  orange,  apple, brandy, soda water"
320,Cafe Savoy,https://www.thecocktaildb.com/drink/14181-Cafe-Savoy,"coffee, milk, triple sec, brandy"
321,Amaretto Shake,https://www.thecocktaildb.com/drink/15194-Amaretto-Shake,"chocolate ice-cream, brandy, amaretto"
322,Kioki Coffee,https://www.thecocktaildb.com/drink/16951-Kioki-Coffee,"kahlua, brandy, coffee"
323,Between The Sheets,https://www.thecocktaildb.com/drink/17184-Between-The-Sheets,"brandy, rum, triple sec, Lemon"
324,Porto flip,https://www.thecocktaildb.com/drink/17192-Porto-flip,"brandy, port, egg yolk"
325,Stinger,https://www.thecocktaildb.com/drink/17193-Stinger,"brandy, creme de menthe"
326,Horse's Neck,https://www.thecocktaildb.com/drink/17202-Horses-Neck,"lemon, brandy, ginger ale, bitters"
