Index,Title,Lyrics
0,一切的原因,你看走到這一天 過去想像中的畫面 路上失去的一些 換來智慧的好幾頁 最美的不過是沿途路過的風景 而不是那個目的地 用心去感受每個潮起每個潮落 學會不再那麼執著 就讓這旋律陪你去看遙遠的光景 帶你經歷不容易卻值得的劇情 想跟你一起繼續做白日夢 或許這是一切的原因 我們走到這一天 身在夢想中的畫面 回收的破銅爛鐵 已成為真金錘鍊 最美的從不是沿途的風景 是不管哪一次潮起潮落 都在身邊的你 就讓這旋律陪你去看遙遠的光景 帶你經歷不容易卻值得的劇情 想跟你一起繼續做白日夢 因為你是一切的原因 我會一直擁抱著你無論白天黑夜 無論刮著風下著雨 無論風光明媚 我會一直守護著你不管心多遙遠 陪你拼湊破碎的夢 重新再陪你去追 就讓這旋律陪你經歷狂風和暴雨 再回到不容易卻值得的平靜 想跟你繼續做每一場夢 因為你是一切的原因 我們走到這一天 身在夢想中的畫面 回收的破銅爛鐵已成為真金錘鍊
1,幸福的末班車,從什麼時候開始 我們已經不再聯絡 滑著彼此的生活卻不再回應 曾為了什麼交錯 結果後來選擇不同 曾經相愛的人也淪為對立 縱使命中注定我們要分別 注定一顆心終究要被撕裂 沒有誰比誰抱歉 總是傷口結痂後又再龜裂 不甘心的在心中許下心願 只希望能回到那一站從前 好想要再次的和你一起 感受那種瘋狂的歡笑 痛哭之後被理解的擁抱 徹夜未眠唱著歌說垃圾話 這樣就能足以感到驕傲(感到驕傲) 若是會當閣予我一改機會 我欲佮你做伙袂閣再管浮華世間的一切 所有的願望早就已無所謂 因為一生只想和你一起 趕上幸福的末班車 有些話總是卡在喉嚨說不出口 彼此猜忌之後見面尷尬無處躲 築起一道名為想得太糟的高牆 還舉起著朝向自己腦袋的刀槍 總是傷口結痂後又再龜裂 不甘心的在心中許下心願 只希望能回到那一站從前 好想要再次的和你一起 感受那種瘋狂的歡笑 痛哭之後被理解的擁抱 徹夜未眠唱著歌說垃圾話 這樣就足以感到驕傲(感到驕傲) 若是會當閣予我一改機會 我欲佮你做伙袂閣再管浮華世間的一切 所有的願望早就已無所謂 因為一生只想和你一起 趕上幸福的末班車 好想要再次的和你一起 感受那種瘋狂的歡笑 痛哭之後被理解的擁抱 徹夜未眠唱著歌說垃圾話 這樣就足以感到驕傲(感到驕傲) 若是會當閣予我一改機會 我欲佮你做伙袂閣再管浮華世間的一切 所有的願望早就已無所謂 因為一生只想和你一起 趕上幸福的末班車 Everybody let’s go (啦啦啦～)
2,Goodbye,你曾是我的快樂 像乾旱中的那場雨 給我無數強心針到世界盡頭的勇氣 你曾是我在追逐的夢 證明我存在的證據 在數不清的失憶中照亮黑夜裡的星 或許就是不甘心不願承認失去 把自己鎖在美好回憶裡哀悼不堪的命運 或許該下定決心 何必留戀在不屬於我的地方 就算是流著淚 捨不得走太遠 曾綻放的剎那再美卻都只是瞬間 會記得你的好 和那荒唐的玩笑 謝謝你辛苦了 我愛你直到永遠 就算是重感情的廢物希望你回來 But it’s time to say goodbye It’s time to say goodbye But it’s time to say goodbye 你成為一種執著 越陷越深無法抽離 不再相信自己值得擁有幸福那種命 像個籠中鳥拼命說服自己能繼續沉淪 But you already lost control 傷透願意留在身邊還沒放棄我的你 早就該下定決心 因為我還要去更遙遠的地方 就算是流著淚 捨不得走太遠 曾綻放的剎那再美也都只是瞬間 會記得你的好 和那荒唐的玩笑 謝謝你辛苦了 我愛你直到永遠 就算是重感情的廢物希望你回來 But it’s time to say goodbye 在一望無際的星空中 是否你在那守護著我 千言萬語就放在心裡頭 記得眼淚擦乾了之後 才會明白活著的理由 深愛過才存在過 是時候放手讓你自由 就算是流著淚 捨不得走太遠 曾綻放的剎那再美也都只是瞬間 會記得你的好 和那荒唐的玩笑 謝謝你辛苦了 我愛你直到永遠 就算是重感情的廢物希望你回來 But it’s time to say goodbye It’s time to say goodbye It’s time to say goodbye 感謝你的存在 讓我認識了愛 But it’s time to say goodbye
3,相信2Ø24 (feat. 于修),用謊言編織的情節 還真的是美 就快要失去了所有知覺 分辨是與非 想要的怎樣都不夠 像黑洞 無盡的墜落 給我一個活著的理由 This is the truth I'm fighting for 這一生渴望追求真理 不管世界想要與我為敵 停止再相信不如死去 (Tonight we all believe) 不甘願活在小劇場裡 不照劇本的像是在革命 聽見心裡吶喊的聲音 (Then one day we will see ) 背著我信念把疑惑切碎 即使可能會失敗 我會嘗試好幾遍 直到我的心 停止跳動之前 或許有太多的困難跟阻礙 想提醒我無法再承受 還差一步證明沒任何的理由 能打翻我自己的承諾 And I’ll never stop 即便不輕鬆 Cause this is the truth I’m fighting for 這一生渴望追求真理 不管世界想要與我為敵 停止再相信不如死去 (Tonight we all believe) 不甘願活在小劇場裡 不照劇本的像是在革命 聽見心裡吶喊的聲音 (Then one day we will see) 感謝神一路上的帶領 帶我們走過著每個高山跟低谷 如果你正在經歷某個艱難的時期 此刻神的光將照進你心深處 像一顆希望的種子 慢慢成長茁壯 當光照進來 一切的黑暗將要退去 Amen 我們來自哪裡應該往哪去 嘴裡吐出同情卻破壞徹底 誰在背後支配你也在跟隨 最後也理所當然化成灰 這一生渴望追求真理 不管世界想要與我為敵 停止再相信不如死去 (Tonight we all believe) 不甘願活在小劇場裡 不照劇本的像是在革命 聽見心裡吶喊的聲音 (Then one day we will see) One day we will see One day we believe
4,終究還是因為愛,感謝你曾經給我留下的傷 讓我有比從前要強悍的心臟 感謝在背後支撐住的力量 讓每次暴風雨來臨時還能擁有信仰 是什麼讓我們可以相遇 為什麼讓我們碎得支離 回頭看所有安排好的命運 才認識了註定 是你成為我的盔甲 抵抗所有千軍萬馬 是你讓我懂得原諒 放下過去凝視遠方 不掙扎不抵抗 接受失去擁抱徬徨 到最後 一直在尋找的答案 原來都是因為愛 再美的風景 如果沒有抬頭看 怎麼知道自己不用深陷在黑暗 Think about your love ones Remember they're always around 找到你內在裡的答案就是解藥 是什麼讓我們可以相遇 為什麼讓我們碎得支離 回頭看所有安排好的命運 才認識了註定 是你成為我的盔甲 抵抗所有千軍萬馬 是你讓我懂得原諒 放下過去凝視遠方 不掙扎不抵抗 接受失去擁抱徬徨 到最後 一直在尋找的答案 原來都是因為愛 You make me wanna stay forever Endless nights go on and on Let’s dive into this dream together Just feel the vibe all around I’ve been searching for the answer Aimlessly looking around In this moment nothing matters And the answer is love 是你成為我的盔甲 抵抗所有千軍萬馬 是你讓我懂得原諒 放下過去凝視遠方 Just give in this feeling And let it wash over your skin 到最後 一直在尋找的答案 終究還是因為愛 終究還是因為愛
5,Money Can Not Buy My Soul,來到這個亂世 Huh 需要一點膽識 Yup 太多近利短視 See 許了太多旦誓 Vroom 他們想要質疑我的品味 卻沒有任何的成績匹配 全都是空 全都像是一陣風 Like Trash Bomb Like Like Trash Bomb You Wanna Be Top One You Wanna Be Tough Guy 沒做任何努力卻期待著改變 全部都隨你 別把我定義 Who Are Who Are Who Are You Yes Sir Rolling Rolling Rolling Rolling Rollie Roll Money Money Money Money Can Not Buy My Soul Rolling Rolling Rolling Rolling Rollie Roll Money Money Money Money Can Not Buy My Soul 太多人太浮誇在那爭奇鬥豔 阿諛諂媚的小動作若影若現 選邊站不是我的作風 懂明白看破卻不說破 I Made You Feel Like A Loser 注意不要靠近 見到我們小心 懶得跟你較勁 銀河系的笑柄 You Wanna Be Top One You Wanna Be Tough Guy 沒做任何努力卻期待著改變 全部都隨你 別把我定義 Who Are Who Are Who Are You Yes Sir Rolling Rolling Rolling Rolling Rollie Roll Money Money Money Money Can Not Buy My Soul Rolling Rolling Rolling Rolling Rollie Roll Money Money Money Money Can Not Buy My Soul 回首了從前 單純的童年 那些貪婪的眼神全都消失不見 思緒它在喧囂 該要怎麼做才好 一躍而下我不怕痛 Ah Oh Vroom Rolling Rolling Rollie Roll Money Can Not Buy My Soul Vroom Rolling Rolling Rollie Roll EveryBody Woo Ah Oh Ah Oh Woo Ah Oh Ah Oh Money Money Money Money Can Not Buy My Soul DaDaDaDaDaDaDa DaDaDaDaDa DaDaDaDaDaDaDa DaDaDaDaDa DaDaDaDaDaDaDa DaDaDaDaDa DaDaDaDaDaDaDa Money Can Not Buy My Soul
6,重感情的廢物,我們已經長大 笑著曾經說過的夢話 有幾分能作響 承諾不再偉大 屬於同個宇宙的愛人 終究會離開吧 我翻著那些舊照片 手裡握著冷冰孤寂的獎盃 你已經越來越遙遠 剩下曲終人散的總結 你要我該怎麼去面對 如果少了你怎麼算是幸福 我討厭一個人開香檳慶祝 再美的畫面對我來說只是一片荒蕪 說好到最後一哩路 我就是重感情的廢物 愛上那些謊話 離開心裡天真的孩子 無情的擁抱吧 反正這是命啊 早習慣享受這種孤獨 和沈重的步伐 我翻著那些舊照片 手裡握著冷冰孤寂的獎盃 (你不存在的空間) 你已經越來越遙遠 剩下曲終人散的總結 看不見聽不見除非你在我身邊 如果少了你怎麼算是幸福 我討厭一個人開香檳慶祝 再美的畫面對我來說只是一片荒蕪 說好到最後一哩路 我就是重感情的廢物 想回到那一天 是多麽不顧一切 那樣的我們離這世界好遠 受夠自己在這裡抱怨這個世界 反正不管再怎麼靠背也都不會改變 除非你陪我浪費 如果少了你怎麼算是幸福 我討厭一個人開香檳慶祝 再美的畫面對我來說只是一片荒蕪 說好到最後一哩路 不想接受就這樣的結束 我就是重感情的廢物
7,希望你回來,我知道此刻你也一樣不甘心 放不下心愛的人匆匆離去 為難你的淚水我拼命擦去 才知道我心中你多了不起 看你演的戲聽你愛的歌 就好像你從沒離開過這 怪自己是凡人無能為力 才會如此想你 我只希望你回來 我只希望你回來 說好要看著我實現 那不切實際的諾言怎能不告而別 還沒準備好去面對沒有你的世界 會不會你現在比從前快樂 少了受傷的心和崩壞的軀殼 答應我不必再對自己苛責 因為你早已經是最棒的人 一生風風雨雨坎坎坷坷 連天上的星星也都不捨 還來不及寫出你盼望的那一首情歌 我只希望你回來 我只希望你回來 說好要看著我實現 那不切實際的諾言怎能不告而別 I don't wanna say goodbye I don't wanna say goodbye 答應你我會更堅強 當個有骨氣的男人不再輕易流淚 只願這一切能發生在和你道別之前 我只希望你回來 我只希望你回來 說好要看著我實現 那不切實際的諾言怎能不告而別 I don't wanna say goodbye I don't wanna say goodbye 答應你我會更堅強 當個有骨氣的男人不再輕易流淚 只願這一切能發生再和你道別
8,Die With You,月光下皎潔的 如夢似幻你無預兆的出現 詩人的歌都無法 描繪這畫面 霓虹色的天空 瘋狂的你在試探我的底線 想祈求上天別收回 眼前的魔鬼 迷離的眼神掀起巨浪 被困在海上暈頭轉向 就讓我們相擁在這片絢爛花火 還捨不得閉上眼 就連夢境都不曾到過這種境界 你美得不科學 如果世界將末日wish I can die with you 潔淨的透明的 無暇的軀殼卻有混濁的靈魂 我破碎的心在此刻 正被拼湊著 暗示在耳邊掀起巨浪 我奮不顧身墜入徜徉 在這禁忌的愛中填滿陳舊的傷 還捨不得閉上眼 就連夢境都不曾到過這種境界 你美得不科學 如果世界將末日wish I can die with you That’s right baby I can give you all I’m coming 還捨不得閉上眼 時間已經凍結纏綿在這場永夜 就怕再沒機會 窺探靈魂深處那顫抖的瞬間 捨不得睡 就連夢境都不曾到過的境界 你美的不科學 如果世界將末日wish I can die with you 捨不得閉上眼 告別這場永夜 那顫抖的瞬間 Wish I could die with you in the end
9,偶像歌手,為了成就你 夢寐 的快感 所有的 愛恨 全部 都買單 躲在人設後的 所有 孤單 從沒被 訂閱 也沒人在看 I will be Fine 像籠裡的飛鳥 一樣自由 無數的放大鏡在 關注著我 I don't care I don't care 살래 난 이렇게 (我就是這樣活) 歡迎光臨 我 限量的美 領域沒展開 你當我是塑膠做的 去你的商業 這次不搞 美化過的 Nothing can stop us now 林北要說出 咱的心裡話 全給我 跪著 閉上嘴 聽著 You can hate my song (在你兒子最愛的Playlist) You won't break my soul (Cuz we got 防彈的意志) We can sing along (Let me show you 反轉的術式) This is how we roll 為了成就你 夢寐 的快感 所有的 愛恨 全部 都買單 躲在人設後的 所有 孤單 從沒被 訂閱 也沒人在看 I will be Fine 背負著 千萬支箭 貼上你愛的 標籤 I will Survive 來看吧 演戲吧 表裡不一的嘴 來看吧 니네오빠 (妳們的哥哥) 天菜變成了鬼 壓力扛下 尖叫聲 就在那 Make some noise Make some noise You can hate my song (在你兒子最愛的Playlist) You won't break my soul (Cuz we got 防彈的意志) We can sing along (Let me show you 反轉的術式) This is how we roll 為了成就你 夢寐 的快感 所有的 愛恨 全部 都買單 躲在人設後的 所有 孤單 從沒被 訂閱 也沒人在看 I will be Fine 背負著 千萬支箭 貼上你愛的 標籤 I will Survive Love me now Hate me now I don't care about you now Love me now Hate me now I don't care about you now 早一點回家呦 .. 為了成就你 夢寐 的快感 所有的 愛恨 全部 都買單 躲在人設後的 所有 孤單 從沒被 訂閱 也沒人在看 I will be Fine 背負著 千萬支箭 貼上你愛的 標籤 I will Survive 我不妥協 Don't give a shot ～ (Don't give don't give a shot ...)
10,懦弱,請原諒我的衝動 來掩飾內心的懦弱 才明白 這就是 命中註定的 你和我 到底是什麼環節出了錯 讓對話框裡的 對白 變得冷漠 或許是執著早已過了頭 讓原本相愛的 彼此 開始著魔 不斷 指控 溢出的愛不夠 不斷 想像 虛構的傷和痛 變成 無數 自焚的牢籠 Cause we are fighting in the sicko mode And I don't think I can do this anymore 事到如今 只怪自己沒用 請原諒我的衝動 來掩飾內心的懦弱 幸福它 怎能憑空 讓人無條件接收 我試著鬆開手 卻只能夠 擁抱 無情的沉默 才懂 這就是 命中註定的 你和我 最怕又是 嘲笑聲叫醒我 最怕回到被窩裡的 夢境振作 不斷 指控 溢出的愛不夠 不斷 想像 虛構的傷和痛 變成 無數 自焚的牢籠 Cause we are fighting in the sicko mode And I don't think I can do this anymore 事到如今 只怪自己沒用 請原諒我的衝動 來掩飾內心的懦弱 幸福它 怎能憑空 讓人無條件接收 我試著鬆開手 卻只能夠 擁抱 無情的沉默 才懂 這就是 命中註定的 你和我 或許 這是生命中 因為執著 而不成熟 兩條交叉線 變成平行線 成為最熟悉的陌生人 原來 這是 生命中 因為執著 而不成熟 才會交叉線 變成平行線 成為最熟悉的 陌生人 請原諒 我的衝動 來掩飾內心的懦弱 幸福它 怎能憑空 讓人無條件接收 我試著鬆開手 卻只能夠 擁抱 無情的沉默 才懂 這就是註定 命中註定 耶 請原諒我這種懦弱 請原諒我這種懦弱
11,啟程,各位TRASH的乘客你們好 通往幸福的末班車已經進站 請搭乘Holy Trip的旅客儘速上車 Attention all Trash passengers the last train to happiness has arrived. Passengers boarding the holy trip please board promptly.
12,Goodbye,你曾是我的快樂像乾旱中的那場雨 給我無數強心針到世界盡頭的勇氣 你曾是我在追逐的夢證明我存在的證據 在數不清的失憶中照亮黑夜裡的星 或許就是不甘心不願承認失去 把自己鎖在美好回憶裡哀悼不堪的命運 或許該下定決心 何必留戀在不屬於我的地方 就算是流著淚捨不得走太遠 曾綻放的剎那再美卻都只是瞬間 會記得你的好和那荒唐的玩笑 謝謝你辛苦了 我愛你直到永遠 就算是重感情的廢物希望你回來 But it's time to say goodbye It's time to say goodbye But it's time to say goodbye 你成為一種執著越陷越深無法抽離 不再相信自己值得擁有幸福那種命 像個籠中鳥拼命說服自己能繼續沉淪 But you already lost control 傷透願意留在身邊還沒放棄我的你 早就該下定決心 因為我還要去更遙遠的地方 就算是流著淚捨不得走太遠 曾綻放的剎那再美也都只是瞬間 會記得你的好和那荒唐的玩笑 謝謝你辛苦了 我愛你直到永遠 就算是重感情的廢物希望你回來 But it's time to say goodbye 在一望無際的星空中是否你在 那守護著我？ 千言萬語就放在心裡頭 記得眼淚擦乾了之後才會明白 活著的理由 深愛過才存在過是時候放手讓你自由 就算是流著淚捨不得走太遠 曾綻放的剎那再美也都只是瞬間 會記得你的好和那荒唐的玩笑 謝謝你辛苦了 我愛你直到永遠 就算是重感情的廢物希望你回來 But it's time to say goodbye It's time to say goodbye It's time to say goodbye 感謝你的存在讓我認識了愛 But it's time to say goodbye
13,歸零 2Ø24,不知道走了多久 從沒休息過 是否該重新思考 為何而煩惱 過多期待讓人越來越迷惘 殘存的自己到底還剩下多少 從沒有感覺如此的平靜 感受大地重啟我的生命 仔細聽心裡真實的聲音 就讓這一切暫時歸零 如果追求的是快樂 為什麼憂愁 離開熟悉的生活 一切從頭來過 下一步我更明白該往哪走 屬於自己最驕傲的那條路 從沒有感覺如此的平靜 感受大地重啟我的生命 仔細聽心裡真實的聲音 就讓這一切暫時歸零 We start from zero We start and start and start and stop!!! 歸零之後力道更強烈 站穩腳步頭也不再回 跨越另一個境界 沉著的踏著地面 無所畏懼的向前 當一切回歸平靜 所有事如此清晰 人生不過 就這一次 心在哪裡 就往哪去 不要懷疑 別再恐懼 突破之前 全部都歸零 都歸零
14,離開台北,該上路了沒 心還留在那一條街 擁擠的人潮中我遺失了 應該留住的原點 先別說再見 我還沒有收拾好眷戀 後車廂已經超載的委屈 我先讓它消失人間 其實我知道在這分岔點 會讓妳到不同的平行世界 而我也知道每晚的星空 會閃爍起妳最迷人的側臉 原諒我放下這一切離開台北 準備好了沒 人生就是不斷得往前 還來不及說的一聲抱歉 在夢裡和妳相見 最後一根菸 它燒得好像不太甘願 告別迷惘的街流連的夜店 最後還是該說再見 其實我知道在這分岔點 會讓妳到不同的平行世界 而我也知道每晚的星空 會閃爍起妳最迷人的側臉 原諒我放下這一切離開台北 I will never forget You want me to be happy Although you're already gone But I will be fine 其實我知道在這分岔點 會讓妳到不同的平行世界 而我也知道每晚的星空 會閃爍起妳最迷人的側臉 原諒我放下這一切 離開台北
15,21世紀最強兒歌, 一閃一閃亮晶晶 滿天都是小星星 掛在天上放光明 好像許多小眼睛 一閃一閃亮晶晶 滿天都是小星星 掛在天上放光明 好像許多小眼睛 Hey 曾經那個中二的屁孩長大了 一把吉他就能對抗全世界(小星星) 擊敗所有心魔後最美的風景 原來是為了迎接你的出現(小星星) 明天九尾查克拉是否 還能成為你的拯救 還能再為我舉起雙手 就怕修行還不夠 死者甦生也換不回 能拯救我世界的笑容 就算有天我將會離開你 但我發誓會用盡全力守護你到最後 留下這輩子忘不掉的煙火 Hey 爸爸希望你平安又健康的成長 不必追求成功也志不在得獎 做愛的事不用管別人怎麼想(小星星) 記得要保持善良也保護自己 就是陪伴自己失敗最大的知音 最閃耀的存在就是你(小星星) 馬上要前進黑暗大陸 耶穌的晚宴緊握住 月牙天衝將擊散迷霧 就算有天我將會離開你 但我發誓會用盡全力守護你到最後 留下最燦爛的煙火 若不是你我早已經沒性命 茫茫渺渺的放袂記啥物叫做希望 從今以後就是一个勇敢的人 If you tryna fuck with us I'm gonna make you bleed for sure This is the war that we call love If you tryna fuck with us 我後面瘋狗好幾卡車 Y'all better ready for my Kamehameha 就算有天我將會離開你 但我發誓會用盡全力守護你到最後 留下最燦爛的煙火 就算有天我將會離開你 但我發誓會用盡全力守護你到最後 留下最燦爛的煙火 若不是你我早已經沒性命 茫茫渺渺的放袂記啥物叫做希望 從今以後就是一个勇敢的人 一閃一閃亮晶晶 滿天都是小星星 掛在天上放光明 好像許多小眼睛 一閃一閃亮晶晶 滿天都是小星星 掛在天上放光明 好像許多小眼睛
16,世界盡頭,日子過了這麼久 怎麼還是很沒用 早忘了開始的理由 記不記得曾說過 改變世界不是場夢 是不是該放手一搏 別害怕 有我在 你的夢想左右 直到某個世界盡頭 別難過 沒什麼 眼淚擦乾之後 記得我們路還要走 你說妥協了之後 感覺少了些什麼 卻總覺得曾發生過 就算什麼都沒有 還是有一群好朋友 訴說著天長地久 別害怕 有我在 你的夢想左右 直到某個世界盡頭 別難過 沒什麼 眼淚擦乾之後 記得我們路還要走 有一天會是我（直到了那一刻） 我將不再迷惑（張開我的雙手） 用盡全力抓住的夢 就算有多少的無奈 阻擋著前方的阻礙 眼看著就煙消雲散 Then we can fly 別害怕 有我在 你的夢想左右 直到某個世界盡頭 別難過 沒什麼 眼淚擦乾之後 記得我們路還要走 別害怕 有我在 你的夢想左右 直到某個世界盡頭 別難過 沒什麼 眼淚擦乾之後 記得我們路還要走 Hey everybody go
17,懦弱,請原諒我的衝動 來掩飾內心的懦弱 才明白 這就是命中註定的你和我 到底是什麼環節出了錯? 讓對話框裡的對白變得冷漠 或許是執著早已過了頭 讓原本相愛的彼此開始著魔 不斷指控 溢出的愛不夠 不斷想像 虛構的傷和痛 變成無數 自焚的牢籠 'Cause we are fighting in the sicko mode And I don't think I can do this anymore 事到如今 只怪自己沒用 請原諒我的衝動 來掩飾內心的懦弱 幸福它怎能憑空? 讓人無條件接收 我試著鬆開手 卻只能夠擁抱無情的沉默 才懂這就是命中註定的你和我 最怕又是嘲笑聲叫醒我 最怕回到被窩裡的夢境振作 不斷指控 溢出的愛不夠 不斷想像 虛構的傷和痛 變成無數 自焚的牢籠 'Cause we are fighting in the sicko mode And I don't think I can do this anymore 事到如今只怪自己沒用 請原諒我的衝動 來掩飾內心的懦弱 幸福它怎能憑空? 讓人無條件接收 我試著鬆開手 卻只能夠擁抱無情的沉默 才懂這就是命中註定的你和我 或許 這是生命中 因為執著而不成熟 兩條交叉線變成平行線 成為最熟悉的陌生人 原來這是生命中 因為執著而不成熟 才會交叉線變成平行線 成為最熟悉的陌生人 請原諒我的衝動 來掩飾內心的懦弱 幸福它怎能憑空? 讓人無條件接收 我試著鬆開手 卻只能夠擁抱無情的沉默 才懂這就是註定命中註定 yeah 請原諒我這種懦弱 請原諒我這種懦弱
18,綻放,如果一首歌能讓你不再難過 我願成為你擦去眼淚的那首 陪你度過悲歡離合潮起潮落 沒關係我聽你說 或許覺得自己就要一無所有 但從沒想過一切其實已足夠 哪怕一把吉他配上一瓶啤酒 沒什麼好再奢求 習慣就這樣地流浪 隨風飄向某個遠方 那些傷 隨著時間也變得有些健忘 來來去去身為人哪 窮盡一生尋找解答 散落吧 至少曾經像美麗的花 綻放 綻放 時間偷了歲月卻也留下故事 就像摘了玫瑰也會伴隨著刺 多少路程才能換來一首好詩 讓人銘記的歌詞 習慣就這樣地流浪 隨風飄向某個遠方 那些傷 隨著時間也變得有些健忘 來來去去身為人哪 窮盡一生尋找解答 散落吧 至少曾經像美麗的花 綻放 綻放 綻放 綻放 習慣就這樣地流浪 隨風飄向某個遠方 至少曾像美麗的花 散落吧為生命綻放 習慣就這樣地流浪 隨風飄向某個遠方 那些傷 隨著時間也變得有些健忘 來來去去身為人哪 窮盡一生尋找解答 散落吧 至少曾經像美麗的花 綻放
19,末日將至 (feat. TRASH),還要多久才能穿越 前方恐懼築的牆 (我恨我總是沒有力量 我恨我總是身處逆向) 在人群中扮演堅強 其實心很累了吧 (不甘心誓言被人糟蹋 不甘心傷口來不及包紮) 虛無的主義在血液中流蕩 早就習慣迷失方向 (抓緊我不要鬆綁) 情緒直到觸碰你的靈魂瞬間釋放 (I’m not afraid to die) 為了你成為光芒 因為你我更強 成為無法撼動的力量 再次為夢出航 帶著被否定的信仰 保持它的狂妄 親愛的要知道 就算是末日將至 有你在 我就沒在怕 (有你在 我就沒在怕) 我要結束這一切 Don’t you say that words明天會更好 （無止盡的深淵） 沒有誰想崩潰 才不屑什麼emo的稱號 （別假裝說你能夠理解） 還在保持著抵抗要去的地方沒忘記 揣摩著希望是什麼形狀而上進 就怕還是輸給那一個懦弱的自己 （還能倚靠誰） 妳秉著我的呼吸 平衡著阻力 還可以 再一次賭命 十八般武藝 無懼的前進 就再一次的 (因為愛我才決定 ) 為了你成為光芒 因為你我更強 成為無法撼動的力量 再次為夢出航 帶著被否定的信仰 保持它的狂妄 親愛的要知道 就算是末日將至 有你在 我就沒在怕 面對殘酷的風浪 是你抓住我不放 我在漆黑裡流浪 你像是盡頭的光 就算要面對千刀萬剮 就算要面對燙石滾漿 我還能照亮心的鋒芒 變成炙烈的太陽 Fight for your love 為了你成為光芒 因為你我更強 成為無法撼動的力量 再次為夢出航 帶著被否定的信仰 保持它的狂妄 親愛的要知道 就算是末日將至 有你在 我就沒在怕 有你在 我就沒在怕 有你在 我就沒在怕 有你在 我就沒在怕 有你在 我就沒在怕
20,超級英雄的約定,這次就換你看著我的背影 面對未知的恐懼也不再擔心 當超級英雄離開後曾經的紈絝子弟 開始學習把家打理仔細 因為他知道必須要扛起家計 像個男子漢一樣承擔壓力 正所謂不經一事也不長那一智 要成就大事注定要多摔幾次 有些事來得太快誰都無法準備 那就具備顆強大的心 讓一切無畏 媽媽就請妳免煩惱 我已經毋是歹子 袂再閣乎妳心痛 這次就換你看著我的背影 面對未知的恐懼也不再擔心 就算天塌下來我也一肩扛起 畢竟這是跟超級英雄的約定 不知不覺也已經兩年多 他的存在美得就像煙火 照亮我在夜裡棲息的勇敢 也召喚為愛而戰的同伴 我會在心裡面刻上妳諄諄的教誨 我會讓妳過好日子一定說到做到 讓英雄驕傲(I can say out loud) 因為這就是我的忍道(Not gonna let you down) 這次就換你看著我的背影 面對未知的恐懼也不再擔心 就算天塌下來我也一肩扛起 畢竟這是跟超級英雄的約定
21,Never Die,濃烈的 無知的 沒有方向還是要啟程 因為知道遠方有人在等 我浪費著 青春呢 未來不被祝福那又如何 直到盡頭的末班車 我要放蕩不羈的愛 不後悔也不怕失敗 證明曾經我的存在 I know that spirit will never die 我要放蕩不羈的愛 反正人生不會重來 證明曾經我的存在 I know that spirit will never die We will never die 我不信人 不信神 只想把音樂放到最大聲 跟著值得我去愛的人 I won't escape Cause I know there's no place to hide Ain't got no limits I'm always fighting for life 會驚就袂大尾 毋敢拼落當然嘛沒機會 我要放蕩不羈的愛 不後悔也不怕失敗 證明曾經我的存在 I know that spirit will never die 我要放蕩不羈的愛 反正人生不會重來 證明曾經我的存在 I know that spirit will never die We will never die 我要放蕩不羈的愛 不後悔也不怕失敗 證明曾經我的存在 I know that spirit will never die 我要放蕩不羈的愛 反正人生不會重來 證明曾經我的存在 I know that spirit will never die We will never die
22,重感情的廢物,我們已經長大 笑著曾經說過的夢話 有幾分能作響 承諾不再偉大 屬於同個宇宙的愛人 終究會離開吧 我翻著那些舊照片 手裡握著冷冰孤寂的獎盃 你已經越來越遙遠 剩下曲終人散的總結 你要我該怎麼去面對 如果少了你怎麼算是幸福 我討厭一個人開香檳慶祝 再美的畫面對我來說只是一片荒蕪 說好到最後一哩路 我就是重感情的廢物 愛上那些謊話 離開心裡天真的孩子 無情的擁抱吧 反正這是命啊 早習慣享受這種孤獨 和沈重的步伐 我翻著那些舊照片 手裡握著冷冰孤寂的獎盃 (你不存在的空間) 你已經越來越遙遠 剩下曲終人散的總結 看不見聽不見除非你在我身邊 如果少了你怎麼算是幸福 我討厭一個人開香檳慶祝 再美的畫面對我來說只是一片荒蕪 說好到最後一哩路 我就是重感情的廢物 想回到那一天 是多麽不顧一切 那樣的我們離這世界好遠 受夠自己在這裡抱怨這個世界 反正不管再怎麼靠背也都不會改變 除非你陪我浪費 如果少了你怎麼算是幸福 我討厭一個人開香檳慶祝 再美的畫面對我來說只是一片荒蕪 說好到最後一哩路 不想接受就這樣的結束 我就是重感情的廢物
23,21世紀最強兒歌,一閃一閃亮晶晶 滿天都是小星星 掛在天上放光明 好像許多小眼睛 一閃一閃亮晶晶 滿天都是小星星 掛在天上放光明 好像許多小眼睛 Hey 曾經那個中二的屁孩長大了 一把吉他就能對抗全世界(小星星) 擊敗所有心魔後最美的風景 原來是為了迎接你的出現(小星星) 明天九尾查克拉是否 還能成為你的拯救 還能再為我舉起雙手 就怕修行還不夠 死者甦生也換不回 能拯救我世界的笑容 就算有天我將會離開你 但我發誓會用盡全力守護你到最後 留下這輩子忘不掉的煙火 Hey 爸爸希望你平安又健康的成長 不必追求成功也志不在得獎 做愛的事不用管別人怎麼想(小星星) 記得要保持善良也保護自己 就是陪伴自己失敗最大的知音 最閃耀的存在就是你(小星星) 馬上要前進黑暗大陸 耶穌的晚宴緊握住 月牙天衝將擊散迷霧 就算有天我將會離開你 但我發誓會用盡全力守護你到最後 留下最燦爛的煙火 若不是你我早已經沒性命 茫茫渺渺的放袂記啥物叫做希望 從今以後就是一个勇敢的人 If you tryna fuck with us I’m gonna make you bleed for sure This is the war that we call love If you tryna fuck with us 我後面瘋狗好幾卡車 Y’all better ready for my Kamehameha 就算有天我將會離開你 但我發誓會用盡全力守護你到最後 留下最燦爛的煙火 Oh yeah 就算有天我將會離開你 但我發誓會用盡全力守護你到最後 留下最燦爛的煙火 若不是你我早已經沒性命 茫茫渺渺的放袂記啥物叫做希望 從今以後就是一个勇敢的人 一閃一閃亮晶晶 滿天都是小星星 掛在天上放光明 好像許多小眼睛 一閃一閃亮晶晶 滿天都是小星星 掛在天上放光明 好像許多小眼睛
24,会魔法的老人,我從出生就是一個自閉小孩 容易被別人一句話給輕易傷害 所以 我在唱台上 不斷的擺弄我的肢體 為了阻擋光線 和我眼神裡的荒誕 獨自在電影院裡 觀看一部傑作 野火在我的心底燃燒 夢醒生活再被截獲 在閃光燈和相機 面前對爺爺的照片別過 把人生中的脆弱通過歌詞演說 無法去甄別 這是錯的 或者是對的 是real或fake 媽媽我只是累了 我罪惡 在感情上面懷有 一絲愧色 如果我們刨開心臟 你們會說這就對了 我把它放在博物館裡展覽 看著一旁熙攘的人群在逐漸匯合 有人在鼓掌 有人哭喊 有人朝他吐痰 卻唯獨沒人 給我擦乾我的淚河 故事被曬乾 過程都太短 時間可以倒退用我生命來換 過路的人都已謝完了幕 一個人吃飯往往會比中藥還再苦 他們只在乎cash oh cash oh cash 我視他們為trash oh trash oh trash 我想要跑到北上廣去蓋一整棟樓 我知道那些東西不急以後都會有 後來那台電視機前只剩我在換台 後來懂我的人的鬢角都已變的斑白 後來聚攏的人都隨著時間滴答滴答散開 直到我 再也不敢把那回憶之書翻開 嘗試在周圍的竊竊私語 中 尋求治愈 在一張張的字據 裡面 去避免失去 可是失去他就是會失去啊 這是所有人和事的結局 我要怎麼才能做到豁達 是我的錯嗎？ 我也想把那精緻長袍脫下 換種活法 我也想轉身擁抱過去 但我不會魔法 若你我相逢在人海裡 請你送我一束花 我想要成為 一名 藝術家 或許走到死亡的盡頭 那蒼白的老人 熱情早已不在他的心頭 他會失憶的 但會有人把他的生命記憶拼湊 因為有關法老的故事 他們至今還沒聽夠 故事被曬乾 過程都太短 時間可以倒退用我生命來換 過路的人都已謝完了幕 一個人吃飯往往會比中藥還再苦 他們只在乎cash oh cash oh cash 我視他們為trash oh trash oh trash 我想要跑到北上廣去蓋一整棟樓 我知道那些東西不急以後都會有
25,變成你,我不想當我自己我只想要變成你 沒煩惱也沒壓力能穿金的又戴銀 Cause I don't want to be me anymore 如果這是一種病那沒差讓我變成你 多麼想要成為一個有用的人 凡事只要放個放屁 都會是聚光的燈 哼個旋律全世界都幫你合聲 也太幸福了吧總是美夢成真 像是一種不能被拆穿的魔術 像是該死的馬力歐吃了蘑菇 可以飛高高也可以遁地 有用不完的口罩隔離瘟疫 你說的沒錯我就是羨慕嫉妒 別輕易挑戰我中二的程度 我不想當我自己我只想要變成你 沒煩惱也沒壓力能穿的金又戴銀 Cause I don't want to be me anymore 如果這是一種病那沒差讓我變成你 I'm not ok 成了名 聚光燈都在這裡 你想要 都拿去 我叫hater每天追你 複雜的交際真是叫人每天發病 不想被子彈打 I rather be nobody 我站上這高處卻從來沒有減少 使用的藥物 你說的沒錯我就是羨慕嫉妒 別輕易挑戰我中二的程度 我不想當我自己我只想要變成你 沒擁有就沒失去無知還比較開心 Cause I don't want to be me anymore 如果這是一種病那沒差讓我變成你 讓我變成你
26,改變,你說我變了你沒錯 我變得更沉著 扛在肩上的不只是 我一個人的夢 失去了太多現在懂 沒差眼淚不會白流 如果你也醒了就跟我走(就不再回首) 我不停改變 為了更好的自己 而且 我會不停改變 要做更屌的專輯 you know I won't be the same 感謝 所有存在的過去 才能成就全新的我自己 過去的我習慣帶著恨 面對未知的一切 but man I try to learn 憤怒總是阻擋著我看見真相 鐵板都踢到爛了也都不能怎樣 I never give up 只要你內心夠堅定全宇宙都會幫著你 就算這世界再醜陋 (別忘了Who you wanna be) 我不停改變 為了更好的自己 而且 我會不停改變 顛倒該死的命運 you know I won't be the same 感謝 所有傷害跟逆境 才能拼湊完整的我自己 (Woh)才能成為全新的我自己 It's time to let me free 我不停改變 為了更好的自己 而且 我會不停改變 要做更屌的專輯 you know I won't be the same 感謝 所有存在的過去 才能成就全新的我自己
27,靜止-滾石40 滾石撞樂隊 40團拚經典 (原唱:楊乃文),寂寞圍繞著電視垂死堅持在兩點半消失 多希望有人來陪我度過末日 空虛敲打著意志彷彿這時間已靜止 我懷疑人們的生活有所掩飾啊 啊~哈~垂死堅持啊 啊~哈~全都消逝啊 啊~哈~垂死堅持啊 衝動在瞬間消失夢被稀釋不停轉動著手指 我幻想美麗的生活何時開始 這日子一天的一天過我收起發霉的計劃 傷害妳傷害我克制不了慚愧的氣話 就像困在籠中的鳥兒啊 啊~哈~垂死堅持啊 啊~哈~全都消逝啊 啊~哈~垂死堅持啊 已靜止 垂死堅持啊 啊~哈~全都消逝啊 啊~哈~垂死堅持啊 啊~哈~全都消逝啊 垂死堅持啊 啊~哈~全都消逝啊 啊~哈~垂死堅持啊 啊~哈~全都消逝啊 寂寞圍繞著電視垂死堅持在兩點半消失 多希望有人來陪我度過末日 空虛敲打著意志彷彿這時間已靜止 我懷疑人們的生活有所掩飾啊
28,火星的班機,明知道我們並不屬於同一個世界 頑固的想要霸佔妳不管多麼危險 品嚐了禁果後的嘴開始貪得無厭 回過神妳怎麼已經離我好遠好遠 怎麼突然才發現不能沒有妳 地球的自轉失去動力 無法喘息的我知道就快要 來不及 到火星的最後一刻班機 也許是我活該不夠爭氣 想抱緊妳 如果還有最後一絲空氣 我願意 被困在妳童話裡的行星 那炙熱紅色包圍住了我冷漠的心 連瘋狗都能制伏的人也就只有妳 或許就是要感受到痛才算是刻苦銘心 怎麼突然才發現不能沒有妳 地球的自轉失去動力 無法喘息的我知道就快要 來不及 到火星的最後一刻班機 也許是我活該不夠爭氣 想抱緊妳 如果還有最後一絲空氣 我願意 被困在妳童話裡的行星 時間在倒退 退到遺忘不了的瞬間 全是妳的臉 和那些被遺忘的誓言 時間在倒退 退到遺忘不了的瞬間 全是妳的臉 停止不了的慚悔 快來不及 到火星的最後一刻班機 也許是我活該不夠爭氣 想抱緊妳 如果還有最後一絲空氣 我願意 被困在妳童話裡的行星 童話裡的行星
29,家,看不清 那些複雜的劇情 要深陷還是抽離 我還不太確定 搞不定 還是有一些疑慮 是不是我太著急 只能故作鎮定 深呼吸感受整個大地 把所有是非黑白都歸零 就這麼簡單 是如此簡單 看透了一切就不再難 從沒有離開 從沒有離開 繞了一大圈才明白 原來家一直都在 聽仔細 腦海沈睡的聲音 要墮落還是升起 其實早就確定 看仔細來自紅塵的騙局 要跟隨或帶領我來決定 喚醒腦海沈睡的聲音 把惡魔全都趕出去 從沒想過能如此清澈 仰望著星空終於知道了 就這麼簡單 是如此簡單 看透了一切就不再難 從沒有離開 從沒有離開 繞了一大圈才明白 原來家一直都在 這是來自覺醒的聲音 呼喚著行屍走肉的你 這是來自宇宙的聲音 讓你看清 這一 切 就這麼簡單 是如此簡單 看透了一切就不再難 從沒有離開 從沒有離開 繞了一大圈才明白 原來家一直都在 一直都在 原來家一直都在
30,偶像歌手,為了成就你 夢寐的快感 所有的愛恨 全部都買單 躲在人設後 的所有孤單 從沒被訂閱 也沒人在看 I will be Fine～ 像籠裡的飛鳥 一樣自由 無數的 放大鏡在 關注著我 I don't care I don't care 살래 난 이렇게 (譯: 我就是這樣活) 歡迎光臨 我 限量的美 領域沒展開 你當我是塑膠做的 去你的商業 這次不搞美化過的 Nothing can stop us now 林北要說出 咱的心裡話 全給我跪著 閉上嘴聽著 You can hate my song (在你兒子最愛的Playlist) You won't break my soul (Cuz we got 防彈的意志) We can sing along (Let me show you 反轉的術式) This is how we roll 為了成就你 夢寐的快感 所有的愛恨 全部都買單 躲在人設後 的所有孤單 從沒被訂閱 也沒人在看 I will be fine 背負著千萬支箭 貼上你愛的標籤 I will survive 來看吧 演戲吧 表裡不一的嘴 來看吧 니네오빠 (譯: 妳們的哥哥) 天菜變成了鬼 壓力扛下 尖叫聲就在那 Make some noise Make some noise You can hate my song (在你兒子最愛的Playlist) You won't break my soul (Cuz we got 防彈的意志) We can sing along (Let me show you 反轉的術式) This is how we roll 為了成就你 夢寐的快感 所有的愛恨 全部都買單 躲在人設後 的所有孤單 從沒被訂閱 也沒人在看 I will be fine 背負著千萬支箭 貼上你愛的標籤 I will survive Love me now Hate me now I don't care about you now Love me now Hate me now I don't care about you now 為了成就你 夢寐的快感 所有的愛恨 全部都買單 躲在人設後 的所有孤單 從沒被訂閱 也沒人在看 I will be fine 背負著千萬支箭 貼上你愛的標籤 I will survive 我不妥協Don't give a shot～ (Don't give don't give a shot...)
31,能給的只有這麼多,到底這算什麼 我連個決定的勇氣都這麼脆弱 所以還要多久 這種要與不要的結果誰能承受 拭不去的傷口隱隱作痛 好像在提醒我已經無路可走 你祈求上天渴望要自由 沒想到卻不斷把自己給淹沒 就放開我的手 才能抓得住天空singing wow~ 有天妳會懂 期待開花結果 當妳變成蝶以後singing wow~ 這是最後一次 我把槍支上膛後頂著自己的頭 別無選擇 就把故事停在最淒美的那一刻 拭不去的傷口隱隱作痛 好像在提醒我已經無路可走 你祈求上天渴望要自由 沒想到卻不斷把自己給淹沒 就放開我的手 才能抓得住天空singing wow~ 有天妳會懂 期待開花結果 當妳變成蝶以後singing wow~ 能給的就只有那麼多 X2 我看不見這是哪裡 沒有聲音只有一針針 插在我的心像是毒品 快要窒息 快給我空氣 我要呼吸 呼吸 呼吸 呼吸 呼吸 別再哭泣x4 放開我的手 才能抓得住天空singing wow~ 有天妳會懂 期待開花結果 當妳變成蝶以後singing wow~ 能給的就只有那麼多
32,If You Have Faith,我認為信念這兩個字 包含了對某事物的熱愛 也包含積極正向的心態 Even if you’re dealing with some hard times 也無法阻擋你 你可以去到很多你想像不到的地方 看到從未體會過的景色 認識很多不同種族 不同膚色 卻都熱愛著同一個culture的朋友 And you’ll realize Nothing can stop you from being you If you have faith
33,煩惱歌,為什麼這麼多煩惱 沒日沒夜的在跟腦袋單挑 Is this how it's like when we grow up 為什麼這麼多煩惱 煩到想一槍把腦袋給爆掉 就怕一切 都是庸人自擾 我看 著每個人都過得幸福快樂 但現實生活裡是不是和我一樣哪裡壞了 而且壞的太扯 我煩 人生不該只是追求那點關注 什麼都為了錢和地位變成規則下的玩物 Damn 這樣不太酷 只想要快樂的唱一首chill的歌 不要再打擾我 那些該死的聲音全都給我出去罰站 為什麼這麼多煩惱 沒日沒夜的在跟腦袋單挑 Is this how it's like when we grow up 為什麼這麼多煩惱 煩到想一槍把腦袋給爆掉 就怕一切都是庸人自擾 總有些人會在還來不及道別的時候離去 總有些日子一下天堂一下又是地獄如果 能都不在意 那就也沒有現在的我和你 如果我的歌 沒有人想聽 那根本就開不起什麼香檳 阿太多人聽 好像又不行 太商業太流行太沒有個性 要在乎他又在乎你 不如我先去死比較容易所以說 為什麼這麼多煩惱 沒日沒夜的在跟腦袋單挑 Is this how it's like when we grow up When I grow up 為什麼這麼多煩惱 沒日沒夜的在跟腦袋單挑 Is this how it's like when we grow up 為什麼這麼多煩惱 煩到想一槍把腦袋給爆掉 就怕一切都是庸人自擾 When I grow up
34,午夜夢迴,在這個發夢的早晨 酒精讓我還有點昏 看了很多美景和女人 空虛的夢還再沉 心就像沒孩子的樂園 像沒人穿過的玻璃鞋 訊息妳雖然已經回 但妳的人我看不見 多希望妳能留在我的身邊 感受我所有知覺我的體會 想念已穿越了海洋的平面 留下給我的只是午夜夢迴 在這個發夢的早晨 酒精讓我還有點昏 看了很多美景和女人 空虛的夢還再沉 心就像沒孩子的樂園 像沒人穿過的玻璃鞋 訊息妳雖然已經回 但妳的人我看不見 多希望妳能留在我的身邊 感受我所有知覺我的體會 想念已穿越了海洋的平面 留下給我的只是午夜夢迴 午夜夢迴 午夜夢迴 午夜夢迴 已經快忘記這是第幾天 已經睡了不知道多少遍 已經忘記妳身上的香味 Oh~ 已經快忘記這是第幾天 已經睡了不知道多少遍 已經忘記妳身上的香味 Oh~ 已經快忘記這是第幾天 已經忘記妳身上的香味
35,黑夜的星,是怎麼了 像是淹沒在人群中冰冷的河 卻又看透些什麼 不確定 用盡全力之後又掉入另一段失憶 還沒清醒 就像是迷失在黑夜的星 需要愛和衝動 有時候多少也會犯錯 是誰能夠 填滿心裡面那破碎的缺口 習慣痛猖狂的作弄 期盼哪天能真的自由請祢指引我 前方的路有多麼的遼闊 我看著 那些不屬於我生命中的過客 在啃食著靈魂 喔別擔心 告訴你不管再怎麼努力 都沒意義快點放棄 我們是迷失在黑夜的星 需要愛和衝動 有時候多少也會犯錯 是誰能夠 填滿心裡面那破碎的缺口 習慣痛猖狂的作弄 期盼哪天能真的自由請祢指引我 前方的路還有多麼的遼闊 人生怎麼就是那麼難 還有多少的是要去煩 心已經傷透了又怎麼辦 你說你說 你給個答案 我從哪裡來 什麼時候離開 誰又浪費了愛 誰已不再期待 關於什麼未來 我還不明白 我還不明白 不明白 什麼事也不明白 需要愛和衝動 有時候多少也會犯錯 是誰能夠 填滿心裡面那破碎的缺口 習慣痛猖狂的作弄 期盼哪天能真的自由 請祢指引我 前方的路還有多麼的遼闊 還有多麼的遼闊 還有多麼的遼闊
36,別忘了那天我們醒著,或許我們都疲倦 卻不願閉上眼 不到最後一刻不鬆懈 守護著心愛的誰 肩並肩寫下最淒美的夜 就算是傷痕累累 但也從沒有抱怨 為了什麼變得無堅不摧 犧牲自己去奉獻 既然前進了也沒理由後退 當我們眼淚落下的時候 才能夠明白活著的理由 在未來還有很多的戰鬥 準備好就走 黑暗中那把不滅的燈火 引領我穿越寂寞的沙洲 如果妳難過 就抓緊我 Hey you keep your pure soul Love can Save the end of the world 妳值得這份榮譽 別輕易懷疑自己 擁有那麼一點的勇氣 卻能對抗著命運 沒有關係 我們陪你 直到光明 當我們眼淚落下的時候 才能夠明白活著的理由 在未來還有很多的戰鬥 準備好就走 黑暗中那把不滅的燈火 引領我穿越寂寞的沙洲 如果妳難過 就抓緊我 就抓緊我
37,插曲,你詭譎的笑容裡藏著 一種到不了的秘境 腦波太弱的無力抗拒 想要知道你所有秘密 直到明白彼此的差距 不捨得讓誰傷了心 心裡默默答應了自己 會讓你帶著笑容離去 這是青春最美的插曲 一首為你寂寞造的句 沒關係我會陪你 直到最後一小節的那個尾音 沒關係我會隱藏脆弱 不讓你發現那樣的我 所謂命運的幾分鐘 留下每次七分痛 就在說了再見以後 這是青春最美的插曲 一首為你寂寞造的句 沒關係我會陪你 直到最後一小節的那個尾音 期盼哪天我們會相遇在某個十字路口 放下所有的遺憾或許再愛一次 一切都會不同 這是青春最美的插曲 一首為你寂寞造的句 沒關係我會陪你 直到最後一小節的那個尾音 這是我們最美的終曲 一首為你寂寞造的句 沒關係我會陪你 直到最後一小節的那個尾音
38,重感情的廢物 (大嘻哈時代Version),我們已經長大 笑著曾經說過的夢話 有幾分能作響 承諾不再偉大 屬於同個宇宙的愛人 終究會離開吧 我翻著那些舊照片 手裡握著冷冰孤寂的獎盃 你已經越來越遙遠 剩下曲終人散總結 你要我該怎麼去面對 如果少了你怎麼算是幸福 我討厭一個人開香檳慶祝 再美的畫面對我來說只是一片荒蕪 說好到最後一哩路 我就是重感情的廢物 跳著叫著分享 才發現房間裡沒人 重曝的畫面分不清真假 回憶是唯一的媒人 你說約在頂端看我 如今又在那座山頭 不求和你接近 只求越來越像 遺落在暗房 門忘了闔起 就算我畫龍點睛也是沒了太陽的月亮 曝了光 不能再和你 一起把沙漏倒過來 放 一起看夜半的鐘擺 盪 把你愛的唱片借來 唱 把你的思想放硯台 上 穿著你同款的圍兜 看見你酒瓶也沒收 背影被距離給圍剿 喚起你 換取你提起的嘴角 無面的咆哮 堵住了嘴 新月的刨刀 囑咐著每 一遍 沒寄件的 竟變得龜裂 被見縫插上了劇毒的吹箭 生命的輕 和思念的重 看不見聽不見 除非你在我身邊 如果少了你怎麼算是幸福 我討厭一個人開香檳慶祝 再美的畫面對我來說只是一片荒蕪 說好到最後一哩路 我就是重感情的廢物 是你在耳邊低語 自溺還沒能清醒 餘溫也結出冰晶 不斷錯當那是星星 受夠自己在這裡抱怨這個世界 反正不管再怎麼靠背也都不會改變 除非你陪我浪費 如果少了你怎麼算是幸福 我討厭一個人開香檳慶祝 再美的畫面對我來說只是一片荒蕪 說好到最後一哩路 不想接受就這樣的結束 我就是重感情的廢物
39,懦弱 (成為傳說版) [《傳說對決 2024 傳說日》主題曲],請讓我竭盡所有 來召喚最後的怒吼 才明白 這就是 傳說之中的你和我 或許是天注定選擇了我 把整片森林的 英雄 碎片拼湊 不斷 清空 輸出的愛不夠 不斷 沈默 試煉的傷和痛 努力到最後 鮮血不能白流 請讓我竭盡所有 來召喚最後的怒吼 命運他 怎能憑空 被哪條路給左右 我試著 度過無盡的荒漠 穿越海洋 到世界盡頭 這就是 傳說之中的你和我 原來 這是團隊中 因為信念 還有認同 才會 平行線變成交叉線 成為最傳奇的英雄 請讓我竭盡所有 來召喚最後的怒吼 命運他 怎能憑空 被哪條路給左右 我試著 度過無盡的荒漠 穿越海洋 到世界盡頭 這就是 傳說 (命中注定) 傳說之中的 你和我
40,還是該說再見,有時候突然感覺 世界不停的在變 轉眼間消失不見 妳那張純真的臉 是誰悄悄發現 那從前的從前 窗外風景的眷戀 有妳我的笑和淚 站在陌生的路邊 期盼未來再遇見 停止不了錯覺 它會開始在暈眩 當妳離去一瞬間 強忍不住淚水 不爭氣的為妳而崩洩 就算世界已經毀滅 剩下的不只是思念 還記得那年我們瘋癲 想對抗整個世界 殊不知夢想開始幻滅 才發現我好愚昧 感覺就快崩潰 請給我力量作對 當妳離去一瞬間 強忍不住淚水 不爭氣的為妳而崩洩 就算世界已經毀滅 剩下的不只是思念 當妳消失我面前 藏不住的傷悲 把我的身體四分五裂 沒有妳世界不完美 剩下我一個人慚愧 還是該說再見 當妳離去一瞬間 強忍不住淚水 不爭氣的為妳而崩洩 就算世界已經毀滅 剩下的不只是思念 當妳消失我面前 藏不住的傷悲 把我的身體四分五裂 沒有妳世界不完美 剩下我一個人慚愧 還是該說再見
41,冷身操,眼皮不管多用力閉上 沒有辦法不一直想 逞強最後一點 輕輕地 夜晚揉成一團 一頭空心病的獸 凝視夢在螢幕裡閃 嗚咽為安全感 又放不下 逃跑的渴望 不需要誰來可憐我 shall we wait for the day back to birth as we were 忍一下 管自己怎麼想 let me fall hope you grow like the trash as they are 我當作 迴圈重複之前 作一組冷身操 所有範例教著如何飛 沒人懂得面對墜毀 手中驕傲一擲 才發現 原來是負累 每天都是未來的準備 每段過去仍然反悔 明天不會更好 只會更像昨天 不需要誰來可憐我 shall we wait for the day back to birth as we were 忍一下 管自己怎麼想 let me fall hope you grow like the trash as they are 我當作 迴圈重複之前 作一組冷身操
42,安怎講 (feat. 阿夜),我的腦袋 怎麼都停不下來 是不是代表 我思考從不間斷 不用做作 不用假裝虛偽笑容 我已開始活出真正的我 上工的時候 盡情享受快活 讓準備好的機會 不做白工 請你請你請你請你不免驚 讓自己放肆的靈魂 可以找得到家 請你請你請你請你用心聽 聽自己心內的聲 甘真正甲人同款 當你學會了獨立思考 你就是你自己的老闆 你就是你自己榜樣的榜樣 Go Be yourself 怕什麼 不需在別人的影子下生活 向前走 不要回頭 下定決心 就不顧一切去做 Be yourself 廢話 從來不囉唆 想要什麼 就自己去追求 Be yourself 不爽就直接說 我管你貓的安怎講 我的腦袋 怎麼都停不下來 是不是代表 我思考從不間斷 不用做作 不用假裝虛偽笑容 我已開始活出真正的我 上工的時候 盡情享受快活 讓準備好的機會 不做白工 請你請你請你請你不免驚 讓自己放肆的靈魂 可以找得到家 請你請你請你請你用心聽 聽自己心內的聲 甘真正甲人同款 當你學會了獨立思考 你就是你自己的老闆 你就是你自己榜樣的榜樣 Go Be yourself 怕什麼 不需在別人的影子下生活 向前走 不要回頭 下定決心 就不顧一切去做 Be yourself 廢話 從來不囉唆 想要什麼 就自己去追求 Be yourself 不爽就直接說 我管你貓的安怎講 說出的話 都自己擔 敢做就要敢當 傷人的錯 不要再犯 就在原諒中學會成長 成長後學會飛翔 Be yourself 怕什麼 不需在別人的影子下生活 向前走 不要回頭 下定決心 就不顧一切去做 Be yourself 廢話 從來不囉唆 想要什麼 就自己去追求 Be yourself 不爽就直接說 我管你貓的安怎講
43,Kiss,聽說長在嘴裡的寄生蟲 會讓人發瘋 會發瘋 空虛藏在你攻擊的話裡 讓我真的好同情 好同情 不明白沒有錯亂說不太好 別讓自己變得越來越無腦 Come on and give me a kiss I know you really wanna 上帝祂為你瘋狂 撒旦也會心一笑 你說這樣還夠不夠撒嬌 衝突等著你跟我發生 我頭髮白了 都白了 抗拒外在所有的引力 你根本是個龐克 超龐克 不明白沒有錯亂說不太好 別讓自己變得越來越無腦 Come on and give me a kiss I know you really wanna 上帝祂為你瘋狂 撒旦也會心一笑 你說這樣還夠不夠撒嬌 其實也不用再多說 我還是過得很快樂 別浪費時間活在 永無止盡的循環 You're really such a lonely guy Anyway you just made me laugh Come on and give me a kiss I know you really wanna 上帝祂為你瘋狂 撒旦也會心一笑 你說這樣 Come on and give me a kiss I know you really wanna 上帝祂為你瘋狂 撒旦也會心一笑 你說這樣還夠不夠撒嬌
44,我們的歌（中華職棒2016年度主題曲）,誰出生就懂了 要經過多少挫折 雖然不能保證沒事了 因為明天還有未知在等 既然我們不是超人 超人也不會是萬能 但只要堅持就對了 好運來前總有壞事發生 相信他就會有可能 你的手要抓穩了 故事要啟程 勝利就在我們的狂吼聲 然後被人記得 這是我們的歌 代表著永不寂寞的人 你就是最閃耀的靈魂 怕了就別再問 時間只會等勇敢的人 終結你所有的不可能 誰出生就醒了 要經過多少回合 可能會失去些純真 為的不過只是學會生存 如果這都只是過程 應該要留下什麼 才足夠證明我活著 不願這一生就這樣過了 不甘心就不要再等 你的手要抓穩了 故事要啟程 勝利就在我們的狂吼聲 然後被人記得 這是我們的歌 代表著永不寂寞的人 你就是最閃耀的靈魂 怕了就別再問 時間只會等勇敢的人 終結你所有的不可能 這是我們的歌 代表著永不寂寞的人 你就是最閃耀的靈魂 怕了就別再問 時間只留給勇敢的人 終結你所有的不可能 唱著我們的歌 代表你不是孤獨一個 點燃你最閃耀的靈魂 怕了就別再問 時間是永遠不會等人 終結所有畏懼的可能
45,改變,你說我變了你沒錯 我變得更沉著 扛在肩上的不只是 我一個人的夢 失去了太多現在懂 沒差眼淚不會白流 如果你也醒了就跟我走(就不再回首) 我不停改變 為了更好的自己 而且 我會不停改變 要做更屌的專輯 you know I won't be the same 感謝 所有存在的過去 才能成就全新的我自己 過去的我習慣帶著恨 面對未知的一切 but man I try to learn 憤怒總是阻擋著我看見真相 鐵板都踢到爛了也都不能怎樣 I never give up 只要你內心夠堅定全宇宙都會幫著你 就算這世界再醜陋 (別忘了Who you wanna be) 我不停改變 為了更好的自己 而且 我會不停改變 顛倒該死的命運 you know I won't be the same 感謝 所有傷害跟逆境 才能拼湊完整的我自己 (Woh)才能成為全新的我自己 It's time to let me free 我不停改變 為了更好的自己 而且 我會不停改變 要做更屌的專輯 you know I won't be the same 感謝 所有存在的過去 才能成就全新的我自己
46,Never Die,濃烈的 無知的 沒有方向還是要啟程 因為知道遠方有人在等 我浪費著 青春呢 未來不被祝福那又如何 直到盡頭的末班車 我要放蕩不羈的愛 不後悔也不怕失敗 證明曾經我的存在 I know that spirit will never die 我要放蕩不羈的愛 反正人生不會重來 證明曾經我的存在 I know that spirit will never die We will never die 我不信人 不信神 只想把音樂放到最大聲 跟著值得我去愛的人 I won't escape Cause I know there's no place to hide Ain't got no limits I'm always fighting for life 會驚就袂大尾 毋敢拼落當然嘛沒機會 我要放蕩不羈的愛 不後悔也不怕失敗 證明曾經我的存在 I know that spirit will never die 我要放蕩不羈的愛 反正人生不會重來 證明曾經我的存在 I know that spirit will never die We will never die 我要放蕩不羈的愛 不後悔也不怕失敗 證明曾經我的存在 I know that spirit will never die 我要放蕩不羈的愛 反正人生不會重來 證明曾經我的存在 I know that spirit will never die We will never die
47,Sucker,告訴我這樣的音樂有沒有搞錯 早受夠你們一成不變的懦弱 沒有錯這裡的一切根本沒理由 永遠就那些沒穿衣服的小丑 究竟這是誰的錯 你讓我好困惑 到底要多久才能夠 讓搖滾樂自由 the f**Kin' sucker a f**Kin' lier the f**Kin' sucker a f**Kin' lier the f**Kin' sucker a f**Kin' lier the f**Kin' sucker 為了錢出賣自由 你到底還擁有什麼 這個惡夢揮之不去只好繼續做 想要抵抗你最好 放手一搏 為了看見未來一群人不知死活 吶喊著不搖就滾再也不回頭 究竟這是誰的錯 你讓我好困惑 到底要多久才能夠 讓搖滾樂自由 the f**Kin' sucker a f**Kin' lier the f**Kin' sucker a f**Kin' lier the fucking sucker a f**Kin' lier the f**Kin' sucker 為了錢出賣自由 你到底還擁有什麼 The f**Kin' sucker... 閉上你的嘴讓我給你一拳 the f**Kin' sucker a f**Kin' lier the f**Kin' sucker a f**Kin' lier the f**Kin' sucker a f**Kin' lier the f**kin' sucker 為了錢出賣自由 你還擁有什麼 為了你自己而活 so we still play the Rock'n'Roll 我知道 我們有點衝動 我知道 我們有點衝動 有些時候沒時間讓我們想太多 未來該怎麼過 要玩就帶種別退縮 不要問這麼多
48,When I Sing the Song,我沒有醉 只是有那麼點憔悴 面對鏡子裡面認不出 是誰 又再一遍 收音機裡熟悉和弦 唱的完美之後喝采 是為了誰 帶我回到那 那人們遺忘的時光 但我已經不再奢望 When I Sing The Song Again 光芒消逝的瞬間 誰能看見我在這裡面 這沒人記得的空間 When I Sing The Song Again 黑暗覆蓋這雙眼 我不知道我無法分辨 那是誰 我不頹廢 只是斷了幾條弦 唱不出我心中需要的 安慰 這個世界 傳唱我寫的音階 也許槍聲能夠喚回 一點尊嚴 我也許嚥不下 嚥不下子彈的渴望 但一切都已沒了辦法 When I Sing The Song Again 光芒消逝的瞬間 誰能看見我在這裡面 這沒人記得的空間 When I Sing The Song Again 黑暗覆蓋這雙眼 我不知道我無法分辨 那是誰 When I Sing The Song Again 光芒消逝的瞬間 誰能看見我在這裡面 這沒人記得的空間 When I Sing The Song Again 黑暗覆蓋這雙眼 我不知道我無法分辨 那是誰 When I Sing The Song Again 不想這麼的狼狽 誰能發現我在裡面 這被人遺棄的空間 When I Sing The Song Again 為什麼總是喝不醉 我不知道我不想分辨 白天黑夜 我到底會是誰 我到底又是誰 我到底會是誰 我到底又是誰
49,家,看不清 那些複雜的劇情 要深陷還是抽離 我還不太確定 搞不定 還是有一些疑慮 是不是我太著急 只能故作鎮定 深呼吸感受整個大地 把所有是非黑白都歸零 就這麼簡單 是如此簡單 看透了一切就不再難 從沒有離開 從沒有離開 繞了一大圈才明白 原來家一直都在 聽仔細 腦海沈睡的聲音 要墮落還是升起 其實早就確定 看仔細來自紅塵的騙局 要跟隨或帶領我來決定 喚醒腦海沈睡的聲音 把惡魔全都趕出去 從沒想過能如此清澈 仰望著星空終於知道了 就這麼簡單 是如此簡單 看透了一切就不再難 從沒有離開 從沒有離開 繞了一大圈才明白 原來家一直都在 這是來自覺醒的聲音 呼喚著行屍走肉的你 這是來自宇宙的聲音 讓你看清 這一 切 就這麼簡單 是如此簡單 看透了一切就不再難 從沒有離開 從沒有離開 繞了一大圈才明白 原來家一直都在 一直都在 原來家一直都在
50,Ready to go,太多的假設 根本會看不見 答案明明就在我眼前 被誰改變的不敢在冒險 需要個刺激讓自己沸騰 已經不想繼續裝死了 賴在舒適圈 真的會變笨 I’m ready to go 穿越地平線的另一頭 我還要更瘋 每天當最後一天在活 And I’m ready to go 離開的時候 不要太恨我 那不是我想要的生活 你想留就留想走就快走 別在那囉唆 如果人生要照著規則走 不如就當我是一隻瘋狗 聽見遠方聲音在呼喚我 不想要在原地停留 I’m ready to go 穿越地平線的另一頭 我還要更瘋 每天當最後一天在活 沒親眼看見怎麼能說你見識過 沒有燃燒過怎麼能就害怕墮落 就在全部都歸零之後 And I’m ready to go 渴望 超脫以後達到更高的我 想要闖 根本不需要任何理由 不想 繼續軟弱 前方就是出口 管他是天堂還是地獄都要走 我不過 就想嘶吼 想發瘋 你奈何了我 如果不夠太種 就別羨慕我 坐在 最高 最高 的王座 I’m ready to go 穿越地平線的另一頭 我還要更瘋 每天當最後一天在活 沒親眼看見怎麼能說你見識過 沒有燃燒過怎麼能就害怕墜洛 就在全部都歸零之後 就在歸零之後 就在歸零之後 And I’m ready to go Here we go X5
51,變成你,我不想當我自己我只想要變成你 沒煩惱也沒壓力能穿金的又戴銀 Cause I don't want to be me anymore 如果這是一種病那沒差讓我變成你 多麼想要成為一個有用的人 凡事只要放個放屁 都會是聚光的燈 哼個旋律全世界都幫你合聲 也太幸福了吧總是美夢成真 像是一種不能被拆穿的魔術 像是該死的馬力歐吃了蘑菇 可以飛高高也可以遁地 有用不完的口罩隔離瘟疫 你說的沒錯我就是羨慕嫉妒 別輕易挑戰我中二的程度 我不想當我自己我只想要變成你 沒煩惱也沒壓力能穿的金又戴銀 Cause I don't want to be me anymore 如果這是一種病那沒差讓我變成你 I'm not ok 成了名 聚光燈都在這裡 你想要 都拿去 我叫hater每天追你 複雜的交際真是叫人每天發病 不想被子彈打 I rather be nobody 我站上這高處卻從來沒有減少 使用的藥物 你說的沒錯我就是羨慕嫉妒 別輕易挑戰我中二的程度 我不想當我自己我只想要變成你 沒擁有就沒失去無知還比較開心 Cause I don't want to be me anymore 如果這是一種病那沒差讓我變成你 讓我變成你
52,百憂解,微醺的歲月迷惑著那大腦 我將它丟掉 威力像火箭砲 驚動的轎車警報器在炫耀 我向前奔跑 輕盈的像隻貓 詭譎力量拉扯美好畫面 我 奮力抵抗 彈簧變得彈性疲乏 僵持不下 無法思考 關於這樣的症狀 該怎麼辦才好 這樣下去我會瘋掉 所有快樂在偽裝 覆蓋我的善良 無法接受我只想逃 輕描淡寫的過往你記得嗎 找回最初的心跳 五顏六色的軟糖我奮力咬 重啟開心的發條 別忘了那名為快樂 的寶藏 冒險的藍圖考驗著那大腦 我做上記號 目標像沖天炮 亂竄的搶匪來福槍在作響 我開始武裝 沈重的像隻象 詭譎力量拉扯美好畫面 我 奮力抵抗 彈簧變得彈性疲乏 僵持不下 無法思考 關於這樣的症狀 該怎麼辦才好 這樣下去我會瘋掉 所有快樂再偽裝 覆蓋我的善良 無法接受我只想逃 輕描淡寫的過往你記得嗎 找回最初的心跳 五顏六色的軟糖我奮力咬 重啟開心的發條 別忘了那名為快樂 的寶藏 在黑暗中 我看見 一道微光 映著雙眼 花瓣凋謝 一瞬間 一股微風 帶走一切 在黑暗中 我看見 一道微光 映著雙眼 花瓣凋謝 一瞬間 一股微風 帶走一切 雨和淚 是與非 煙消雲散開 世界在旋轉 背起吉他讓我唱 singing oh ohoh oh ohoh oh ohoh
53,午夜夢迴,在這個發夢的早晨 酒精讓我還有點昏 看了很多美景和女人 空虛的夢還再沉 心就像沒孩子的樂園 像沒人穿過的玻璃鞋 訊息妳雖然已經回 但妳的人我看不見 多希望妳能留在我的身邊 感受我所有知覺我的體會 想念已穿越了海洋的平面 留下給我的只是午夜夢迴 在這個發夢的早晨 酒精讓我還有點昏 看了很多美景和女人 空虛的夢還再沉 心就像沒孩子的樂園 像沒人穿過的玻璃鞋 訊息妳雖然已經回 但妳的人我看不見 多希望妳能留在我的身邊 感受我所有知覺我的體會 想念已穿越了海洋的平面 留下給我的只是午夜夢迴 午夜夢迴 午夜夢迴
54,Runaway,快不行 所有的事情 沒有在客氣 現在都要我的命 Let it be 說的很容易 快不能呼吸 難道這就是我的結局 全世界病的不輕 像是一種擴散的瘟疫 需要好音樂來聽 放下一切想要離開這裡 找個地方去壓壓驚 We can runaway Find a place to hide until the colors are back wow 沒人會發現 當作是最後一次逃跑的機會 let's go 快不行 想要的事情 太多太貪心搞得自己快GG 心的病 根本沒藥醫 像是在夢境 永遠走不出去的劇情 人生該怎麼繼續 有天時間才會告訴你 想要找個地方去 暫時把度爛的事先暫停 Alright 沒事也不要滑手機 We can runaway Find a place to hide until the colors are back wow 沒人會發現 當作是最後一次逃跑的機會 let's go 如果你想要個Party 那就在這裡 就算沒有什麼意義 也沒有人會在意 身為人都應該Get free 不然會沒局 下一次可能會更硬 那就真的來不及 We can runaway Find a place to hide until the colors are back wow 沒人會發現 當作是最後一次逃跑的機會 let's go We runaway and we don't care about what they say We run away 直到永遠都不後悔
55,精神時光屋,我這馬點一支番仔火 目睭磕磕來準備下願禮 蒼天在上沒講半點假 對這馬開始我袂閣再反悔 你靠勢當作別人講欸攏總是屎 假鬼假怪 I'm not the one who need to die 但是這見笑代誌我實在看袂落去 一句話一句話 你咁袂歹勢 你攏袂歹勢 你那袂歹勢 真正袂歹勢 背骨仔 fuck them all 你攏袂歹勢 (阿毋是遮gâu講) 你那袂歹勢 (阿毋是遮gâu講) 真正袂歹勢 背骨仔 fuck them all
56,平行時空,他就像是碎片一樣散落在每個街角 每個只存在自己心中的某一段小插曲 交織著淚水和笑聲 讓我忘記它已不在 同一個場合不同的他們在忙些什麼 是否也有一樣的妳在不一樣的時空中 心裡的那句話不適合在現實中表達 該怎麼抓住每一個我想要珍惜的時光 我只好靜靜的等候 下一次交錯的時候 能不能不小心把全都還給我 我只想獨自去享受 思念轉動每個秒鐘 一切盡在不言中什麼都沒說 把它藏在心中 妳最近還好嗎 是不是一樣的瘋狂 妳是否還記得 那屬於我們的故事 妳最近還好嗎 是不是一樣的瘋狂 妳或許還記得 那屬於我們的故事 心中的那句話不適合在現實中表達 該怎麼抓住每一個我想要珍惜的時光 我只好靜靜的等候 下一次交錯的時候 能不能不小心把全都還給我 我只想獨自去享受 思念轉動每個秒鐘 一切盡在不言中什麼都沒說 都藏在心中 都藏在心中 把它還給我 把它還給我
57,歸零,不知道走了多久 從沒休息過 是否該重新思考 為何而煩惱 過多期待讓我越來越迷惘 殘存的自己到底還剩下多少 剩下多少 從沒有感覺如此的平靜 感受大地重啟我的生命 仔細聽心裡真實的聲音 就讓這一切暫時歸零 如果追求的是快樂 為什麼憂愁 離開熟悉的生活 一切從頭來過 下一步我該明白要往哪走 屬於自己最驕傲的那條路 從沒有感覺如此的平靜 感受大地重啟我的生命 仔細聽心裡真實的聲音 就讓這一切暫時歸零 We start from zeroX6 We start and start and start and stop!!! 歸零之後力道更強烈 站穩腳步頭也不再回 跨越另一個境界 沈著的踏著地面 無所畏懼的向前 當一切回歸平靜 所有事物如此清晰 人生不過 就這一次 心在哪裡 就往哪去 不要懷疑 別再恐懼 突破之前 全部都歸零 都歸零
58,事後菸,眼睛睜開 就事情一堆 想繼續爛 在棉被裡面 還沒結束另個人又在催 誰又打來在旁邊不停抱怨 負面情緒 別再跟著我 發瘋的人 比蟑螂還多 應該要順利的再往下走 誰知道這時候怎麼又犯錯 腦袋已經超載 我還來不及看 誰來把速度放慢 難道你真的不煩 能不能再給我多一點的時間 好讓我能準備好解決這些shit 隨便你說我有多廢我無所謂 反正後果是我在背 什麼時候才能坐下來抽一根事後菸 眼睛睜開 就事情一堆 想繼續爛 在棉被裡面 還沒結束另個人又在催 誰又打來在旁邊不停抱怨 腦袋已經超載 我還來不及看 誰來把速度放慢 難道你真的不煩 能不能再給我多一點的時間 好讓我能準備好解決這些shit 隨便你說我有多廢我無所謂 反正後果是我在背 什麼時候才能坐下來抽一根事後菸 能不能再給我多一點的時間 好讓我能準備好解決這些shit 隨便你說我有多廢我無所謂 反正後果是我在背 終於能坐下來抽我媽的一根事後菸 發現菸盒裡面 根本沒菸
59,趁 (佰柒聯合畢業歌),沿著窗 收集散 落的那 一抹光 以為能照亮 自己的模樣 卻 一樣在原地等待著 一樣的明天 跟著它 拾起散 落一地 的紙張 想像能到達 出口的假象 卻 一樣在原地等待著 一樣在原地 穿上那虛偽的衣裳 穿梭在無盡的熙來攘往 想成為被照亮的人啊 可能嗎 快一點 再快一點 趁我還有這份衝動 在我還有這份呼吸的時候 再快一點 趁我還沒有爛透 快一點 再快一點 趁我還有這份衝動 在我還有這份呼吸的時候 再快一點 趁我還沒有放過 我自己 靠著窗 打開被 弄髒的 那寶藏 以為能看清 現實的遊戲 卻 一樣在原地等待著 一樣在原地 想成為被照亮的人啊 可能嗎 可以的 對吧 快一點 再快一點 趁我還有這份衝動 在我還有這份呼吸的時候 再快一點 趁我還沒有放過 我自己 趁我還有這份衝動 趁我還有這份衝動 趁我還有這份衝動 趁我還有這份衝動 趁我還有這份衝動 趁我還有這份衝動 趁我還有這份衝動 趁我還有這份衝動 趁我還有這份衝動 趁我還有這份衝動 趁我還有這份衝動
60,籠中鳥,看著遠方 只可惜光景不再嘹亮 很沮喪 很失望 不斷隱藏 隱藏在人群中的慌張 在萌芽 在發燙 快要瘋了嗎 我在自問自答 不斷狂奔的心臟 在這個牢房 與我拼死掙扎 我不想成為一個找不到靈魂的空殼 失去對生命的狂熱 那記憶中的詩人 唱著心中的那首歌 指引我穿越乾枯的河 鳳凰般浴火重生 沒了信仰 就像是一匹脫韁野馬 找不到 那個家 不如這樣 就把我當作代罪羔羊 宰了吧 有何不妨 快要瘋了嗎 我在自問自答 狂奔的心臟 在這個牢房 與我拼死掙扎 我不想成為一個 找不到靈魂的空殼 失去對生命的狂熱 那記憶中的詩人 唱著心中的那首歌 指引我穿越乾枯的河 鳳凰般浴火重生 Fly away 衝破那恐懼的繭 就算遍體鱗傷也不再退 Rise again 身上流著沸騰的血 縱然下一秒我將面對未知的世界 我不想成為一個 找不到靈魂的空殼 失去了對生命的狂熱 那記憶中的詩人 唱著心中那首歌 指引我穿越乾枯的河 鳳凰般浴火重生 心裡的圍牆崩塌 是為前進的渴望 就像籠中鳥的翅膀 是為了自由而飛翔
61,我們的歌,誰出生就懂了 要經過多少挫折 雖然不能保證沒事了 因為明天還有未知在等 既然我們不是超人 超人也不會是萬能 但只要堅持就對了 好運來前總有壞事發生 相信他就會有可能 你的手要抓穩了 故事要啟程 勝利就在我們的狂吼聲 然後被人記得 這是我們的歌 代表著永不寂寞的人 你就是最閃耀的靈魂 怕了就別再問 時間只會等勇敢的人 終結你所有的不可能 誰出生就醒了 要經過多少回合 可能會失去些純真 為的不過只是學會生存 如果這都只是過程 應該要留下什麼 才足夠證明我活著 不願這一生就這樣過了 不甘心就不要再等 你的手要抓穩了 故事要啟程 勝利就在我們的狂吼聲 然後被人記得 這是我們的歌 代表著永不寂寞的人 你就是最閃耀的靈魂 怕了就別再問 時間只會等勇敢的人 終結你所有的不可能 這是我們的歌 代表著永不寂寞的人 你就是最閃耀的靈魂 怕了就別再問 時間只留給勇敢的人 終結你所有的不可能 唱著我們的歌 代表你不是孤獨一個 點燃你最閃耀的靈魂 怕了就別再問 時間是永遠不會等人 終結所有畏懼的可能
62,青春的夢,什麼帶至都還不知影 就想要趕緊來登大人 大人說你要唸書還是當流氓 我只想要證明我是誰 是什麼時候咱都已經不再是孩子 所有一切都像是電影 這就是咱青春的夢 這首歌給你的思念 不會忘記那天我們的發誓 一定會做一個好兒 這個巷子已經都沒人 想起到那天在拼輸贏 就為了一個七仔換來是頭殼破 散來笑笑 都馬沒算啥 什麼時候咱都已經不再是孩子 所有一切都像是電影 這就是咱青春的夢 這首歌給你的思念 不會忘記那天我們的發誓 一定會做一個好兒 這就是咱青春的夢 這首歌給你的思念 不會忘記那天我們的發誓 一定會做一個好兒 這就是咱青春的夢 這首歌給你的思念 不會忘記那天我們的發誓 一定會做一個好兒 青春的夢 青春的夢
63,不是人,嘿~難道你還沒清醒 已經沒回頭路可以去 嘿~不要再說謊話 原來你的良心都被狗吃去 嘿~根本是妖魔轉世 吃人的米吸人的血錢 嘿~機會都已經給你 不要再這樣繼續傷天害理 不要再這樣繼續不要無緊 現在我才可以體會當時我爸跟我說的話 沒人可以改變這個黑暗的時代 多少人依舊 要哭沒眼淚 要是這個世界已經都沒人出聲 請你要知道 這裡還有我 他根本不是人 他根本不是人 他根本不是人 沒人可以改變這個黑暗的時代 多少人依舊 要哭沒眼淚 要是這個世界已經都沒人出聲 請你要知道 這裡還有我 他根本不是人 他根本不是人 他根本不是人 他根本不是人
64,放蕩 - Unplugged,三更半夜我睡不著 愛找朋友出來耗 知道哪有樂子往哪處跑 哪裡妹多往哪靠 他說 她 不是他的菜 誰又說誰比誰帥 這種日子如果你受不了 就不要出來走跳 怎麼辦我們是 沒未來的小孩 白日夢做不夠 這生活沒停過 這生活多放蕩 多危險我不知道 偏跟你唱反調 又怎樣 你能怎樣 這生活多放蕩 多危險我不知道 偏跟你唱反調 又怎樣 你能怎樣 誰不知道你睡過誰 這時代誰不隨便 找個對眼就開房間 隔天哪管你是誰 想打架我們沒在怕 就怕你是臭俗仔 或許這些都還不足夠 滿足你要的快樂 怎麼辦我們是 沒未來的小孩 白日夢做不夠 這生活沒停過 這生活多放蕩 多危險我不知道 偏跟你唱反調 又怎樣 你能怎樣 這生活多放蕩 多危險我不知道 偏跟你唱反調 又怎樣 你能怎樣
65,當你在瀕臨崩潰之時,房間裡已空無一人 往上的樓層陰暗的階梯 知道撥了還是關機狀態 這陰天和藍色的悲哀 這個世界 對啦 又虛偽 又疲憊 連掉眼淚都學不會 當你在 這瀕臨崩潰時候 選擇墜落還是飛行跟著節奏 Would you go 丟掉那負面念頭 下一分鐘 創造新的平行宇宙 跨越無數座地下道 希望角落有熟悉的身影 我沿著地面紅色斑點噴漆 腳印模糊了微薄的訊息 這個世界 對啦 又虛偽 又疲憊 連掉眼淚都學不會 當你在 這瀕臨崩潰時候 選擇墜落還是飛行跟著節奏 Would you go 丟掉那負面念頭 下一分鐘 創造新的平行宇宙 看著我 牽著我的手 跟著我 當你在 這瀕臨崩潰時候 選擇墜落還是飛行跟著節奏 Would you go 丟掉那負面念頭 下一分鐘 創造新的平行宇宙 當你在 這瀕臨崩潰時候 選擇墜落還是飛行跟著節奏 Would you go 丟掉那負面念頭 下一分鐘 創造新的平行宇宙
66,靈魂帶走,你永遠沒辦法把靈魂帶走 不如就在這裡和我們腐朽 就在你見到上帝之後 沒了方向但是路卻還在走 不知不覺我又回到老家門口 在一場槍林彈雨之後 啊~我應該何去何從 在這個生活找到出口 拼命想改變些什麼 但全是一場空算什麼 悸動後殘留下記憶的裂縫 時間走了什麼也不曾停留 不會出現在夢醒之後 眼神的空洞裡迷離的漫遊 遊移在只屬於我們的綠洲 享受離開之後的衝動 啊~我應該何去何從 在這個生活找到出口 拼命想改變些什麼 但全是一場空算什麼 啊~我應該何去何從 在這個生活找到出口 拼命想改變些什麼 但全是一場空算什麼 啊~我應該何去何從 在這個生活找到出口 拼命想改變些什麼 但全是一場空 想改變些什麼 全是一場空
67,鞠躬,你喜歡被注意 你喜歡被同情 你喜歡第一 別說太多交情 重要的是能聽 到錢的聲音 眼看著被現實奴隸 只為了被看得起 還有你所謂的友情 在我後面說些狗屁 在面前又叫我兄弟 可能我不像你 腦袋如此聰明 的達到目的 不過沒有關係 我真的很可以 你不用擔心 從不屑現實奴隸 也不怕被看不起 至少還對得起自己 不用為了爬上去 就可以隨時的趴下去 到底是我有病 還是你自以為清醒 這世界到底把 人變成什麼東西 原來這就是長 大後該做的事情 他媽的沒藥醫 Don't make a sound Even if you're scared Don't make a sound Even if you're scared You better run X4 到底是我有病 還是你自以為清醒 這世界到底把 人變成什麼東西 原來這就是長 大後該做的事情 他媽的沒藥醫
68,再一次選擇,他們總是告訴我 日子應該怎麼過 但誰說 路就是要這麼走 如果所有抉擇 都沒有對與錯 那如何回到真實的自我 太多的雜訊 圍繞著我 搞的我快不能呼吸 我全都丟掉 左耳進右耳出 現在我只想找自己 如果再給我一次機會選擇 找回曾失去的衝動 從來沒有忘記那初衷 這一次絕不再放手 早以聽了太多 日子應該怎麼過 屬於個人的路 該要怎麼說 每個人的選擇 自己才會懂 無奈太強烈的執著 太多的焦慮 圍繞著我 搞的我快不能呼吸 我全都丟掉 左耳進右耳出 現在我只想找自己 如果再給我一次機會選擇 找回曾失去的衝動 從來沒有忘記那初衷 這一次絕不再放手 如果再給我一次機會選擇 找回曾失去的衝動 從來沒有忘記那初衷 這一次絕不再放手 如果再給我一次機會選擇 找回曾失去的衝動 從來沒有忘記那初衷 這一次絕不再放手 你需要找個地方讓你靜一靜 或許來一首經典讓你痲痹 什麼都不要想什麼都不要做 什麼都不要想什麼都不要做 什麼都不要想什麼都不要做 什麼都不要想什麼都不要做 什麼都不要想什麼什麼都不要做
69,Diamond (鑽石),"""I flex hard I'm a diamond Crush me all u want Imma take no damage Bling bling bling That's how I be doing You could call me HP Printing paper by the minute We going big Reppin FP yeah we down with this business Tracks go flame when I'm in it Diamond Diamond Diamond Young OZI right here Check check 給我好好聽著 這個環境壞了 真的壞的太扯 god damn Bout time to 改變遊戲規則 100 carat diamond 靈魂像是鑽石般的 雲端 依然穩穩站著 You can't see me comin I'm a 火影忍者 Gang gang gang gang I'm makin bank bank bank 數鈔票數到累 要走就走到飛 okay 這文字的藝術 弄得很清楚 說到底的確算是嘴上功夫 錢我不在乎 這是種態度 忍術 火遁 豪火球之術 你吃驚 見識這本事 這實力 Eminem二世 像特技 帶這到極致 二十一 準備幹大事 到國際 從這台北市 穿Gucci 帶著金鏈子 我做beat 你們全都濕 Like Jay Z 開始造歷史 這使命 我扛一輩子 持續 突破 極致 That's on every single song I spit 因為這是必須的 成為傳奇的資格 得到Title的飢渴 我說過我是路克天行者 Oh yeah Imma訂新規則 超越自己每首饒舌 身手像個靈魂刺客 寫的每首R&B都把妳逼到瘋了 "
70,反派,你的招式我看了真的不太明白 但卻能得到所有人的寵愛 下個意外又變成最新潮的崇拜 無神論的人不可能會買單 是我太大驚小怪其實你不奇怪 還是我太宅不懂你很厲害 原來我就是反派也不愛吃早餐 那就跟我一起吃芒果乾 就算世界變得不一樣 一陣風把你吹到哪 塗上最能代表我的妝 還有浮誇的頭髮 永不妥協世俗的眼光 小丑也不敢說話 這是最珍貴的寶藏 放在腦袋你不能拿 你的招式我看了真的不太明白 但卻能得到所有人的寵愛 下個意外又變成最新潮的崇拜 無神論的人不可能會買單 是我太大驚小怪其實你不奇怪 還是我太宅不懂你很厲害 原來我就是反派也不愛吃早餐 那就跟我一起吃芒果乾 就算世界變得不一樣 一陣風把你吹到哪 塗上最能代表我的妝 還有浮誇的頭髮 永不妥協世俗的眼光 小丑也不敢說話 這是最珍貴的寶藏 放在腦袋你不能拿 不管你到底是會不會唱 大家一直毀謗 卻又一再回放 (嗚) 秀個下限控制全場 把賽塗在臉上 完成明星願望 新的時代由不得你阻擋 不按規定出場別當生教組長 不管這個學校誰是校長 今天我就是七億的票房 是我太大驚小怪其實你不奇怪 還是我太宅不懂你很厲害 原來我就是反派也不愛吃早餐 那就跟我一起吃芒果乾 就算世界變得不一樣 一陣風把你吹到哪 塗上最能代表我的妝 還有浮誇的頭髮 永不妥協世俗的眼光 小丑也不敢說話 這是最珍貴的寶藏 放在腦袋你不能拿
71,Diamond鑽石,"""I flex hard I’m a diamond Crush me all u want Imma take no damage Bling bling bling That’s how I be doing You could call me HP Printing paper by the minute We going big Reppin FP yeah we down with this business Tracks go flame when I’m in it Diamond Diamond Diamond Young OZI right here Check check 給我好好聽著 這個環境壞了 真的壞的太扯 god damn Bout time to 改變遊戲規則 100 carat diamond 靈魂像是鑽石般的 雲端 依然穩穩站著 You can’t see me comin I’m a 火影忍者 Gang gang gang gang I’m makin bank bank bank 數鈔票數到累 要走就走到飛 okay 這文字的藝術 弄得很清楚 說到底的確算是嘴上功夫 錢我不在乎 這是種態度 忍術 火遁 豪火球之術 你吃驚 見識這本事 這實力 Eminem二世 像特技 帶這到極致 二十一 準備幹大事 到國際 從這台北市 穿Gucci 帶著金鏈子 我做beat 你們全都濕 Like Jay Z 開始造歷史 這使命 我扛一輩子 持續 突破 極致 That’s on every single song I spit 因為這是必須的 成為傳奇的資格 得到Title的飢渴 我說過我是路克天行者 Oh yeah Imma訂新規則 超越自己每首饒舌 身手像個靈魂刺客 寫的每首R&B都把妳逼到瘋了"
72,反派,你的招式我看了真的不太明白 但卻能得到所有人寵愛 下個意外又變成最新潮的崇拜 無神論的人不可能會買單 是我太大驚小怪其實你不奇怪 還是我太宅不懂你很厲害 原來我就是反派也不愛吃早餐 那就跟我一起吃芒果乾 就算世界變得不一樣 一陣風把你吹到哪 塗上最能代表我的妝 還有浮誇的頭髮 永不妥協世俗的眼光 小丑也不敢說話 這是最珍貴的寶藏 放在腦袋你不能拿 你的招式我看了真的不太明白 但卻能得到所有人寵愛 下個意外又變成最新潮的崇拜 無神論的人不可能會買單 是我太大驚小怪其實你不奇怪 還是我太宅不懂你很厲害 原來我就是反派也不愛吃早餐 那就跟我一起吃芒果乾 就算世界變得不一樣 一陣風把你吹到哪 塗上最能代表我的妝 還有浮誇的頭髮 永不妥協世俗的眼光 小丑也不敢說話 這是最珍貴的寶藏 放在腦袋你不能拿 不管你到底是會不會唱 大家一直毀謗 卻又一再回放嗚 秀個下限控制全場 把賽塗在臉上 完成明星願望 新的時代由不得你阻擋 不照規定出場別當身教組長 不管這個學校誰是校長 今天我就是七億的票房 是我太大驚小怪其實你不奇怪 還是我太宅不懂你很厲害 原來我就是反派也不愛吃早餐 那就跟我一起吃芒果乾 就算世界變得不一樣 一陣風把你吹到哪 塗上最能代表我的妝 還有浮誇的頭髮 永不妥協世俗的眼光 小丑也不敢說話 這是最珍貴的寶藏 放在腦袋你不能拿
73,Tricky Trick,騙人的小把戲 我不相信撒浪嘿 ei 固執就是我的方式 就是不屑一顧我 放肆地在地面摩擦你的假傷悲 yall 我才不想戳破你的tricky trick 有個bitch他想在我耳邊說句撒浪嘿 可惜I got bad baby cash money不屑一顧我 bouce till the morn不聽你假傷悲uh 我才沒有功夫戳破你的tricky trick tricky trick like trash mind is oversize never make it tight trun on all the lights no anybody 開口 我在前面開了胃 繞開人群排著隊 gotta go to anywhere that silly people never go 一起到背後 背靠背地嚼舌根 沒什麼能打擾到我和時間爭分奪秒 it seems like I am the winner get ready for the winter they all wanna be saints but I was called a sinner now I got everything I wanted everything I wanted everything I wanted I got everything I wanted cause I’d like to build and run it zoom zoom and pump it up pose pose what i want to show work work but I want them to know that 騙人的小把戲 我不相信撒浪嘿 ei 固執就是我的方式 就是不屑一顧我 放肆地在地面摩擦你的假傷悲 yall 我才不想戳破你的tricky trick 有個bitch他想在我耳邊說句撒浪嘿 可惜I got bad baby cash money不屑一顧我 bouce till the morn不聽你假傷悲uh 我才沒有功夫戳破你的tricky trick tricky trick like trash hum I got the key be busy make it the hit whit hum 歌詞的強烈 hum 這樣的靈感在飛過的航線 hum 擴寬了膛線 讓 彈道的痕跡不常見 驚艷了行業 look at the monster hum 上帝會助他第一個吃螃蟹 work hum Leave me alone hum 我真的沒空 hum enemy enemy 守不住 hum碗中米撒一地 hum Who's the best hum flow的master 打磨我最新的album Why am I alone studio is my home 所以我每首都衝 The kiss from heaven to street kids 脫下了Sup穿C.E  please 別再跟我聊你可怕的品味 All my brothers not a  fake one 不是獨特而是 only one 聽不懂的flow 我挨個換 不斷超越超 another one 就是為了讓你 看不慣 hum 騙人的小把戲 我不相信撒浪嘿 ei 固執就是我的方式 就是不屑一顧我 放肆地在地面摩擦你的假傷悲 ya 我才不想戳破你的tricky trick 有個bitch他想在我耳邊說句撒浪嘿 可惜I got bad baby cash money不屑一顧我 bouce till the morn不聽你假傷悲uh 我才沒有功夫戳破你的tricky trick tricky trick like trash
74,放著咱的歌,全部路上的車 放的攏是咱的歌 半夜到透早路上攏是臭屁音樂的聲 全部的夜市仔 全部的廣告電台 全部的路邊攤 全部攏是咱的歌 全部路上的車 放的攏是咱的歌 半夜到透早路上攏是臭屁音樂的聲 全部的夜市仔 全部的廣告電台 全部的路邊攤 全部攏是咱的歌 ALL EYES ON ME 目光吸引所有的BITCH DROP THE BEAT 開口大家全都跪著聽 YA NA MEAN 包了全部 全方面我都兼顧 上巨蛋難道要大聲宣布 全部看我嗆到都抓不住 AYE LAY WOO 隨便出場都會得到FEEDBACK 我唱得都是金曲 隨便都是迷妹 雙腳走在路上 都好像是在飛 我像是嗎啡你上癮 DO YOU SEE THAT 羨慕嗎 羨慕嗎 羨慕我走的路 我從我什麼洨都沒拼到穿三萬的褲 靠我自己的手段去得到要的全部 YA KNOW WHAT I SAY 百萬點閱 I GOT 4 全部路上的車 放的攏是咱的歌 半夜到透早路上攏是臭屁音樂的聲 全部的夜市仔 全部的廣告電台 全部的路邊攤 全部攏是咱的歌 全部路上的車 放的攏是咱的歌 半夜到透早路上攏是臭屁音樂的聲 全部的夜市仔 全部的廣告電台 全部的路邊攤 全部攏是咱的歌 今年已經二十六歲 懶得泉那有的無的 I'M A RAPPER 製造歌曲 我的歌應該都有聽過 很多人嫌臭屁的歌沒營養 但在KTV你們也是唱很爽 講阮的歌 就是垃圾 阮就用垃圾 賺你的新臺幣 隨便在一個地方都會聽到臭屁嬰仔的歌（YA YA） 不管進口還是國產 四輪仔是咱的宣傳車（SOON） DROP MY SHIT MY NEIGHBORHOOD 聽到音樂作伙BODY MOVE 老灰仔DANCING配太極舞 囝仔RAP欲做歐吉虎 DROP MY SHIT（臭屁ON THE TRACK） 你們這些TRAP囝仔全部都借過（TRASH TRASH TRASH） DROP MY SHIT（YA KNOW WHAT I SAYING） 會爆到厝邊頭尾 厝尾頂翻過（WU） 全部路上的車 放的攏是咱的歌 半夜到透早路上攏是臭屁音樂的聲 全部的夜市仔 全部的廣告電台 全部的路邊攤 全部攏是咱的歌 全部路上的車 放的攏是咱的歌 半夜到透早路上攏是臭屁音樂的聲 全部的夜市仔 全部的廣告電台 全部的路邊攤 全部攏是咱的歌
75,Runaway,快不行 所有的事情 沒有在客氣 現在都要我的命 Let it be 說的很容易 快不能呼吸 難道這就是我的結局 全世界病的不輕 像是一種擴散的瘟疫 需要好音樂來聽 放下一切想要離開這裡 找個地方去壓壓驚 We can runaway Find a place to hide Until the colors are back wow 沒人會發現 當作是最後一次逃跑的機會 let's go 快不行 想要的事情 太多太貪心搞得自己快GG 心的病 根本沒藥醫 像是在夢境 永遠走不出去的劇情 人生該怎麼繼續 有天時間才會告訴你 想要找個地方去 暫時把度爛的事情暫停 Alright 沒事也不要滑手機 We can runaway Find a place to hide Until the colors are back wow 沒人會發現 當作是最後一次逃跑的機會 let's go 如果你想要個Party 那就在這裡 就算沒有什麼意義 也沒有人會在意 身為人都應該get free 不然會沒局 下一次可能會更硬 那就真的來不及 We can runaway Find a place to hide Until the colors are back wow 沒人會發現 當作是最後一次逃跑的機會 let's go We runaway and We don't care about what they say We run away 直到永遠都不後悔
76,假摩登,乍看之下好像沒什麼不對 沒想到他們的心裡藏著一隻魔鬼 孩子們不要再傻傻被人騙 一把鈔票就能帶走你和他的尊嚴 我從來不屑去跟隨 那美麗背後的謊言 無所謂 我的信念不滅 任你來摧毀 沒感覺 耶 他開口就是神聖的箴言 他隨便放個屁你也覺得是香味 看看 我們這個社會 你 捫心自問自己到底有沒有貢獻 我從來不屑去跟隨 那美麗背後的謊言 無所謂 我還是刷著和弦 與世代告別 沒感覺 耶 我從來不屑去跟隨 那美麗背後的謊言 無所謂 我的信念不滅 任你來摧毀 喔喔喔 我不跟隨 那美麗背後的謊言 無所謂 我與世代告別
77,放蕩,三更半夜我睡不著 愛找朋友出來耗 知道哪有樂子往哪處跑 哪裡妹多往哪靠 他說他不是他的菜 誰又說誰比誰帥 這種日子如果你受不了 就不要出來走跳 怎麼辦 我們是 沒未來 的小孩 白日夢 做不夠 這生活 沒停過 這種生活多放蕩 多危險我不知道 偏要跟你唱反調 又怎樣 你想怎樣 這種生活多放蕩 多危險我不知道 偏要跟你唱反調 又怎樣 你想怎樣 誰不知道你睡過誰 這時代誰不隨便 看個對眼我們就開房間 隔天哪管你是誰 想打架我們沒在怕 就怕你是臭俗仔 或許這些都還不足夠 滿足你要的快樂 怎麼辦 我們是 沒未來 的小孩 白日夢 做不夠 這生活 沒停過 這種生活多放蕩 多危險我不知道 偏要跟你唱反調 又怎樣 你想怎樣 這種生活多放蕩 多危險我不知道 偏要跟你唱反調 又怎樣 你想怎樣 三更半夜我睡不著 愛找朋友出來耗 知道哪有樂子往哪處跑 三更半夜我睡不著 愛找朋友出來耗
78,去哪裡, 去哪裡 一粒 欸欸 Kaka去哪裡 欸欸 Ina去哪裡 欸欸 妹妹去哪裡 欸欸 Kaying去哪裡 摁 We Pataw 摁 We Pataw 摁 We Patawsi baby~~ 摁 We Pataw 摁 We Pataw 快來我家Patawsi 咦 Young Rich Trash Gang Ya 來自niyaro'的life style 歌名 o 孫子 ci 去哪裡kako的life style ’icep 還是太巴塱的最可口 epah還是 awe linga‘ 釀的酒 cima cima cima cima 阿嬤matelii 問我晚上到底跑去哪 我說關懷部落所有大小事物 我的行動要很隱密 不然 他的表妹吃醋 跟白浪妹子 敲敲杯啊 我的外號叫 come on baby  啊 怎麼平常約約都約不出來 在路上隨便遇到全部往我家裡轉 是喝的還不夠 是情傷的很重 陪你訴說 你有故事我而且我有揪 一杯下去 忘記煩惱和憂愁 兩杯下去 前女友都 Let it go uh ya Give me more get me dope'up A Give me more got me fucked up A Give me more 馬耀阿浪 Baby SHOT 欸欸 Kaka去哪裡 欸欸 Ina去哪裡 欸欸 妹妹去哪裡 欸欸 Kaying去哪裡 Everywhere i go 總是很輕鬆 想歡樂的氣氛就找我 你要幹什麼去哪裡 你到底要幹什麼去哪裡 去哪裡 去哪裡 去哪裡 家裡有地方睡 開車不喝酒 你喝酒找阿浪 去哪裡 去哪裡 去哪裡 去哪裡 去哪裡 我的音樂 讓你聽到 直接每天 馬拉桑 白浪 kiso fafoy kiso Fuck boy kiso malasang kiso Sailailay 喔 homies 這個東西無法麻痺我 08 清醒 如果沒有 money 你就是必須死 欸欸 Kaka去哪裡 欸欸 Ina去哪裡 欸欸 妹妹去哪裡 欸欸 Kaying去哪裡 你要去哪裡 到底 我就問 現在不是下雨天 不要去打游擊 喝醉了就坐好 不要亂找改硬 要小心  媽媽把你Patepi’ Cakapitengil Akaka pacici 不要隨便走來回 走來去 老人家講話你要聽得進去 要小心 不然剪斷你的ＧＧ 也許人生不如意要喝 十隻啤酒 反正不管怎樣都要記得冰箱還有 什麼酒國英雄 反正喝醉之後 你的最佳酒友 就是你家馬桶 喂 喝酒醉不要亂跑 不然躺在馬路  會被人家拍照 這是哪家的孩子怎麼那麼沒有禮貌 跑到別人家就算了 褲子給我穿好 欸～喝酒不要亂跑 欸 褲子給我穿好 欸欸 Kaka去哪裡 欸欸 Ina去哪裡 欸欸 妹妹去哪裡 欸欸 Kaying去哪裡 摁 We Pataw 摁 We Pataw 摁 We Patawsi baby~~ 摁 We Pataw 摁 We Pataw 快來我家Patawsi 咦 Young Rich Trash Gang 欸欸 Kaka去哪裡 欸欸 Ina去哪裡 欸欸 妹妹去哪裡 欸欸 Kaying去哪裡 欸 Tacowa kiso~~ 去哪裡 去哪裡啊
79,爆走,今天頭真痛 吃了藥沒有用 不知道該怎麼救 看到你我就上火 乾脆全部封鎖 差點我沒發瘋 幹 我真的很不爽不想聽妳的廢話 我就是這樣不然妳想怎樣 無話可說 該怎麼走 誰告訴我 衝動的我們無力在拉扯彼此傷口 明知這樣沒結果 依然向自私低頭 不停感覺我的手在顫抖 心跳開始亂了 淚流 歇斯底里爆走 請妳出絕招 我覺得沒看頭 是時候放手一搏 難道就這兩下子 還想要嚇唬我 我看妳想惹火我 幹 我真的很不爽不想聽妳的廢話 我就是這樣不然妳想怎樣 無法承受 該怎麼走 誰告訴我 衝動的我們無力在拉扯彼此傷口 明知這樣沒結果 依然向自私低頭 不停感覺我的手在顫抖 心跳開始亂了 淚流 歇斯底里 爆走 衝動的我們無力在拉扯彼此傷口 明知這樣沒結果 依然向自私低頭 不停感覺我的手在顫抖 心跳開始亂了 淚流 歇斯底里 爆走 完全失控 妳的謊言被戳破 妳說妳很愛我 我跟本聽妳在放屁
80,飞屋环游记,氣球充滿氣掛屋簷上 用不到的trash全部典當 我正在等下一個天亮 離開 我所有best friend都不見了 月光下我shadow變冰冷 我要帶上我的狗和房子 流浪 穿過高樓大廈人山人海他們羨慕 我俯瞰整個城市每個角落漏出笑容 我正一路向南 飛 穿過高樓大廈人山人海他們羨慕 我俯瞰整個城市每個角落漏出笑容 太陽跟在我的後面 追 飛屋飛屋環遊記 飛 飛 飛到海邊 飛屋飛屋環遊記 飛 飛 飛越地平線 飛屋飛屋環遊記 飛 飛 飛到海邊 飛屋飛屋環遊記 飛 飛 飛越地平線 氣球充滿氣掛屋簷上 用不到的trash全部典當 我正在等下一個天亮 離開 我所有best friend都不見了 月光下我shadow變冰冷 我要帶上我的狗和房子 流浪 穿過高樓大廈人人山人海他們羨慕 我俯瞰整個城市每個角落漏出笑容 我正一路向南 飛 穿過高樓大廈人山人海他們羨慕 我俯瞰整個城市每個角落漏出笑容 太陽跟在我的後面 追 飛屋環遊記 飛 飛 飛到海邊 飛屋飛屋環遊記 飛 飛 飛越地平線 飛屋飛屋環遊記 飛 飛 飛到海邊 飛屋飛屋環遊記 飛 飛 飛越地平線
