Link,Title,Context,PublishTime
https://news.tvbs.com.tw/politics/2659217,民調／給花蓮人一條安全回家的路！　64%國人贊同建蘇花高,"財團法人台灣民意基金會今（22）日發表十月民調報告，其中，關於國人對興建蘇花高的態度，最新民意顯示，二十歲以上台灣人中，有高達六成四贊成，「要達成均衡台灣，需要興建蘇花高」，二成八反對，也代表，興建蘇花高，已具有相當程度的全國性共識。
針對國人對興建蘇花高的態度，民調詢問，總統賴清德雙十國慶演說中首次提到「要均衡台灣區域發展」，有人說「要達成均衡台灣，需要興建蘇澳到花蓮的高速公路（蘇花高），讓花蓮人有一條安全回家的路，請問您贊不贊成？」結果顯示，有28.5%非常贊成，35.4%還算贊成，14.8%不太贊成，12.8%一點也不贊成，7.1%沒意見，1.3%不知道、拒答。換句話說，最新民意顯示，二十歲以上台灣人中，六成四贊成「要達成均衡台灣，需要興建蘇花高」，二成八反對，這項發現傳達一個清楚的訊息，即興建蘇花高是台灣絕大多數人民的期待，也可以說，興建蘇花高已具有相當程度的全國性共識。
進一步分析，民調指出，首先，從年齡層看，每一個年齡層都呈現一面倒贊成興建蘇花高，其中尤其以 40 歲 以下年輕人反應最熱烈。20-24 歲，六成七贊成，二成八反對；25-34 歲， 八成贊成，一成六反對；35-44 歲，六成七贊成，二成九反對；45-54 歲，六成一贊成， 三成一反對；55-64 歲，六成贊成，三成二反對；65 歲及以上，五成五贊成，二成九反對。
從教育程度看，每一個教育階層都呈現一面倒贊成興建蘇花高。大學及以上教育程度者，六成四贊成，三成反對；專科教育程度者，五成八贊成，三成 五反對；高中/高職教育程度者，七成贊成，二成六反對；初/國中教育程度者，六成三贊 成，二成六反對；小學及以下教育程度者，五成九贊成，一成八反對。
從職業背景看，劃分為十類不同職業類別的人，每一類都呈現多數贊成興建 蘇花高。自營商/企業主，五成七贊成，一成八反對；高階白領人員，六成二 贊成，三成五反對；基層白領人員，七成七贊成，一成九反對；軍公教人員，六成四贊 成，二成五反對；勞工，七成一贊成，二成反對；農民，四成九贊成，四成二反對；學 生，六成二贊成，二成八反對；家庭主婦，五成八贊成，二成九反對；退休人員，五成 二贊成，三成四反對；無業/待業者，七成贊成，一成九反對。
而從地理區域看，將全國劃分成七大塊，可清楚看見每一個區域都呈現一面倒贊成興建蘇花高的景象。台北市有五成六贊成，三成八反對；新北市，六成 贊成，三成一反對；桃竹苗，七成四贊成，二成反對；中彰投，六成三贊成，二成八反 對；雲嘉南，六成五贊成，二成八反對；高屏澎，五成九贊成，二成八反對；基宜花東 金馬，七成五贊成，二成反對。
最後，從政黨傾向看，各政黨支持者都呈現多數贊成興建蘇花高。具體地講，民進黨支持者，四成九贊成，四成一反對；國民黨支持者，七成七贊成，二成反對；民眾黨 支持者，六成九贊成，二成九反對；中性選民，六成八贊成，一成七反對。
整體來看，民調顯示，賴清德雙十國慶演說提出「跨區域的均衡台灣」主張，或許是見到 過去中央政府在政策上「重西輕東」的嚴重缺失，而思予以矯正。從歷史上看，國民黨執政重北輕南，民進黨執政南北平衡，東部的花蓮與台東成為永遠落後的邊陲地區。地震與颱風過後，花蓮人連一條安全回家的路都沒有，直到現在，當興建蘇花高已成為絕 大多數國人的期待時，也是賴政府實現「均衡台灣」政策的試金石。
本次調查由台灣民意基金會進行，包含問卷設計、報告撰寫與研究解析，調查由山水民意研究公司受委託執行，主要負責抽樣設計、電話訪談、資料清理及統計分析。訪問於2024年10月13日至15日進行，涵蓋全國二十歲以上的成年人。抽樣方法採用市話與手機並用的雙底冊抽樣，其中市話佔 70%，手機佔 30%。本次調查共訪問了1077 人，其中市話樣本757人，手機樣本320人，抽樣誤差在 95%信心水準下約為正負2.99 個百分點。調查結果根據內政部最新人口統計資料進行加權，考量了地區、性別、年齡及教育程度，以符合母體結構。經費來源為財團法人台灣民意教育基金會。
※請勿在此灰線下區域輸入任何文字，會被程式濾掉！
下載TVBS新聞APP，最新消息不漏接",2024/10/22 12:29
https://news.tvbs.com.tw/local/1487525,太魯閣號出軌釀50死　王浩宇譙環團「擋蘇花高」遭罵翻,"台鐵408車次
太魯閣號
今（2）日上午9時28分發生重大事故，列車行駛過程中，突遭一輛從邊坡滑落的工程車撞上導致出軌，一共造成50人罹難、146人受傷。事故發生後，前桃園市議員王浩宇在
臉書
發文譴責環保團體，他認為是環團和綠黨阻擋建造蘇花高，讓東部民眾回家的路充滿危險，不過此言論一出，卻遭網友們罵翻。
王浩宇今（2）日中午在臉書發文，根據扁政府當時的規劃，2011年台灣人就能以100公里的高速從台北直達花蓮，而且全程只需要2小時，卻因為綠黨和環保團體的抗議，政府得延後時程，並規劃成現在的蘇花改，直到2年前才通車。
王浩宇接著表示，現在他從桃園搬到台東，這才發現回北部的路好遠好遠，而且開起來也挺危險的；另外火車和飛機票也常常買不到，這讓他體會東部居民在交通上的困難，更直指這些環團的堅持「根本是自私的」。
王浩宇質疑，「環保很重要，那東部居民的安全呢？」今日發生台鐵太魯閣號脫軌意外後，身邊的朋友都在群組急問，「有沒有認識的人在車上？會不會是從台北回來的孩子？」王浩宇更說，北部人希望在東部留下美麗的淨土，把東部當成自己的後花園，但若是問他們是否要在後花園住下，紛紛卻說「才不要」。
王浩宇直呼，「那些口口聲聲說關心環境的環保人士，大多數根本不住在花東，而是在台北」，最後呼籲政府請重視東部交通，給東部居民平安回家的路。不過王浩宇的這番言論，引發網友在
PTT
上熱烈討論，但幾乎一面倒地批評，「出軌跟蘇花高關係在哪裡」、「真的是無言」、「別在那裏消費死者」、「閉上你的嘴」。",2021/04/02 18:09
https://news.tvbs.com.tw/local/1478442,快訊／遊覽車撞山釀5死　侯第一時間致電林姿妙,"蘇花高發生重大車禍，當中是由新北市市民組的團，市府團隊立刻出動前往協助處理，而新北市長侯友宜第一時間就致電宜蘭縣長林姿妙，密切關心最新狀況，她也出發宜蘭到醫院關心傷患。
最HOT話題在這！想跟上時事，快點我加入TVBS新聞LINE好友！",2021/03/16 18:17
https://news.tvbs.com.tw/life/1227644,選前釋利多！蘇花改進度超前　蔡：明年1月5日通車,"蘇花改歷經8年的施工，總統蔡英文宣布提前到明年1月5日通車，但卻被質疑是為了大選才提早，而且就在這同時，交通部還提出了蘇花安計畫要花360億，把東澳到南澳、和平、和中等路段連接起來，預計2030年完工，但是被環團質疑是蘇花高的翻版，不過交通部強調完全不一樣，對環境衝擊也比較小。
總統蔡英文：「我們一步一步往前走，而且讓我們東部人的期待，不會有落空。」
強調不會讓東部民眾失望，歷經8年多的施工，蘇花改將在明年1月通車，目前工程進度92%，通車時間預計會提前。
總統蔡英文：「那我相信2020年1月5日，這個通車的時程，是大家很有信心的，通車的時間。」
早在去年蘇澳到東澳完工後，南澳到和平、和中到大清水等路段，就訂在明年春節前通車，後來又改到1月10日，現在總統說工程進度超前，改到1月5日通車，就被外界質疑難道是為了選舉，另外交通部又提出一個新的方案。
交通部針對後續路段改善提出蘇花安計畫，要把東澳到南澳，和平到和中，跟和仁到崇德等路段全部連起來，預計耗費360億台幣，2030年全線通車，但卻被環團批評是蘇花高復辟。
花蓮民眾：「對我們花蓮有客源進來啊，比較多人進來花蓮，那就比較有人消費。」
花蓮民眾：「你分段做然後也是繞來繞去的，然後路也變比較小，對遊客來說的話，連續假期一定是塞爆的。」
民眾的正反意見都有，交通部政次說蘇花改工程團隊有經驗，工程才會提前完成，而蘇花安計畫則是沿用靠海的鐵路隧道，對環境衝擊小，跟蘇花高不一樣，目前將評估報告送行政院審查，東部的公路議題還有得吵。
最HOT話題在這！想跟上時事，快點我加入TVBS新聞LINE好友！",2019/11/02 14:42
https://news.tvbs.com.tw/local/1016093,普悠瑪翻車花東人憂　推「蘇花高」效仿日海岸高架橋,"普悠瑪21日發生出軌翻車，釀成嚴重死傷，各界針對改善方法議論紛紛，不少民眾也討論起曾經的「蘇花高」，有網友就貼出日本在海岸線蓋起高架橋的照片，表示若在海岸線外蓋起海上高架橋，也許能解決蘇花高因環評被擱置的困境。
這名網友在論壇「Mobile01」貼出一張日本海岸高架橋風景的照片，表示如果跟日本一樣在海岸線外蓋高架橋，就可以不用行駛在危險的蘇花公路上，也能實現環台高速公路的夢想，或許以環評角度來看不適合，但人命關天，這樣的高架橋比較安全，且以台灣目前技術也能辦得到。而該高架橋為日本著名的天險「親不知」，位在日本新潟縣系魚川市，一旁懸崖高度300至400公尺，地形與台灣的花東類似，日本政府為了解決行路險象環生的問題，才會決定在海岸線外蓋起高架橋。
不少網友看完這樣的建議後，紛紛提出見解，有人表示贊同，認為蘇花公路實在太危險，就曾有陸客遊覽車在花蓮發生翻覆意外，也有人認為，只要基樁打下去，沿岸的珊瑚就會全毀，環評不可能過關；但也有人認為高架橋還是會延伸出其他交通隱憂，還是坐火車比較安全，更有人認為，蘇花改工程已經在進行，應該先從現有的蘇花改或台鐵路線去改善才對。
最HOT話題在這！想跟上時事，快點我加入TVBS新聞LINE好友！",2018/10/24 18:19
https://news.tvbs.com.tw/life/896195,疏導失效？清明連假塞爆　交部挨批「慢半拍」,"連假第二天，國道南下一早6點又湧現車潮，國5南港到石碇局部路段，再度出現「紫爆」。有學者批評，儘管有高乘載管制，以及深夜也實施暫停收費，但跟春節相比，清明連假簡直「塞爆」，交通部這次反應慢半拍，而部長賀陳旦，4日視察蘇花改時，還傳出他說如果私人行程，會走替代道路看山海風景，這番話又引發爭議。
不只連假第一天塞爆，第二天也是塞塞塞，從上午6點，國道5號南港至坪林湧進車潮，車輛走走停停。高公局預估，整天會有128萬車次上國道。往宜蘭方向，不過5日從蘇澳交流道到蘇花改，上午是順暢。
但其他路段，國道三號中投至霧峰，還有新台五路到堤頂，一度出現紫爆，比平時行車時間多5倍，時速只有10公里，國道1號湖口到新竹，路況紅通通，時速只有10到30公里。有學者批評，儘管事前有宣導匝道高乘載管制、整合匝道、以及深夜也實施暫停收費，但跟春節相比，清明連假「塞爆」，交通部這次反應慢半拍。
逢甲大學運輸與物流系副教授李克聰：「交通部沒有預測到，這麼嚴重塞車下，所以在事前的減量，跟相關的分流宣導上面，就是我們提出預警措施上面，沒有做得徹底跟完整。」
交通部長賀陳旦(4月4日)：「比我想像中久，因為我本來應該是1個半鐘頭，但現在大概花了2小時20分鐘。」
視察蘇花改，交通部長也很有感，塞車比預期嚴重，傳出交通部長卻說，如果是私人行程，他會跟家人事先規劃，改走替代路線，體驗蘇花山海的美景，這番話又引起爭議。
高公局科長蔡明哲：「昨天因為車流量比較集中，而且昨天的車禍事故，是比平常跟去年同期增加快2倍。」
不只車禍事故釀成塞車加劇，高公局強調，7個地雷路段，包括上午湖口到新竹，彰化到鹽埔，鶯歌到關西等等，傍晚開始西螺至鹽埔、頭城至坪林盡量避開。因為預計6日開始，收假時還會再塞，尤其7日會達到塞車尖峰。
最HOT話題在這！想跟上時事，快點我加入TVBS新聞LINE好友！",2018/04/05 13:54
https://news.tvbs.com.tw/local/870888,暖！花蓮民返鄉不塞車　麗娜輪祭免費搭乘,"過年返鄉花蓮民眾除了搭火車就是走蘇花高，但火車搶票相當不容易，蘇花高有可能遭遇地震落石，有郵輪業者祭出搭船優惠，只要花蓮居民拿著身分證就能免費搭乘麗娜輪。
準備搭船的民眾，不管是大人、小孩，拿出證件查驗，因為只要是花蓮人，就可以免費搭船。返鄉民眾在船上，悠哉的看著海上風景聊著天，可以免費悠哉的搭船回家，花蓮民眾覺得好貼心。返鄉民眾普遍認為這是一個貼心的舉動，另外不用走蘇花也很安心。
為了幫助花蓮地震民眾，麗娜輪從16日到20日祭出搭船優惠，只要身分證是U開頭，就可以免費搭船，由於以往北部要回花蓮的民眾，只能走蘇花公路容易塞車，加上怕有落石，讓民眾返鄉路程多了不少風險，今年考量花蓮地震災民，郵輪業者提供免費優惠，讓花蓮民眾不用在路上車擠車就可以輕鬆回家，除了海上，路地上的蘇花改也加入輸運。
蘇花改入口前道路，湧現返鄉車流，員警做起交通疏導，上午整體交通狀況還算穩定，不過卻還是出現有意外插曲。
一輛重機疑似刻意硬闖，不管交管人員吹哨制止，直直往蘇花改隧道騎進去。
由於往年一遇到連假，車子就會在蘇澳塞車，蘇花改通車後，車輛被引導到蘇港路分散車流，讓民眾不用在忍受塞車之苦，今年海陸並行，要讓飽受地震之苦的花蓮民眾能更安全、更快速的返鄉過年。
最HOT話題在這！想跟上時事，快點我加入TVBS新聞LINE好友！",2018/02/16 14:23
https://news.tvbs.com.tw/life/853924,安全回家路環保糾結10年　蘇花高變蘇花改,"蘇花改第一階段蘇澳到東澳終於在農曆年前要通車。這一條讓東部人安全回家的路，因環保團體憂心花東淨土遭破壞，糾結長達10年，從原先的國道蘇花高變成省道蘇花改。
現在蘇花公路清朝就已闢建，原本只是沿山壁開挖的步道，之後逐漸拓寬，由單線車道變為現在的雙線，裸露在外的岩石隨著自然風化，一有大雨或地震，就落石坍方，是條美麗卻危險的道路。
政府20多年前就想改善，確實也曾完成蘇花高規劃並通過環評，最後仍因環保因素糾結，讓蘇花高出局。
曾任國道新建工程局長的台船董事長鄭文隆說，蘇花高原本是國道環島路網的一環，當年政府希望透過國道環島路網實現台灣一日生活圈。
鄭文隆直言，透過現代工法，國道是對環境生態影響最小的道路建設，與環團的戰爭，他打輸了很可惜。
鄭文隆回憶，蘇花高原本2003年底要動工，有兩個標案都在他任內發包，機具及人員也進駐工地，但因環保反對聲浪大，當時的行政院長游錫堃宣布緩建，國工局還賠償業者動員費用。
國工局副局長陳議標當年是規劃組組長，參與過蘇花高設計，他感慨，環保抗爭讓原本准予開發的蘇花高遲遲無法動工，後來還必須做環境差異分析，結果仍敵不過時代氛圍，加上政黨輪替，環差未能過關。
陳議標說了一個笑話，他說，當時在環保因素質疑下，「蘇花高」三個字好像變成髒話，最好不要說出口，否則就會遭圍攻。
根據交通部的資料，政府在1990年就將改善東部交通列入環島高速公路計畫，1998年行政院核定東部國道可行性研究，並指示先辦理蘇澳到花蓮路段，2000年蘇花高環評過關，2002年蘇花高還被列入挑戰2008國家發展計畫，2003年納入新十大建設計畫。
不過，2001年開始出現環保人士反對建蘇花高，認為蘇花高11座共長達40公里的隧道，會破壞環境保育，並形容是生態浩劫，尤其2006年國道5號雪山隧道通車後，大量遊客湧入宜蘭，讓更多環保人士擔心花東淨土也會遭殃。
蘇花高緩建後，因超過環境影響評估法規定通過環評3年內開發期限，後來前行政院長蘇貞昌決定再推動時，只好依法做環境差異分析。
不過，蘇花高環保議題持續發酵，連文化界人士都加入戰場。2008年4月，環評大會以上位政策不明、背景條件變動及專業技術問題未釐清的情況下，將蘇花高環差分析退回交通部，當時正值選舉結束後政黨輪替，是否建蘇花高的政策交由新的政府決定。
前交通部長毛治國2008年5月上台後，第一件事就是邀相關單位檢討蘇花高，並向前行政院長劉兆玄報告，評估外界對蘇花高反彈太大，但考量蘇花公路落石不斷的危險，用路人安全受威脅，及常常一有大雨就封路造成的不便，一定要另建一條蘇花新路。
時任行政院長的劉兆玄2008年7月宣布建蘇花公路替代道路，卻讓環保人士不滿，直指是蘇花高復活。
2010年初，政府定調推動蘇花改，長度38.8公里，比蘇花高86公里少了一半以上，路線與蘇花高大部分相同，主要是改善蘇花公路山區危險路段，但不再是國道而是省道，因全線隧道有8處，環保團體的質疑仍未停過。
毛治國當時形容非另闢一條蘇花道路的理由很生動，他說蘇花公路像饅頭，已無多餘空間可退縮，只有另謀出路。
2010年10月21日發生陸客團遊覽車在蘇花公路遭巨大落石砸中掉落海中，是蘇花公路通車以來最嚴重坍方事件，震驚社會，更讓政府堅定推動蘇花建新路的方向正確。
環保署環評大會當年11月9日快速通過蘇花改環評案，雖遭環保團體批評蘇花改環評才兩次初審就過關，太草率，但當時交通部的說法是已溝通一整年，堅持蘇花改在2011年1月動工。
原本毛治國希望由具雪隧經驗的國工局，執行蘇花改工程，但後來顧慮外界聯想蘇花改就是蘇花高，加上蘇花改是省道，最後交由公路總局負責。
前國工局長邱琳濱認為，如果能從環島國道路網思考，就不會陷入用西部的生活思考方式，決定東部人的命運，讓一條蘇花改糾結了10年。（中央社）
最HOT話題在這！想跟上時事，快點我加入TVBS新聞LINE好友！",2018/01/17 13:54
https://news.tvbs.com.tw/local/702216,蘇花高4車車禍！　小轎車撞翻20噸大貨車,"蘇花公路發生重大車禍！就在22日上午8點，蘇花公路174公里處的錦文隧道口，一輛銀色BMW轎車，不知道為何突然偏離自己車道逆向，導致對向一輛大貨車被撞到失去平衡，一連衝撞了4台車才停了下來，雖然遭波及後方車輛上的一家三口送醫急救後沒有大礙，但也因為BMW駕駛這一秒鐘的偏移，導致隧道封閉了一小時，雙向車流，也回堵了將近2公里遠。
白色轎車，開在隧道裡，突然，前方的黑色轎車停了下來，下一秒，就看到這輛大貨車，近在眼前，但已經來不及閃，直接撞上，男駕駛大罵了一聲粗話，女乘客，放聲尖叫。再往前一部車看看，同樣也聽到男駕駛罵了粗話。放慢動作仔細看，終於找到罪魁禍首，就是前方這一台銀色雙B名車，一個偏離車道逆向，釀成意外。
這起車禍就發生在22日早上8點，蘇花公路174公里處的錦文隧道口，原本雙向車流量相當順暢，但這台銀色BMW轎車，在準備出隧道口時，突然偏移車道，往對向衝了過去，撞上對向直駛而來的大貨車。大貨車被雙B名車這麼一撞，整個車體失去平衡，往右側翻覆，一連撞上對向第二和第三輛車，接著又壓斷路燈。
新城分局崇德派出所副所長陳瑞欽：「(這場車禍)導致(後方)自小客車一家三口受傷送醫。」
不過，因為BMW駕駛一秒鐘內的偏移，導致這起4車損、3人傷的車禍，也造成隧道封閉1小時，車流也回堵了將近 2公里遠。",2017/01/22 23:59
https://news.tvbs.com.tw/local/565829,〈快訊〉蘇花127k落石坍方　凌晨緊急搶通,最新消息！蘇花公路127公里處靠近南澳路段，晚間發生落石坍方，一度場雙線雙向中斷，無法通車，公路單位緊急出動人員機具，已經在今天(4日)凌晨搶通。,2015/02/03 23:18
https://news.tvbs.com.tw/life/67399,〈獨家〉蘇花一改再改　卡位業者半數難撐,"位在蘇澳港旁邊的海鮮街，是往蘇花的必經之路，原本就是一個交通活絡的地方，加上13年前，蘇花高速公路工程規劃出爐，不少業者趕緊在海鮮街卡位開店，看好的就是蘇花高公車後帶來的龐大商機，還有業者一投資，就是7千萬，不過10多年來，「蘇高花」從「蘇花替」再變「蘇花改」，計畫一延再延，最後打出2017年完工，不過海鮮街也從全盛時期10多間，到現在剩比較大型的6間餐廳還在經營，政府的這項交通建設變化，牽動著不少人的生計。
海鮮餐廳業者：「來來來，看是要吃合菜還是要用單點的。」
客人一上門熱絡招呼，原本在南方澳經營海鮮餐廳的陳老闆，6年前轉移陣地到到蘇澳，大手筆斥資7千萬，水族箱、藝術品，上百坪場地全是因為看好蘇花高通車帶來的經濟效益，早早卡位。海鮮餐廳業者陳永坤：「蘇花改當然對我們有很大的幫助，因為交通便利的話，來往的車輛也比較多，我那時候買(店面)是不貴，但是我裝潢也差不多花了3千萬左右，開店一共花了7、8千萬。」
從蘇東北路到蘇東中路形成蘇澳海產街，這裡是通往蘇花公路必經的要道，蘇花改計畫中終點蘇港路，離這裡不到5分鐘車程，不少業者在2000年蘇花高計畫完成時，紛紛看好商機，在海產街開起餐廳先卡位。
全盛時期這一整排釣具、卡拉OK店，幾乎都是海鮮餐廳，不過蘇花高計畫因為環評因素一改再改，2008年變蘇花替，2010年變蘇花改，加上多業者等不下去紛紛收攤。記者：「大家在等蘇花通？」海鮮餐廳業者陳永坤：「當然囉，大家在等說通了的話，人潮是不是會越來越多。」
地方文史工作者廖大慶：「有的業者撐得下去，有的撐不下去，也有人就先走了(收店)，不怕死的就繼續留下來，撐得比較久的，俗話說，棚下是站久的人的。」
去年創意旅行團21人蘇花公路翻車事件，造成不少旅客前往花蓮改搭火車求心安，連帶影響位處中繼站的蘇澳海鮮街，期盼2017年完工的蘇花改帶來商機，讓平日就像假日這般人潮洶湧，不過還要撐多久，誰也沒把握。",2011/09/22 19:07
https://news.tvbs.com.tw/life/110769,中日粗食夫妻　日日老天爺請三餐,"暴雨沖蘇花高，宜蘭也受到重創，在宜蘭山區有一個衛星導航都沒辦法定位的地方，很難想像，在這裡有一對中日夫妻離群索居，過著日出而作、日落而息自耕自足的生活，但他們與其他農人大不相同，這對夫婦一輩子當都會白領，中年轉向他們不用費心耕種，一切粗放農耕，每天三餐，取之自然、用之自然，非常特別。
接連的強風豪雨，沒打亂蘇富家與早乙女修的生活步調，這對中日聯姻夫妻在宜蘭山區，力行粗食生活，渡過了將近8個寒暑。粗食夫妻蘇富家：「一天走一趟，身體好得像鐵打的一樣。」
連路都要靠車輪壓出來，才能找到山頭的家，所有食物都靠天生天養。粗食夫妻早乙女修：「真的這個可以吃嗎？」蘇富家：「可以可以，你放心好了，你放心好了。」早乙女修：「現在呐？」蘇富家：「不是現在啦，當然要放黃啊。」早乙女修：「燙過也可以吃嗎？」蘇富家：「如果要燙的話，要等它稍微一點點快要黃的時候再燙。」
吃進嘴的都是「天然ㄟ尚好」，不能拿來祭五臟廟的，還有其他妙用。蘇富家：「就是這桶熱水，已經燒得很熱了，這樣你煮才快，才省瓦斯。」
蘇富家：「就是8年前， 有一天我在想，我為什麼要忙成這個樣子啊，我在想我為什麼會這麼忙啊，我是不是我應該停下來一下。」
8年前的一個動心起念，讓蘇富家與早乙女修的人生轉了大彎，脫離都市叢林的鋼筋水泥，來到宜蘭山區，享受粗食生活的田園樂，這對自耕自足的夫妻，一路走來也曾跌跌撞撞，但是他們學會縮小「本我」，尊重自然，與天地共處，生活的智慧就會自然湧現。
精采內容，請鎖定今晚8點，由方念華主持的「TVBS看板人物」。",2010/10/31 11:38
https://news.tvbs.com.tw/politics/110505,TVBS民調！蘇花改蓋不蓋？　6成5贊成,"蘇花公路崩塌意外，讓改善蘇花公路的「蘇花改」再度成為焦點，行政院長吳敦義強調，目前除了搶通，也要增設明隧道、坡壁監視器及雨量計；而且如果環評通過蘇花改，最快年底招標，預計民國105年就能完工，但蘇花改蓋不蓋，意見分歧，根據TVBS最新民調，贊成興建「蘇花改」、「蘇花高」或都贊成的民眾，有6成5，只有不到5%的人反對。
立委王廷升：「請我們行政院長吳院長。」
道具給它「傳出來」，國會殿堂總質詢，立委先戴安全帽，有發生什麼事，那麼恐怖咧？王廷升：「安全帽一般，我們是在什麼時候會戴？」行政院長吳敦義：「騎機車。」王廷升：「你答對了一半，本席要建議交通部，將來修改交通規則，凡是走在台九線上，開著車也必須要戴安全帽。」
搞半天，原來是諷刺蘇花公路太危險，雖然坍方災後，行政院拍板推動蘇花改善計畫，但這一條「安全回家的路」蓋不蓋？TVBS最新民調出爐，贊成興建的人，高達6成5，只有5%說反對，將近3成沒意見，但就算「蘇花改」真要蓋，最快民國105年才完工，這段期間，東部交通又該怎麼辦呢？
立委賴坤成：「蘇花公路現在也斷了，(台東人)到台北來搭飛機，票價是全國最貴，2238元。」行政院長吳敦義：「台北到台東航空票價，從今天開始，降200元。」
台北飛台東降200，看似不無小補，但推一下才走一步，蘇花公路牽涉用路人性命，又關係到民生經濟，政府是不是應該讓路走的安全，沒有後顧之憂，才是長久之計吧。",2010/10/29 21:31
https://news.tvbs.com.tw/local/110301,【TVBS蘇花報告】環保vs.安全　「蘇花高」變「蘇花改」,"蘇花公路到底要怎麼改善，才能將安全係數提高，東部民眾把希望放在蘇花高速公路上，但是來自環保團體的強大壓力，還有重量級人士的反對，讓蘇花高速公路，始終只是個夢想。行政院已經宣布，只要環評過關，要立刻進行蘇花公路改善工程，其實這「蘇花改」，已經有了蘇花高的基礎框架，那為何政府不願意直接就興建蘇花高，來看看今天的TVBS蘇花報告。
蘇花公路關係到的不只用路人身家性命，還有很多花蓮人的生計！如今路斷了，貨物改走南迴不但時間增加、成本增加，是這些多出來的交通成本還得由農民自己來吸收，明天的TVBS蘇花報告，要來聽聽後山居民的心聲。
後山情，情意深，花蓮鄉親來牽成。TVBS記者楊鎮全：「東部民眾要一條東部高速公路，真的很過分嗎？東部民眾要一條，安全回家的路。」
但是蘇花公路12年來，卻已經造成，1200多人的傷亡，根據公路總局統計，蘇花公路在87年到97年間，有1203人死傷，這段期間花掉的搶修費用，高達3億8千多萬，不過這不包括，10億多的養護經費。
時任總統陳水扁(97.4.21)：「蘇花高有它興建的必要，知道這條路安全有疑慮，扁政府時代，就曾宣布興建蘇花高，但後來接任，行政院長的游錫堃，卻宣布暫緩。」
到馬政府上台，劉兆玄曾宣布，要興建「蘇花替代道路」，卻卡在環評，沒有完成規劃，一直到吳敦義上任，才確定進行蘇花改善工程。
蘇花改是從地質，最脆弱的蘇澳開始，以開鑿隧道的方式，將原本的蘇花公路截彎取直，到東澳地區，又接回原來的台九線，一直到了南澳，又會有幾段的隧道工程，避開原本最脆弱，又容易崩塌的路段，蘇花改的前段，就是蘇花高的基礎形式，過了和平段，因為地質相對穩定，所以『蘇花改』，只會做路況改善，沒有架橋鑿山的準備，只是都做一半了，為什麼不把蘇花高蓋起來。
行政院長吳敦義：「我們預留了未來，當施工的技術更好，我相信總有一天，全台灣的環島高速公路，是一定要建立的。」
宜蘭大學建研所長徐輝明：「這工程技術，我覺得它的調查資料，應該已經完成了，這個事好像現在是，政治性上的議題了，不是工程上的議題了。」
蘇花高因為涉及大規模開發，環保爭議和反對壓力，始終沒停止。綠黨秘書長張宏林：「任何一條在花東的道路，絕對不會是一條安全的道路。」
不止環保團體，也有作家、企業家反對興建，甚至是花蓮在地的慈濟，也持反對態度，蓋與不蓋越演越烈，已經不是環保與交通的拉扯，不同價值的選擇，讓蘇花高始終行不通。",2010/10/27 19:38
https://news.tvbs.com.tw/local/110218,〈快訊〉歸鄉花蓮！　罹難劉芸均遺體火車運回,"遵照遺願，因蘇花公路崩塌罹難的劉芸均，遺體今天由火車運回家鄉，家屬也在一旁一起禱告，悲痛不已。
罹難者劉芸均家屬：「你要上車囉，我們會帶你去你最愛的地方，永遠安息在那邊。」
家屬悲痛不已，劉芸均遺體今天下午由火車載往花蓮，永遠安息在她最愛的地方。",2010/10/26 14:40
https://news.tvbs.com.tw/politics/110253,〈快訊〉蘇花斷！農漁運費増　農委會：研擬補助,"蘇花高柔腸寸斷，無法通行，原本經由這條高速公路運送的農漁貨品需要繞路，運輸成本也大幅增加，農委會表示，下午2點開會研討補助措施。
農委會主委陳武雄：「跟地方農漁團體、地方政府溝通，今天下午2點會召開會議，對於增加運費部分，我們會想辦法補助。」
鑒於蘇花高無法通行的時間長，農委會針對農漁貨品運費成本增加，下午2點和南部農漁民開會討論，商討補助金額與配套措施，希望能減低他們的負擔。",2010/10/26 10:15
https://news.tvbs.com.tw/politics/110254,〈快訊〉卸責？藍委：蘇花改牛步　肇因綠92年緩建,"蘇花高因颱風帶來的大雨坍方，造成多起傷亡，立法院砲聲隆隆，認為蘇花改的建設計畫一直停滯不前，是因為92年，時任行政院長游錫堃的緩建決定。
立委：「當時的行政院長，民國92年，游錫堃先生到花蓮去宣布，宣布這一條蘇花高速公路停止這樣的建設計畫，我在想，院長，你現在是我們行政院長，當時行政院如果不做出這樣決定的話，現在也不會有枉顧人命的情形。」
立委痛批游錫堃，行政院長吳敦義一臉沉重，但也不想陷入把責任全推給前政府的情況，只回應希望將蘇花改時程提前，在民國105通車，讓大家有一條平安回家的路。",2010/10/26 10:00
https://news.tvbs.com.tw/local/110059,差一點！火車票賣光　「創意團」才走蘇花,"在蘇花公路失聯的創意旅行團，隨著這幾天疑似車上物品不斷被找到，家屬也趕來台尋親，今天花蓮一家藝品店，也公佈了店內的監視器畫面，當天早上8點多，創意旅行團曾在這裡停留約1個小時，之後就直接走蘇花高北上，不過店家回想起來，當時旅行團導遊，已經擔心路況有危險，要求代訂火車票，但客滿，感慨的說，如果當初訂到的話，或許就能避開意外。
21日上午8點半，創意旅行社團員們用完早餐，就到花蓮這家藝品行採購，監視器拍到團員陸續進門，對架上產品相當有興趣，東摸摸、西挑挑，全圍繞在櫃台前，聽店家介紹礦石，雙方相談甚歡，店家甚至還把燈給關掉，拿出夜光石，供創意團欣賞。
花蓮藝品店業者：「他們都比較瀟灑一點點，然後導遊看起來很客氣，曾導很客氣，在介紹的時候，他很盡力的去幫他們（團員）。」
因為人客氣親切，業者對這團的導遊曾慶華很有印象，其實當天不只這一團，另一個監視器拍到，當創意旅行社團員在泡茶聊天時，另一團在選購商品的，就是大多團員死裡逃生的弘泰旅行團，因為一個小地方沒先注意到，幾個小時後命運大不同。
花蓮藝品店業者：「有遊客跟他（導遊）反應要訂車票，因為這個班次，10點多這個班次，我們都訂不到這個車票，所以曾導就把客人說，就不麻煩我，把車子就往北上拉走。」記者：「所以他們原本打算坐火車？」業者：「對。」
藝品店感嘆，其實當時導遊已經注意到蘇花公路可能有危險，如果當時能訂到票，或許就不會發生憾事，現在創意陸客團這失聯前曝光的身影，成了家屬來台尋親，最有力的依據。
◎監視器畫面：店家提供",2010/10/25 23:10
https://news.tvbs.com.tw/politics/109980,梅姬颱風／中央地方誰在拖？　蘇花救援苦等8小時,"蘇花公路21日發生嚴重坍方，從昨天中午過後，就已經有受困情況陸續傳出，不過救援卻在晚上才正式啟動，整整拖了8小時。宜蘭縣長林聰賢痛批中央通報延誤，讓地方政府無法掌握蘇花高第一線狀況，不過觀光局卻表示，一接獲通報立刻通報災害應變中心，延誤8小時救援，中央地方都認為錯不在自己。
總統馬英九：「我看蘇澳市區淹的情況相當慘。」
林聰賢不惜打斷總統說話，搬出一疊資料，要跟總統好好說清楚，宜蘭受創慘重，到底是哪裡出問題，蘇花公路坍方，救援8小時後才啟動，林聰賢痛批中央延誤通報。
蘇花公路坍方，毛治國在現場坐鎮指揮，但外界頻頻質疑，怎麼會拖這麼久，現場才有指揮官。宜蘭山區早在早上10點30分就下起豪大雨，11點台籍導遊打110報案，沒有獲得立即回應，下午1點半旅行社團員失聯，觀光局接獲通報，下午2點宜蘭縣府緊急處理，當時交通部長毛治國還在立院備詢，4點半急急趕到現場，晚上19：30全面搶救受困路客，從受困到救援，為何需要8小時。
宜蘭縣長林聰賢：「我們希望能保障人身安全，所以我們對於資訊掌握，基本上協調上是有檢討的地方。」
觀光局表示，接獲通報後，立刻啟動應變小組，通報上並無延誤，隔了一天，林聰賢口氣緩和許多，但中央地方聯繫8小時，救援才啟動，不能因為氣消了，就當沒問題。",2010/10/23 18:34
https://news.tvbs.com.tw/politics/154995,傅崐萁任命「前妻」　內政部：假離婚！無效,"花蓮新科縣長傅崐萁，任命「前妻」徐榛蔚當副縣長，內政部決定開鍘！認定兩人是假離婚，所以任命無效，除了報請行政院撤銷人事令，還要求戶政機關更正兩人婚姻關係，傅崐萁昨晚得知消息後，還一度揶揄內政部的效率何時變得這麼快，但他半夜又發新聞稿說尊重內政部，他會撤銷人事令，今天一早又聽到蘇花高不蓋了，他氣的不回答，立刻甩門閃人。
花蓮縣長傅崐萁：「願意配合行政院跨部會的決定，花蓮縣政府不會違法，我們撤回這項人事任命。」
決定撤銷前妻的「副縣長」職位，傅崐萁答應得很委屈，現在蘇花高也被夾殺，無法興建，看得出來傅崐萁的心情實在有夠差，甚至還跟來報佳音的小朋友，大吐苦水。小朋友：「謝謝副縣長阿姨。」傅崐萁：「副縣長阿姨剛剛失業啊，哈哈哈。」
就職典禮當天，傅崐萁突然宣布任命妻子當副手，當時內政部第一時間態度反覆，直到深入調查後才發現，傅崐萁是在就職前2天，和妻子徐榛蔚辦離婚；20日就職時，就宣布要任命「前妻」為副手，2天後才把妻子的戶籍遷到母親家，企圖製造離婚假象。
但觀察傅崐萁就職典禮當天，和前妻兩人雙手緊握，一點也不像離婚夫妻，而且傅崐萁是把前妻的戶籍遷到自己媽媽家裡，但其實傅崐萁的母親就住隔壁棟，兩戶共用同一個大門，終究還是「自家人」，因此內政部認為，兩人根本沒有離婚事實。
傅崐萁：「我們很遺憾的，在這次縣長選前，花蓮人不但遭到恐嚇，選後依然如此。」
確定傅崐萁撤銷任命，內政部表達肯定，但當初認為傅崐萁違法任命，要拿「公務人員利益衝突迴避法」第14條「任用配偶」，重罰100萬到500萬，現在內政部決定不移送監院調查，就要看監察院是否要主動提出裁決。",2009/12/23 13:11
https://news.tvbs.com.tw/politics/152829,國民黨花蓮敗　馬英九牌徹底失靈,"國民黨這次在花蓮縣，破天荒創下60年來，第一次失守的紀錄，脫黨參選的傅崐萁，之所以能夠勝出，除了堅持正藍軍旗幟的形象外，最重要的因素，還是跟他9年來深耕基層，以及興建蘇花高的訴求，獲得花蓮縣民認同有關；而國民黨正牌軍杜麗華大敗，相當程度則意味著馬總統牌，這次在花蓮徹底失靈。
支持者：「傅崐萁，當選！縣長！」
選戰開跑後，傅崐萁一路領先的態勢，總算沒再讓支持者失望，8年參選5次，這次縣市長大選中，終於奪下花蓮縣長寶座。花蓮縣長當選人傅崐萁(98.11.27)：「傅崐萁有多少選票，代表花蓮人要蓋蘇花高，不蓋蘇花高就這樣決定。」
挾著蘇花高的政策牛肉，堅持脫黨參選，卻不斷打著正藍軍旗幟，傅崐萁的勝出，破天荒，讓國民黨創下黨史以來，第一次失守花蓮的紀錄；國民黨唯一正牌軍杜麗華，即使由象徵馬總統分身的葉金川坐鎮，掌競選總部兵符，還是贏不了大選，等於宣告馬主席牌，這次在花蓮徹底失靈。
另一位脫黨參選的張志明，也面臨同樣遭遇，即使挾著現任縣長謝深山力挺的優勢，還是未能勝出；不過聲勢達到高峰的傅崐萁，當選後，卻可能因為官司纏身，縣長大位，埋下變數伏筆。
總統馬英九(98.11.22)：「如果在選前就判決有罪，馬上就要發監執行了，除非是有非常上訴，是沒有辦法延擱的，那豈不是我們花蓮就要開天窗嗎？」
巧妙點出傅崐萁「當選過關，卻可能被關」的官司問題，一旦馬主席的預言成真，後山馬上就要面臨補選問題，泛藍票源超過7成基本盤的花蓮，短期間回歸國民黨非夢事，同樣將創下另一項黨史新紀錄。",2009/12/05 22:41
https://news.tvbs.com.tw/politics/152845,傅崐萁擊敗杜麗華　話中有話嗆總統,"花蓮縣的部分，無黨籍的傅崐萁票數遙遙領先，讓國民黨的候選人杜麗華、以及現任縣長謝深山支持的張志明輸得慘兮兮！傅崐萁的當選感言，除了再度強調會向中央請命推動興建蘇花高速公路，也說他會帶領花蓮人支持2012年的「國民黨政權」，但絕口不提「馬主席」或是「馬總統」。
傅崐萁支持者：「縣長好！縣長好！」
高舉雙手接受支持者歡呼，太太激動的掉下眼淚，但傅崐萁卻看起來很冷靜，這個結果他似乎早就胸有成竹！花蓮縣長自行宣布當選人傅崐萁：「6個月來，傅崐萁所受的任何的打壓、抹黑，任何的壓力，傅崐萁都承受下來，傅崐萁團結花蓮35萬人，請求中央能夠重視花蓮，能夠帶動地方的發展，我們花蓮人持續的支持中央，支持2012年的國民黨政權。」
當選感言精心設計，從頭到尾只聽的到「傅崐萁支持國民黨」，沒有馬主席，更沒有馬總統。傅崐萁：「我支持國民黨，因為國民黨是一個百年的政黨，我再重說一次，國民黨是一個百年的政黨，在歷史上有相當悠久跟崇高的地位，每一位政治人物只是過程中的過客而已。」
勝選的傅崐萁意氣風發，話中有話嗆馬總統，慘敗的杜麗華則是落寞向馬總統道歉。花蓮縣長落選人杜麗華：「深深的感謝跟深深的致歉，我也不是政治世家，也不是財團，那更沒有選舉的一個經驗。」
票數相差實在懸殊，雖然選前拚了命掃街固票，但馬主席的明星光環還是難敵傅崐萁的地方勢力，連有現任縣長謝深山支持、民進黨主席蔡英文站台的張志明也輸的慘兮兮，花蓮這一戰，藍綠都很難看！",2009/12/05 20:51
https://news.tvbs.com.tw/local/151959,【大選縣市報】花蓮衝票！　泛藍三選將各有訴求,"縣市長選戰最後關頭，花蓮縣3位同屬泛藍的候選人，各自用不同的訴求衝票：國民黨的杜麗華，緊咬傅崐萁的官司纏身；傅崐萁對杜麗華的攻勢冷處理，專心強調「興建蘇花高」政見；另一位候選人張志明，則持續強化縣長謝深山力挺的形象。
花蓮縣的選情，愈晚愈熱鬧，鄉間掃街，逢廟就拜，選戰老將傅崐萁，展現自信卻不敢大意。
無黨籍花蓮縣長候選人傅崐萁：「很多人說，傅崐萁(聲勢)領先這麼多，何必這樣(跑)呢？傅崐萁說，跟各位報告，這次不是傅崐萁的背水一戰，是我們花蓮人的背水一戰。」
市區拜票，爭取支持，選舉新兵杜麗華，坦承暫時落後卻信心十足。國民黨花蓮縣長候選人杜麗華：「我相信絕對會逆轉勝，我有這個信心。」記者：「妳覺得逆轉的關鍵，在什麼地方？」杜麗華：「我覺得還是另外一位候選人，他的官司的問題，這是不爭的事實，事實上花蓮縣很多的鄉親，不知道他官司的問題。」
杜麗華，急著向選民訴求傅崐萁面臨的證交法官司的嚴重性，傅崐萁陣營則冷處理，繼續專心打著興建蘇花高的議題。
無黨籍花蓮縣長候選人傅崐萁：「12月5日，傅崐萁有多少選票，代表花蓮人要蓋蘇花高，不蓋蘇花高就這樣決定。」
國民黨花蓮縣長候選人杜麗華：「他在8年之內，已經選了5次，這5次中，唯一的（政見）還是蘇花高，可是事實上我們知道，到現在還是沒有辦法完成，選民對他的付託。」
國民黨提名的杜麗華，一邊強調有馬英九支持，一邊追著，脫黨參選的傅崐萁跑，同樣脫黨的張志明，則不斷強化縣長謝深山力挺的形象，希望選民愛屋及烏。
TVBS記者蔡祐吉：「選戰倒數計時，到底誰的基層耕耘最受肯定，到底馬英九牌有沒有效，還有棄保效應會不會發酵，這些都是影響花蓮選舉，最後結果的關鍵變數。」",2009/11/27 15:01
https://news.tvbs.com.tw/politics/501353,蘇花替環評未送！　馬助選喊明年蓋,"馬主席助選全台走透透，前一天到花蓮縣，為杜麗華站台，承諾蘇花高替代道路，明年一定會發包動工；自行參選的立委傅崑萁更揚言要蓋「1公里的蘇花高」；不過公路總局表示，蘇花替的路線仍缺乏共識，環評案也沒送到環保署，令外界質疑，這選舉支票開得太早。
馬主席到花蓮為國民黨縣長提名人杜麗華造勢，先開了這張支票。
國民黨主席馬英九(98.10.25)：「在過去蘇花高的爭議不斷，我們上任之後，劉兆玄院長就宣布要打造一條替代道路，我們最慢最慢明年一定會動工，明年希望能在年底以前，把這些工作做好，好不好？」
聽到馬總統要蓋蘇花替，自行參選的立委傅崑萁，高調發新聞稿，說自己多年的爭取，終於獲得回應，把話說得特別酸。
花蓮縣長候選人傅崑萁：「很高興，聽到馬總統說，希望明年底能夠來動工蘇花替，如果還沒有動工的話，傅崑萁會與花蓮縣政府自力救濟來興建，從1公里的蘇花高來建起。」
總統和縣長候選人爭相放話，不過公路總局今年底才要開地方說明會，地方共識都還沒凝聚，而蘇花替的環評案，連環保署的大門也沒進，明年底能不能動工？沒法預估，也難怪環保團體要批評，這選舉支票實在開得太早了點。",2009/10/26 19:55
https://news.tvbs.com.tw/politics/117615,走入歷史　「國工局」年後將被整併,"蘇花高不蓋，台灣往後恐怕暫時不會有新的高速公路，也因此，19年來負責興建國道三號、雪隧等重大交通工程的國工局，過完農曆春節就必須卸下招牌，熄燈打烊。
最後趕工，準備讓這條五股往八里的快速道路盡快通車，帶著媒體走一遭，只是這開頭介紹詞竟含了許多感傷。國工局處長張純青：「最近就會跟高公局整併，那整併後我會退休，所以今天是臨別演出。」
面對這個國工局告別作，完工驕傲中有著無奈，因為蘇花高不蓋，也注定國工局即將走入歷史。國工局長曾大仁：「大概是過年前後，我想捨不得是一定的，一個單位的結束，任務在那裡我們就在那裡。」
再摸摸再看看，當一天和尚敲一天鐘，得把各個細節看顧好，就是這樣的堅持，讓國工局民國79年成立以來，國道三號、雪山隧道，無數大小道路都由他們的血汗中一一建造出來，如今這塊招牌要卸下，真的有無限不捨。國工局人員：「國工局這個單位，至少表現還算不差，這樣子覺得滿可惜的。」
張純青：「當然是捨不得，但是我跟同仁講，我們永遠都是朋友…。」
剩下400多位員工，即將整併到高公局。這個當年為了二高和雪隧等重大工程而成立的局處，國工局3個大字，過年後再不復見。19年來的堅持，成就2300萬人的方便，國工局的同仁，謝謝你們，辛苦了！",2009/01/07 18:48
https://news.tvbs.com.tw/life/190931,都很像！　蘇花公和蘇花高有啥差異,"爭議已久的蘇花高，要暫時喊卡了。交通部長毛治國說，政府傾向另外興建一條山線的蘇花公路，這條公路可能是以快速道路的規格來興建，預計明年下半年完成規劃並進入環評程序，蘇花高雖然改來改去，但大部分的花蓮人都說贊成，只是不了解，這條公路跟蘇花高有什麼不同！
蘇花高到底蓋不蓋，交通部長毛治國給了答案。交通部長毛治國：「想辦法在靠近山區這邊，另外要建一條公路，以快速公路的標準來建，所以我想這個問題是是幾個月前就討論過了，過去因為大家把這個案子，訴於比較不一樣的名稱，這個案子正式要準備建案的話，我們要有個正式名稱，主要是這樣子。」
記者：「所以不建蘇花高？」毛治國：「我想蘇花高這個案子基本上，我們是因為推動上因為遭遇到困難，但是路的需要是有的，那這個路，是不是需要高速公路倒是不一定。」
長期以來爭議不斷的蘇花高速公路，交通部目前打算喊卡，另外興建一條從蘇澳到崇德的山線蘇花公路，但蘇花高改來改去，花蓮民眾又怎麼看？民眾：「我覺得不錯啊，至少不要常常遇風遇雨就坍，安全性真的是可慮。」民眾：「蘇花高為什麼停？因為環評對不對，那你現在還要另外弄一山線，環評一樣有問題啊，一樣會抗爭啊，所以應該要蓋蘇花高才對。」
交通部規劃的山線蘇花公路，並不是高速公路，最多也只是快速道路規格，預計明年下半年完成規劃進入環評，只是環保團體痛批，這根本是換湯不換藥，所以新方案能不能過關，恐怕又要等一等了。",2008/12/25 12:28
https://news.tvbs.com.tw/politics/190959,蘇花高不蓋了　交長：改山線公路,"蘇花高到底蓋不蓋？今天交通部長毛治國正式對外表示，興建蘇花高計畫，暫時喊停！蘇花高不蓋，蘇花替代道路也不蓋，目前傾向另外興建一條山線蘇花公路，同樣是蘇澳到崇德，預計明年下半年完成規劃，並進入環評程序。
交通部長毛治國：「我們會傾向說，把目前的蘇花公路我們把它叫做海線，海線蘇花公路，將來我們因為海線蘇花公路，你要把它大規模改建或者把它改善，事實上，生態、環保的部份比較大。
我們現在希望做個山線，做個山線，做海線，另一方面就是說，所謂全天候的路面比較不容易做到，所以我們將來走山線。」",2008/12/25 00:18
https://news.tvbs.com.tw/politics/190791,〈快訊〉蘇花高不蓋了　交長：改山線公路,"蘇花高到底蓋不蓋？今天交通部長毛治國正式對外表示，興建蘇花高計畫暫時喊停！
蘇花高不蓋，蘇花替代道路也不蓋，目前傾向另外興建一條山線蘇花公路。同樣是蘇澳到崇德，預計明年下半年完成規劃，並進入環評程序。",2008/12/24 19:18
https://news.tvbs.com.tw/politics/175703,評蘇花替　嚴長壽：加開火車足矣,"日前，新政府為了要建的是「蘇花高」還是「蘇花替代道路」，經過好幾波的闡述才定案，看在過去多次公開反對興建蘇花高的亞都麗緻總裁嚴長壽眼裡，對於「替代道路」，態度轉為低調，表示政治上各種語言，超過他願意介入的方向，而且比起蘇花高建不建，他更關心的是，花東未來能怎麼呈現。
過去公開反對興建蘇花高，這次新政府要建「蘇花替代道路」，嚴長壽怎麼看？亞都麗緻總裁嚴長壽：「政治上各種語言，大概超越我自己願意去介入的方向。」
含蓄歸含蓄，只不過這句「政治上各種語言」，似乎意有所指。行政院長劉兆玄：「大家談了很久的，就是蘇花高速公路，應當回應東部民眾，要有一條安全回家的路。」
新聞局長史亞平：「是蘇花公路，最危險路段的替代道路。」
行政院長劉兆玄脫口講了「蘇花高」，讓化妝師新聞局長到交通部忙著滅火，最後定義成會用「國道規格」興建的替代道路，是換湯不換藥嗎？嚴長壽炮火，沒有過去那麼犀利。嚴長壽：「比較關心的是，不再是10年後蘇花高會不會興建問題，而是現在到10年以後，我們到底要為花東，呈現什麼樣未來。」
是否經歷去年花蓮鄉親，北上自家飯店「上廁所」踢館，讓嚴長壽變的低調，不談建不建，侃侃而談的是，政府只要比照高鐵，每30到40分鐘有一個列車，對嚴長壽來說，這條安全回家的路，已經能解決大部分問題，只是聽在花蓮鄉親耳裡，不知道能不能接受。",2008/07/20 19:45
https://news.tvbs.com.tw/politics/174998,府院溝通不足？　馬劉下鄉互動少,"上星期行政院長劉兆玄，口誤引發的蘇花高爭議，馬總統第一時間相當錯愕，一度傳出府院溝通不足，今天馬總統首度帶閣揆下鄉，兩人互動格外受矚目，在視察防汛工程時，馬劉互動不多，劉兆玄只有在總統點名時，才開口發言，馬總統站上第一線，展現強勢主導權。
第一次聯手出擊，怎麼互動，馬、劉還真有點不知所措，座位硬是隔了 一個走道，30分鐘簡報，一句話也沒交談過，倒是總統上台講話，劉兆 玄台下搖身一變，像極了聽課的小學生，不時猛點頭，一句話也沒多吭，直到這時候，院長才開了口。總統馬英九：「不知道院長有沒有什麼需要指示的。」司儀：「我們請劉院長做最後的說明。」
講完話，總統展現主導權，一把把麥克風給搶了過來，邊測起劉內閣。馬英九：「既然花了錢，也完成了工程，最不希望再看到淹水的情況。」
總統開金口，高標準要求，劉兆玄壓力肯定不下；視察防汛工程，總是落在總統後頭好幾步。記者：「跟馬總統第一次下鄉，那這樣子的一個？」行政院長劉兆玄：「...。」
總統出馬，劉兆玄扮演無聲男配角，要講話，除非總統點名的這個時候。劉兆玄：「我很願意有一個專案，由我們經建會相關地方的政府，大家一起來，怎麼樣能夠讓高雄的定位，往上提升。」
馬英九：「劉院長已經作了比較宏觀，整體的一個說明，他的想法其實我非常贊成，也是我長期以來的想法。」
談新政策，不忘來上這麼一段背書評語。有了上回「蘇花什麼路」引發爭議的教訓後，總統這回親自出馬，以府領院，展現主導權。",2008/07/13 19:30
https://news.tvbs.com.tw/local/174728,陪妻返鄉報喜訊　無奈蘇花落石砸,"「蘇花高蓋不蓋」話題很熱，對這家人來說，是滿心盼望能盡快興建，3年前，一對住在桃園的徐姓夫妻，開車回花蓮女方老家，要跟老丈人報喜訊說妻子懷孕了，但經過蘇花公路171公里時，卻被巨石砸中壓傷徐太太，不但肚裡孩子不保，還造成徐太太脖子以下癱瘓，家屬申請國賠卻敗訴，無奈之餘，也渴望趕快有一條安全回家的路。
王大姐：「原本我妹是個很活潑的人，現在躺在床上什麼東西都做不了。」
想起民國94年10月那場落石意外，孝順又貼心的小妹，為了回老家卻差點喪命，王大姊激動落淚。王大姐：「好不容易有身孕，剛好遇到我爸生日，原本想送一份大禮給我爸，結果沒想到送這麼大的禮。」
3年前，王大姐的妹妹和妹婿，從桃園開車回花蓮為父親慶生，還要跟父親報喜訊說她懷孕了，但妹婿徐先生想到龍王颱風剛過境，蘇花公路不穩定，還先跟工務局確認狀況，沒想到還是發生意外。徐先生：「我們有打電話去工務局，問可不可以走，他們也說沒問題可以走，然後去也沒看到有工務局的人在管制。」
巨石砸傷妻子，不但腹中胎兒沒了，妻子還頸部以下全部癱瘓，生活起居要人照顧，徐先生到現在手腳還會酸痛。徐先生：「現在大部分都坐火車回去，我自己後來有再開過一次車子，但是壓力實在太大不敢開，因為難免會看旁邊看山壁。」
徐姓夫妻，認為政府沒有做好道路管制，害他們差點丟了命，要求國賠卻敗訴，現在蘇花高蓋不蓋，對他們來說，當然人命比環評重要，除了繼續上訴，就是盼望政府給他們一條安全回家的路。
◎畫面翻攝蘋果日報",2008/07/10 12:41
https://news.tvbs.com.tw/politics/174606,經濟何時好？　工總：部長說下半年,"經濟情勢低迷，馬英九總統今天上午在總統府內，接下工總提出的政策建言白皮書，面對近來蘇花高的爭議，工業總會理事長陳武雄有些不以為然，認為環評拖延建設，浪費太多時間，總統則對社會信心喊話，要各界共體時艱，強調經濟基本面好，政府不會過度干預，至於經濟情勢何時好轉，陳武雄說，依照經濟部長的說法，時間在下半年。
帶著熱騰騰211項政策建言白皮書，工業總會理事長陳武雄和全體監事，一起拜會馬總統，總統先信心喊話。
總統馬英九：「希望大家跟全國國民一起，共體時艱、共渡難關，物價漲，大家所得相對縮水，心裡面一定有很多的怨氣，政府必須要概括承擔所有的責任，不能迴避，但是即使要面對這樣的情況，我們應該冷靜沉著，以合理的方式來處理，不要慌亂，沒有過度的干預。」
民間心聲，總統顯然了然於胸，對於蘇花高建不建還要等待環評，工總直言浪費時間。工業總會理事長陳武雄：「很多建設，大大小小的建設，我們在環評上面，浪費太多的時間，這環境保護絕對是我們，產業界共同要負起的責任，我們絕對沒有反對，但時間的拖延，我們覺得很無奈。」
工總的建議，坐在一旁的馬總統和經濟部長尹啟銘，低頭猛作筆記，到底經濟什麼時候會好？這段話露了口風。馬英九：「我相信將來等到國際情勢，稍微好轉之後，應該有機會重新展現，我們經濟發展的榮景。」陳武雄：「昨天跟(經濟)部長開會以後，他跟我說下半年就會好了。」
下半年經濟是不是真的會比較好，留待時間証明，不過工總大老闆們的支持，給了近來被罵的臭頭的馬總統大溫暖。",2008/07/09 13:12
https://news.tvbs.com.tw/politics/174466,蘇花落石毀一家　倖存童作文思親,"蘇花高到底要不要蓋？還沒定案，但對宜蘭尤家來說，卻是希望能蓋蘇花高，因為4年前，尤俊焜一家四口行經蘇花公路，途中卻被巨石砸中，尤俊焜和妻子、兒子當場死亡，只有小女兒還活著，小女兒已經五年級了，都是姑姑在照顧，姑姑就痛批政府，難道環評比人命重要嗎？他們希望能蓋蘇花高。
蓋不蓋蘇花高，還是換成替代道路，環評人士還有意見，但聽在被蘇花公路落石砸死的尤俊焜家人耳裡，他們只希望要把人命擺第一。
死者尤俊焜大姐：「那件事之後，我們家的人，可以說都不敢從那裡經過，連我兒子要去花蓮，我也跟他說你坐火車。」
4年前，家住宜蘭的尤俊焜，一家四口開車行經蘇花公路，車子被崩落巨石砸中，尤俊焜和妻兒不幸身亡，唯一倖存的小女兒，在國小三年級的作文，最難忘的事裡，寫說「你嘗過傷心欲絕的滋味嗎？直到喪禮那一天，看著親友們一一上台，述說爸爸媽媽和哥哥的往事，我才恍然大悟，知道他們離開我的事實，我當場放聲大哭」，令人鼻酸。
尤小妹妹寫作文前，姑姑曾勸她不要勉強自己，但懂事的她很堅強，說她要紀錄當時的一切，還說「雖然我的爸媽不能看著我長大，這讓我有些遺憾，我要跟天上的爸爸媽媽說，請你們放心，我會健康勇敢快樂的長大」，才小學三年級，就懂得用這麼深的文字表達情感，蓋不蓋蘇花高會有什麼影響？也許尤小妹妹的感受最深。",2008/07/08 18:52
https://news.tvbs.com.tw/politics/174476,內閣換血？　藍點名財經首長換人！,"內閣真的到了需要改組的時候嗎？國民黨大老王作榮如此倡議，行政院長劉兆玄可是斬釘截鐵的說，沒有這樣的打算。只是眼看經濟狀況始終無法好轉，國民黨立委很著急，直接點名財經部會首長應該負責，其他像是綠營出身的陸委會主委賴幸媛，以及因為蘇花高問題不斷改口的交通部長毛治國，都被認為不太適任。
內閣要不要改組？怎麼改組？王作榮這球才拋出，國民黨立委馬上呼應。國民黨立委邱毅：「最好的方法是內閣微調，經濟情勢，股市跌成這個樣子，你總得有一個，必須有一個人要動嘛。」
被點名最多，應該要繃緊神經甚至乾脆換人做做看的，就屬財經部會首長，經濟部長尹啟銘、財政部長李述德、經建會主委陳添枝，財經內閣無法振奮股市，不少立委認為恐怕得拉下一人。
還有為了蘇花高焦頭爛額的交通部長毛治國，也被認為失誤頻頻，進了觀察名單，至於陸委會主委賴幸媛更是因為黨派色彩，黨籍立委就怕他成了兩岸問題的絆腳石。
國民黨立委蕭景田：「搞一個深綠的，擺了一個像豎瓶一樣那也不好，因為你理念不相通，那怎麼能共事呢。」行政院長劉兆玄：「我們沒有這樣的打算，謝謝。」
閣員表現是好是壞，身為行政院長的劉兆玄自有一把尺，選擇力挺部署，不讓才剛剛滿月的內閣自己亂了陣腳。",2008/07/08 18:18
https://news.tvbs.com.tw/politics/174478,蘇花替代道路　預估經費300億,"不蓋蘇花高，卻用了另一個名字「新台九線」，以省道層級，來建設南澳到和平這段路；只是18公里就要鑿通3個隧道，成本提高，預估花費300億元；根據了解，如果省道非國道，那將由公路總局編列預算，但興建動工的，極可能是原本年底計畫被整併的國工局。
整條道路上，每逢大雨颱風就能看見落石、坍方，擋石網網不住蘇花公路靠天吃飯的危機；只是如今要蓋替代道路，除了得在生態保護上，先過環評小組這一關之外，連錢從哪裡來也成一大問題！
假設路線和原有的蘇花高規劃重疊，南澳到和平，穿越山脈得打通5A隧道、6號隧道及7號隧道，工法困難，相對經費成本當然比一般道路昂貴。
整段新台九線18公里長，其中隧道5A最短只有5百公尺，6號隧道7.5公里，7號隧道4.7公里；整體經費估計至少要花上3百億，光是6號隧道就佔了一半以上。
龐大開銷勢必為新政府帶來壓力，經費怎麼來？倘若行政院通過替代道路建設，則交通部將負責編列預算；強調省道非國道，因此所屬公路總局，列出公務預算中的公路興建和養護分年編列。
而由於金額龐大，因此行政院將由總預算中框列預算，來協助公路總局辦理；蓋不蓋，還得克服無限難關；不過儘管替代道路歸類為省道，但目前最有可能負責動工的，將會是一直以來規劃蘇花高的國工局；而國工局，也可能因為蘇花替代道路的興建，免除原本年底要遭到整併的命運。",2008/07/08 18:13
https://news.tvbs.com.tw/politics/174488,蘇花高爭議　謝深山批：政客操弄,"蘇花高興建爭議，花蓮縣長謝深山又發飆，他對於民進黨立委打口水戰非常不以為意，希望大家不要把蘇花高環評打死，替花蓮人想一想。
花蓮縣長謝深山：「這些政客利用這個機會說，我們要劉院長叫慈濟背書，我不了解這些政客，無殃之災，我就不了解這些政客，把花蓮的環評打死，我希望這些政客不要打口水戰，替花蓮人想一想，花蓮縣長謝深山，行政院長替花蓮解決對外的交通，排除現有環評的規定，他要等環保程序的完成，才要興建替代道路，希望大家給我們支持，給花蓮一個生路。」",2008/07/08 15:44
https://news.tvbs.com.tw/politics/174489,脫口蘇花高後　劉揆現身初避談,"行政院長劉兆玄前天脫口宣示要興建蘇花高，引發爭議之後，接連著2天沒有露面，今天首度公開現身，一開始絕口避談相關問題，不過在媒體包圍下重新公開定調，前天宣布的是蘇花公路替代道路的「政策」方向；不過顯然又和昨天總統府方面，為了平息爭議，把蘇花替淡化成一個「構想」的說法有明顯所出入。
記者：「院長，『蘇花高』和『蘇花替』，到底有什麼樣的差別啊？」
當了2天宅男，聽到蘇花什麼路，超敏感，劉兆玄使出這招，講電話當沒聽見快閃回家。記者：「院長，蘇花替代公路是『構想』嗎？」
蟄伏一個上午，下午再現身，明明大門在媒體這頭，院長進會場偏偏要繞它一圈，結束國家工安獎頒獎儀式，大批媒體來個前後包夾，劉大俠這下使不出輕功，終於開了口。行政院長劉兆玄：「我們談的『這個』…，在…，嗯…，花蓮談的『這個』，『這個』…，『這條道路』的規劃喔。」
這個…，這個…，到底哪個啊？用字遣辭左閃右躲，有了前天的教訓，不管怎麼講就是絕口不提那3個字，就連談無關蘇花替代公路的其他政策，也像隻驚弓之鳥。
記者：「院長，節能新政策能預告一下嗎？」劉兆玄：「我想我們『完整』的報告比較好啊，省得大家又零零落落的。」
小心再小心，只是接下來這句話，又讓人霧煞煞。劉兆玄：「提出(蘇花替)這樣的『政策方向』，來推動。」
聽清楚沒，院長定調「蘇花替」是「政策」，不過府方可不是這麼說的。總統府發言人王郁琦(97.07.07)：「這是一個『構想』的階段，它並不是說馬上就要推動。」
只是用詞之差嗎？還是有人狀況外，府院又不同調，都這麼焦頭爛額了，偏偏人家環保人士前一天來陳情，竟然還出現陳情書被塞在行政院鐵門上，沒人搭理的尷尬畫面，引來行政院傲慢的批評；劉兆玄震怒，下令查辦，要澆熄這把爭議之火，不過，似乎又慢了半拍。",2008/07/08 15:16
https://news.tvbs.com.tw/politics/174494,上官頂下官掰！　綠委諷「毛躁治國」,"蘇花公路替代道路爭議，儘管府院急忙滅火澄清，但民進黨立委痛批毛治國是「毛躁治國」，譏諷馬政府胡搞！花蓮藉立委傅崑萁再度出面強調，支持興建蘇花高或是蘇花替，但他也痛批之前部分環保團體，從沒反對過高污染的工業進駐花蓮，痛批他們為財團服務。
蘇花高、蘇花替吵到眼花花，綠委全力譏諷。民進黨立委高志鵬：「劉院長你寫武俠小說的，筆名叫上官鼎，你這個上官也沒有頂，你還叫下官去掰，毛治國變成毛躁治國。」
就是內閣一團亂，原本外傳親耳聽到蘇花高的傅崑萁，一度低調，塵埃稍微落定才敢大聲。國民黨立委傅崑萁：「一些不肖的環保團體，再三妖魔化蘇花高速公路，我們表示非常沉痛，我們在這裡非常清楚的資料，這些為財團服務的環保團體。」
高度爭議話題吵不休，民生難過，6月物價恐怖雙高再現，民進黨立委要馬總統負責。民進黨立委涂醒哲：「633已經跳票，5%跳票這樣算4.8%。」
民進黨立委陳亭妃：「是不是真的能4.8%不知道，在水果方面的漲幅，有些已經超過100%，而且在持續當中，所漲幅的也都超過2成、3成。」
監委提名受挫、蘇花替爭議、到民生物價漲，馬上好調整變馬上漸漸好，似乎都還是個大問號。",2008/07/08 13:41
https://news.tvbs.com.tw/politics/174508,蓋蘇花高？　落石奪命家屬盼興建,"蘇花高到底要不要蓋，還沒定案，但對宜蘭尤家來說，卻是希望能蓋蘇花高，因為4年前，尤俊焜一家四口行經蘇花公路，途中卻被巨石砸中，尤俊焜和妻子兒子當場死亡，只有小女兒還活著；小女兒已經五年級了，都是姑姑在照顧，姑姑就痛批政府，難道環評比人命重要嗎？他們希望能蓋蘇花高。
想起4年前不幸在蘇花公路，遭巨石砸死的女兒女婿一家人，老父親還是很傷心。死者尤俊焜岳父：「做一個安全的交通來說，對老百姓的生命安全、交通安全，也比較有保障啊。」
4年前，老先生的女婿尤俊焜一家四口，行經蘇花公路時，車子突然被巨石砸中，尤俊焜和妻子兒子當場死亡，只有小女兒還活著。
現在小女兒由尤俊焜的大姊照料，已經五年級了，但當年陰霾還在，她在國小三年級的作文「最難忘的事」，寫說「巨大的聲響嚇醒了我，直到喪禮那一天，我當場放聲大哭」，一字一句讓人鼻酸，現在蘇花高又引起討論，尤家人說出他們的心聲。死者尤俊焜大姊：「那件事之後，我們家的人可以說都不敢從那裡經過，連我兒子要去花蓮，我也跟他說你坐火車。」
要建蘇花高還是替代道路，城鄉發展和環境保護孰輕孰重，尤家人只想要一條安全的路。",2008/07/08 12:42
https://news.tvbs.com.tw/politics/174342,蘇花南澳-和平段　TVBS直擊現場,"造成爭議的南澳到和平這一段，究竟實際情況如何？TVBS記者跟著長期關注的花蓮地方士走了一趟，地方人士質疑，這個路段有11個斷層、17個敏感的動植物棲息地，如果硬要開發，實在非常的危險。
砂石車呼嘯而過，坍方危機一刻也沒放過蘇花公路上的每一位駕駛，TVBS鏡頭一路直擊，來到南澳和平段的預定地，就發現遠方山頭出現坍塌。
TVBS記者游皓婷：「蘇花替代道路，國工局的做法就是鑿山搭橋，在我左手邊的山凹，未來就是南澳段的第一座隧道出口，而在相望的一個山頭，就是隧道的入口，所有的工程人員必須鑿山而出。」
行政院鐵了心要建，但開山架橋的工法，卻遭環保團體痛批是蘇花高「借屍還魂」，另一個生態浩劫，環保人士強調當地不只地質脆弱，有11個斷層帶經過，還有17個敏感地區，就連觀音自然保護區也在裡頭。
花蓮地方人士蔡大洋：「雪山隧道破壞的水脈，到目前為止，所有的專家仍然很保留地看待這個事情，(興建蘇花替代道路)我想沒有一個國內的專家，或者全世界一流的專家，可以敢來背書保證。」
但交通部評估南澳到和平段，過去幾年來因為坍方落石中斷，最高紀錄平均每年有2個月，是交通中斷或單線通車，一條「安全回家的路」，難道花蓮人不想要嗎？
花蓮地方人士黃文慧：「當它(車輛)在隧道裡面，發生災變的時候，我們其實都是非常(恐懼)，不是我們馬上可以去救難的，(蘇花替代道路)這麼多的長隧道，它難道都是安全嗎？我也很質疑。」
長約20公里的蘇花替代道路，有百90%都是長隧道，環保人士捍衛淨土喊緩建，但振興北迴鐵路，也可能無法全部取代公路的角色，蘇花替代道路繼續在便利性跟環保之間拉扯。",2008/07/07 21:05
https://news.tvbs.com.tw/politics/174354,變相蘇花高？　交長：規劃刻意重疊,"政院團隊忙消毒，毛治國今天出面強調，這條替代的新台九線，全長18公里，需要打通2個隧道，佔全長2/3；而幾乎和先前蘇花高速公路南澳到和平段，一模一樣，就因為原有的蘇花公路，常出現落石坍方，況且這段，曾經環評小組有條件通過，爭議較小。
是蘇花高，是蘇花公路，還是替代省道？外界聽了霧煞煞；說以現有道路做改善，可路線，不就跟蘇花高同段一模一樣嗎？
交通部長毛治國：「蘇花高案子的那一段，事實上是重疊在一起，重疊在一起，所以我們認為，基本上可以把它拿來作為蘇花公路改善的替代路線。」
這是原有的蘇花高規劃路線，但從南澳到和平，卻和如今所謂新的台九線「省道」，幾乎重疊。
蘇花高模擬動畫：「南澳交流道及服務區等設施，再往南附設5A隧道後，跨越南澳南溪，經六號及七號隧道，行經觀音海岸西側山區。」
交通部強調，未來替代道路，整段南澳到和平18公里，得打通2個隧道，分別是7.5公里和5公里；也就是幾乎有2/3都是隧道；交通部長解釋，就因為蘇花公路這一段格外難行；加上這一段，曾經是環評小組有條件通過，認為對環境衝擊在可控制的範圍。
而按照國工局評估，如果同樣4線道，高速公路流量每小時可到9200輛，省道時速70公里，可到8000輛；至於二氧化碳排放，蘇花高每輛車7.6公斤，不過蘇花公路則是11.3公斤。
從空拍畫面清楚看到，整段蘇花公路的確彎曲難行；也因此選擇落石坍方最嚴重的南澳到和平，希望能用省道改建的方式，替東部地區，謀求交通便利的新契機。
◎畫面提供：國工局",2008/07/07 19:03
https://news.tvbs.com.tw/politics/174356,蘇花高復活？　環團批政府馬上跳票,"不滿行政院究竟要建「蘇花高」，還是現在稱為的「蘇花替」，環保人士就是很不滿意，直接到行政院抗議，而行政團隊忙著滅火的同時，民進黨則是趁勢追擊，痛批劉兆玄就是想偷渡蘇花高，硬是要讓生米煮成熟飯。
環保人士：「蘇花高換湯不換藥！反對掏空花東。」
看不下去劉兆玄拿新瓶裝舊酒，環保團體到行政院嗆聲，要院長劉兆玄說清楚、講明白。環保人士潘翰聲：「它就是蘇花高，不是什麼蘇花公路，危險路段替代道路，劉院長是不是自己要當總統，完全不把總統的承諾放在心上。」
把氣都出在劉內閣身上，惹毛他們的是這一句話。交通部次長游芳來(97.07.06)：「他的意思就是說，他做了這條路(替代道路)出來，把標準提高(高速公路規格)，那將來萬一我們，蘇花高的程序完成的時候，這一段就自然而然變成，那就不會有重複投資的問題。」
環保團體橫著看豎著看，除了名稱不是蘇花高，其他根本就是蘇花高的偷渡，民進黨逮到機會，砲火四射。民進黨立委葉宜津：「你根本就是在唱雙簧、騙票。」
民進黨立委陳亭妃：「請馬先生，請劉院長，請交通部長，不要假省道之名偷渡蘇花高，也不要掛羊頭賣狗肉。」
冷眼旁觀，蘇花高問題，劉內閣第一時間沒解釋清楚，讓給民進黨一個最好的殺球機會。",2008/07/07 18:55
https://news.tvbs.com.tw/politics/174367,取名比蓋路還難　就是不叫「蘇花高」,"閣揆劉兆玄昨天拋出要建「蘇花高」，形同踩到政治地雷，府院黨團緊急統一口徑，這條路不管有多像，就是不能叫「蘇花高」，這讓昨天下午跳出來爆料，指證交通部長早就說要蓋蘇花高的立委傅崑萁，裡外不是人，最後只能改口有路就好。
馬政府要蓋一條怎麼叫都不能叫「蘇花高」的「蘇花高」，這話要從6月10日開始說起。行政院長劉兆玄(2008.06.10)：「我們蘇花高送到環保署，再被退件的話，花蓮人會不會革命啊，給花蓮人一條安全回家的路，這是我們照顧花蓮縣民的承諾。」
武功高強的劉內閣一言九鼎，隔2天，交通部長就給傅崑萁答覆。傅崑萁(2008.07.06)：「6月12日交通部毛治國部長，清楚告訴我們，決定要建蘇花高速公路。」
花蓮鄉親的掌聲彷彿還在響，幾個小時後傅崑萁面見馬總統，蘇花高在台北變了樣。傅崑萁(2008.07.06)：「後山鄉親就是要一條平安回家的路，不管如何做讓我們平安回家。」
是只能做不能說，還是取名字比蓋馬路還要難？花蓮縣長謝深山：「花蓮要一條快速道路，有什麼錯，就是說蘇花高有什麼錯？」
傅崑萁：「我們寧可尊重，比較務實態度來完成這事，名稱已經不是很重要。」
寧願丟了面子也要保住裡子，只要煮熟的鴨子不會飛，管它叫「蘇花高」，還是「蘇花替」，只是這樣的馬政府，和以前的扁政府，還真讓人民傻傻分不清楚。",2008/07/07 18:11
https://news.tvbs.com.tw/politics/174368,五波闡述　決口不提地雷「蘇花高」,"行政院長劉兆玄昨天一時口誤，宣布政府將興建「蘇花高部分路段」，為了這句話，府院黨團從昨天到今天可說是疲於奔命，官員、立委五波輪番上陣闡述，用了許多奇怪的名稱來命名，就是不提「蘇花高」3個字，怕踩到地雷，只不過，交通部長毛治國還是一度在記者會上，脫口說出「蘇花高」3個字，經過一天沉澱，今天行政院終於定調，把這條路稱為「蘇花公路替代道路」，預算預定改用省道預算，不過卻還是要以國道規格興建。
大陣仗，行政院搬來大小地圖道具，把到現在，外界還是霧煞煞的蘇花什麼路，想一次講個清楚。新聞局長史亞平：「媒體報導『蘇花高』，要在今年以前開始動工，所以引起了很多的討論，這個報導是錯誤的。」
新聞局長史亞平，開宗明義把錯誤指向媒體，真的又是媒體錯了嗎？畫面會說話。行政院長劉兆玄：「儘管這條高速公路在興建和環評方面，仍然是有點膠著，所以我們決定在環評上、環保上，爭議比較小的路段，我們優先來推動。」
聽到沒？院長花蓮當著縣長謝深山面前，第一時間斬釘截鐵，講的可是「大家期待的蘇花高」，不過到了下午，咱們政府化妝師，立刻把這3個字吞了回去。記者：「我們講蘇花高的替代道路呢？這樣怎麼下標題啊？」史亞平：「是蘇花公路最危險路段的替代道路。」
你嘛幫幫忙，院長明明說的就是蘇花高，史亞平這下改口，就連主管單位交通部次長游芳來自己都暈頭轉向。記者：「哪要叫什麼，台九線替代道路嗎？」
「蘇花高」、「蘇花替代道路」，不只次長都傻傻分不清楚，就連交通部長毛治國明明知道不能說的那3個字，自己都說溜嘴。交通部長毛治國：「我們會用高速公路規格來做，用國道基金的錢來做，先把蘇花高那一段，拿出來做為一個底案。」
到底要蓋什麼路，堂堂麻省理工博士，也被問得七葷八素，一夜沉澱，行政團隊第五度上火線，旁邊坐的不再是國道工程局長，而是公路總局局長。毛治國：「基本上它是一個省道的替代道路，我們基本上會用公路預算來處理。」
五波說明，終於定調，只不過定的是名稱，替代道路興建還是確定以國道規格開工，這樣的定調，行政院怎樣就是不承認是「換湯不換藥」。",2008/07/07 18:05
https://news.tvbs.com.tw/politics/174370,學者vs.俠客　馬、劉性格作風迥異,"究竟行政院長劉兆玄宣布，要興建蘇花公路危險路段替代道路之前，馬總統知不知道？儘管總統府發言人王郁琦表示，馬總統事前知情，但昨天跟馬總統茶敘的立委卻提到，馬總統第一時間「嚇了一大跳」；其實，蘇花高在劉兆玄還在交通部長任內就積極推動，這次拋出這樣的構想，也有人說並不意外。
府院黨五巨頭聚會，劉兆玄當面跟馬總統，解釋興建蘇花替代道路的決策過程。總統府發言人王郁琦：「這只是一個構想，他不是說馬上就要推動，這個構想到推動，至少還要經過環評的程序，在環評程序完成之前，其實事前劉院長，就有跟馬總統報告過。」
劉兆玄平地一聲雷，宣布興建蘇花替代道路，府方說事前知情，但同一時間跟總統茶敘的立委，卻意外說溜嘴。
國民黨立委吳育昇：「他(馬)說他聽到有嚇了一跳，他說他趕緊打電話給劉院長 ，他才知道劉院長的意思，是這樣(蘇花替代道路)。」
立委詳細轉述，馬總統驚訝跟急忙澄清的過程，也看得出向來遵奉制度、尊重學者意見的馬總統，對於重大爭議政策的拍板定案，有絕對的堅持。
倒是俠客性格的劉兆玄，打從十幾年前，擔任交通部長時，就傾向支持興建蘇花高，如今主動出擊，石破天驚，外界一點也不意外。",2008/07/07 17:56
https://news.tvbs.com.tw/politics/174384,〈快訊〉蘇花公路興建爭議　毛治國親說明,"行政院長劉兆玄，宣布要興建形同準蘇花高的，蘇花公路危險替代道路，引發爭議，新聞局長史亞平下午4點和交通部、環保署，連袂舉行記者會說明。
針對行政院長劉兆玄，昨天宣佈興建蘇花高，引發一連串爭議，今天下午交通部長毛治國，下午也在行政院召開記者會說明，而府院也訂調，強調此次興建的，並非「蘇花高」，而是稱為「蘇花公路替代公路」。
毛治國強調因為在東部的居民，一再的希望能有一條平安的回家的路，而交通部當然首先希望能改善的，是由鐵路方面下手來做，因為鐵路有比較大的改善空間，在增加鐵路班次、品質等等。
不過，鐵路的改善即使做到最大化的程度，但在部分的路段，還是不能提代、滿足公路上，所能做到的需求，因為鐵路是有班表的，班表再密，一樣會有它的一個限制。
由於東部民眾，自新政府上任來，一再的希望能提升公路的品質，而交通部也由過去的資料、數值來看，認為在這蘇花公路的部分危險路段，的確需要做改善，而其中南澳到和平的路段，在全年之中，會有3個星期，是處於封閉的狀態，50天以上只能維持單線通車，因此交部才會針對，這段公路，希望能優先改善，因而希望能興建出替代道路。
但在興建的環境考量上，毛治國強調絕對會尊重環評的評估，所以目前為了減少對環境的衝擊，「蘇花公路替代公路」的興建，將不邊坡開挖的方式，而基本上會以隧道的方式進行；但所有的興建一定會等到環評的審核通過，才會正式施工。
而如此才能提供東部居民，一個全天候比較安全，可靠的道路，也是對東部居民，在行的方面，行的安全上，有個基本的交待；毛治國也說明，一切的政策都是希望能在經濟和環境上取得兩者的平衡，一定會兼顧到環境的保護。",2008/07/07 14:23
https://news.tvbs.com.tw/politics/174393,交長告知建蘇花？　傅：安全的路就好,"行政院長劉兆玄，昨天說要興建蘇花高速公路，外界一片譁然！儘管交通部和新聞局事後不斷澄清，說院長的意思是要興建「蘇花公路」危險路段的「替代道路」，民進黨立委痛批，認為這根本就是掛羊頭賣狗肉；因為國民黨立委傅崑萁昨天自爆，說交通部長毛治國6月就已經告知他，會興建蘇花高，不過傅崑萁上午面對媒體，不再談有沒有這回事，只說，有「安全回家的路」就好。
國民黨立委傅崐萁：「觀光網站上的死亡公路，這樣給我們的子民、後山的鄉民，來走這條路，這樣公平嗎？」
拿出蘇花公路落石坍塌的照片，花蓮地區的民意代表傅崐萁，再為東部民眾請命。傅崐萁：「我想只要能夠有一條安全的路，讓我們回家，花蓮人都非常的歡迎。」
不再談交通部長毛治國，到底有沒有承諾過要興建過蘇花高，傅崐萁強調，只要有安全的道路就好；被視為是馬系立委的吳育昇，更是再次出面滅火。國民黨立委吳育昇：「白天(馬)聽到媒體這樣問，他也嚇了一跳，所以他趕快打電話給劉院長，他講的概念就是說，並不是一條新的蘇花高，就確定要蓋。」
不管蘇花高有沒有說過要興建，國民黨立委想澄清的是，至少馬總統從頭到尾沒說過，但民進黨立委哪聽得下去，痛批馬總統和劉兆玄唱雙簧。民進黨立委葉宜津：「你根本就是在唱雙簧、騙票。」
民進黨立委陳亭妃：「請馬先生、請劉院長、請交通部長，不要假省道之名偷渡蘇花高，也不要掛羊頭賣狗肉。」
儘管府院上下不斷澄清，是要興建高速公路等級的蘇花公路替代道路，環評還沒過關之前，爭議恐怕很難平息。",2008/07/07 13:03
https://news.tvbs.com.tw/life/174399,「蘇花替代道路」？　花蓮人看法兩極,"以往興建蘇花高，花蓮地方上就有正反兩派的意見，現在所謂的蘇花公路替代方案，聽在這些人的耳裡，依舊是贊成的熱烈歡迎，反對的批評政府玩文字遊戲。
不是蘇花高，而是蘇花公路替代道路，行政院變來變去的這說法，媒體大篇幅報導，讓花蓮縣長謝深山發飆。花蓮縣長謝深山：「(媒體)又是蘇花高，又是投機取巧的，做蘇花高難道錯了嗎？」
謝深山想替花蓮爭取一條平安的陸，聽在花蓮地方人士的耳裡，贊成興建的首推花蓮觀光業者。花蓮縣觀光協會理事長施勝郎：「終於這條(蘇花高)生機又展現出來，不管是蘇花高，還是蘇花高替代道路，我們花蓮人需要的不是一條死亡公路就好。」
觀光協會理事長還嗆，有本事來花蓮住，否則沒資格反對興建案；不過一向不贊成蘇花高的花蓮環保人士，則批評政府一日數變，卻是換湯不換藥。環保聯盟花蓮分會會長鍾寶珠：「行政院這邊不要玩文字遊戲，不是高速公路，你要對改善程度作一個評估，也要跟我們說未來興建的模式跟方法。」
至於曾經反對興建蘇花高的，亞都麗緻總裁嚴長壽已不願再評論，名導演侯孝賢也說，還不了解整件事不輕易下定論；儘管目前政府說不是蘇花高，而是替代道路，但顯然曾贊成蘇花高的，就能接受替代方案，而反對的，不管怎麼替代，還是反對。",2008/07/07 12:48
https://news.tvbs.com.tw/life/174403,蘇花「南澳和平段」　一年約壞50次,"不管要蓋「蘇花高」還是「蘇花替代道路」，只要就是目前宜蘭通行花蓮的蘇花公路，時常發生狀況，不管是坍方、路斷，還是落石砸壞車子或用路人，都曾經發生過，平均一年大概有50天，路況會出現狀況，難怪時常行經這裡的用路人，都說是冒著生命危險走蘇花公路。
挖土機不停挖，這是2007年聖帕颱風襲台，不堪一擊的蘇花公路，南澳到觀音147.1公里，路基下陷50米，破了一個大洞，路上還到處落石，甚至出現瀑布般的強烈水柱，這種路況叫駕駛人怎麼行車。
2006年2月，同樣的路段，因為下雨落石不斷，有民眾開車經過，就被飛天大石砸中，不僅人嚇壞了，車子還凹陷，得靠拖車拖著走；走得了還算幸運，去年10月，武塔路段前進不得也後退不能，數十輛車就卡在兩頭斷路中間過夜，有人索性步行對外求救。
1個月後蘇花公路又坍方，全線中斷，地上還冒出一堆小湧泉，這些奇觀用路人說其他道路可真不常見；但根據施工單位保守估計，蘇花公路1年卻至少要壞上50次，時常往來這個路段的駕駛最能體會，開蘇花公路簡直是冒生命危險，難怪對蘇花公路替代道路，毫不保留的贊成。
貨車司機王先生：「大小車都好，大家都可以開，小車子可以跑高速的，大車就不用跟小車爭道，也比較好開。」
食品業者陳先生：「有辦法用替代道路的話，當然是比較好，如果彎道取直會更好。」
目前南澳段這斷頭橋，就等著政府規劃興建蘇花高，或蘇花替代道路，讓這條路能夠銜接完整，不再危機處處。",2008/07/07 12:33
https://news.tvbs.com.tw/politics/174408,蘇花替代行不行？　環保署尊重環評,"面對蘇花公路替代道路爭議，上午環保署長沈世宏表示，時間點上恐怕沒辦法那麼快，因為不管國工局未來是以「替代道路」的名稱送件，還是以「蘇花高」來送件審查，都必須先通過環評大會這關。
環保署長沈世宏：「各位大哥謝謝囉，對不起署長要上樓開會，我要走樓梯。」
連這點電費也不捨得浪費，最強調節能減碳的環保署長，如今卻碰上政院力推蘇花公路的替代方案。沈世宏：「替代道路跟高速公路，審查標準是否比較低，從自然環境的影響，沒有說標準比較低，但是車流量會比較少，蘇花公路不會有蘇花高的交通量。」
避開爭議的蘇花高字眼，政院改以蘇花公路危險路段的替代道路取代，這以國道的規格來設計，卻取了個整修省道的名稱，環保署長沈世宏表示，不管是用哪個名稱，都得先通過環評這關。
沈世宏：「基本上那段道路的興建，都要走環境影響評估的程序。」記者：「部長提到年底前要動工，是這樣的說法嗎？」沈世宏：「根據過去的環評，好像沒那麼快過。」記者：「預估大概要多少時間？」沈世宏：「我不作預估。」
在劉揆赴花蓮視察途中，突然宣布蘇花公路有了替代方案，同行陪同的環保署長是否有幫忙背書意味，對此沈世宏強調，蘇花一案爭議性高，決策過程將擴大民間參與，一切交由環評大會決定。",2008/07/07 12:09
https://news.tvbs.com.tw/life/174412,建蘇花替代道路　環保人士抗議,"行政院長劉兆玄昨天表示，要以蘇花公路的替代道路，來取代爭議性高的蘇花高，引發環保人士的不滿，認為這根本是換湯不換藥，還是會帶來生態浩劫，甚至得花2千億的公帑才能興建完工，因此上午環保團體前往行政院門口抗議，要劉院長給個交代。
環保人士：「蘇花高換湯不換藥，反對掏空花東。」
頂著大太陽，10來個環保團體的代表手拿海報，邊走邊「話聲」，要行政院長劉兆玄說清楚講明白。環保人士潘翰聲：「它就是蘇花高，不是什麼蘇花公路危險路段替代道路，劉院長是不是自己要當總統，完全不把總統的承諾放在心上。」
諷刺劉院長權限比馬總統還大，畢竟大選期間才信誓旦旦會審慎評估，甚至不再興建的蘇花高，竟然在馬總統上任1個多月後，就要敗部復活馬上跳票，環保團體抨擊，不管是蘇花高還是蘇花公路危險路段替代道路，根本是換湯不換藥。
潘翰聲：「因為它是分段通車，第一段只有3百億，但是後面會接著有2千億，他是為了擴大內需，為了拉抬持續下滑的民意支持度，想要用這個拚經濟的方法，但是這個拚經濟的方法，但是這種拚經濟的方法，卻是破壞台灣的環境。」
抗議蘇花高不但破壞生態景觀，還可能花掉大筆公帑，環保團體準備遞交陳情書到行政院，嗆了半天卻沒人應，只得留下伏筆，預告不排除發動更大規模的抗爭。",2008/07/07 10:49
https://news.tvbs.com.tw/politics/174413,〈快訊〉乍聽興建蘇花高　吳：馬總統嚇一跳,"昨天行政院長劉兆玄，突然宣佈要興建「蘇花高的替代道路」，第一時間被外界解讀，就是要興建延宕已久的蘇花高，到底馬總統在第一時間知不知情？今天國民黨立委吳育昇表示，他昨天晚上和總統餐敘時，表示馬總統剛聽到這個消息，也嚇了一跳。
國民黨立委吳育昇：「昨天晚上我參加的是6點半那場餐敘，總統特別有講說，他白天聽到媒體這樣問，他也嚇了一跳，所以趕快打電話給劉院長，然後才知道劉院長講的，是有關目前現行蘇花公路當中，某些的危險路段，基於保障人民生命財產的安全，而且夏季颱風又可能隨時會來，所以才會有這樣的一個說法出來。」
吳育昇說，馬總統在第一時間聽到媒體詢問，其實也是嚇了一跳，才趕緊打電話向劉揆詢問，可以看出府院黨在劉揆宣布之前，其實並沒有共識。",2008/07/07 10:23
https://news.tvbs.com.tw/politics/174424,糗大！　立委爆：毛治國說建蘇花高,"馬政府強調沒有要建蘇花高，還要求交通部長毛治國緊急出面澄清，他咬文嚼字說明，這一條是用國道基金，蓋高速公路規格的，省道級替代道路；卻又鬆口，其實就是拿原本蘇花高的底案做基礎，但路名又不能叫「蘇花高」，只是這麼翻來覆去的解釋，把他都搞迷糊了，毛部長自己在記者會上就突槌，說這一條是蘇花高。
交通部長毛治國：「今天我們先就，這個這個，給『蘇花高』，給給...給東部民意。」
明明不能說那3個字，交通部長偏偏自己說溜嘴，因為到底要蓋什麼路，堂堂麻省理工博士，也被問得七葷八素。毛治國：「我們不會把它叫『蘇花高』，會用高速公路規格來做，用國道基金的錢來做，先把蘇花高那一段，拿出來作為一個底案。」
聽清楚了嗎？難道這一條是用「省道」名義，花「國道基金」，蓋的「高速」品質的「替代道路」嗎？不管部長說的是什麼怪物，花蓮立委大爆內幕。
國民黨立委傅崑萁：「6月12日交通部毛治國部長，清楚告訴我們，決定要建『蘇花高速公路』。」
毛治國：「那個沒有，這個我想可能有口誤，要向他抱歉。」
傅崑萁：「秘書長薛香川先生，早上我們4位，正式協商確定之後，中午再次報告劉院長，希望他今天宣布動工。」
這下糗了，立委怕煮熟的鴨子飛了，死命咬住蘇花高，反而是最了解內情的官員，就是不能講那三個關鍵字，繞來繞去，越拗越迷糊。",2008/07/07 00:37
https://news.tvbs.com.tw/politics/174259,宣布建替代路前　劉揆避開證嚴,"行政院長劉兆玄今天下鄉花蓮，拜會完證嚴法師，2個小時後，隨即一度宣布要興建所謂的蘇花高爭議較小的路段，不過，其實花蓮慈濟創辦人證嚴法師，曾多次表達憂心台灣生態浩劫，尤其看到台灣這麼小，高速公路一條接一條開挖，間接反對蘇花高興建的立場；不過，正巧劉院長宣布時機，就避開拜會證嚴法師的時間點。
會見證嚴法師，上人大談環保，劉兆玄頻頻點頭稱是。慈濟證嚴法師：「天然的資源減少再耗損它，回收它，還可以再製成這樣的物品(衣服)。」院長劉兆玄：「這實在是了不起的成就啊。」
還特地送給劉揆一雙環保筷，呼應政府的節能減碳，可沒想到劉兆玄一轉身，宣布要建蘇花公路替代道路，未來不排除併入成為蘇花高的一部分，難道劉兆玄不知道證嚴法師曾經明確表態，要開的路已經夠多了，台灣沒多大，高速公路卻一條接一條，山洞不斷的挖，挖斷了水脈，也挖斷了生態，反對興建蘇花高。
況且，劉兆玄上午10點半拜會證嚴，12點10分在花蓮縣政府吃便當，宣布有替代道路的方案，事都沒有跟法師交換過意見嗎？慈濟發言人何日生：「對這件事情感到非常驚訝，上人不希望我們任意地挖山、破壞大地，這是他非常不願意看到。」
牽涉敏感的蘇花高問題，劉院長還沒講清楚，一向立場上支持「環保至上」的證嚴法師，先把話說白了。",2008/07/06 19:08
https://news.tvbs.com.tw/politics/174277,興建蘇花高？　劉揆：先給替代道路,"行政院長劉兆玄今天在花蓮拋出震撼彈，當著花蓮縣長謝深山以及地方民代面前，宣布將興建蘇花高爭議較小的路段，此話一出引起震撼，就怕蘇花高議題實在太敏感，馬總統下午趕緊透過立委，對外修正定調，劉兆玄說的是要興建「蘇花高」比較危險地段的替代道路，因此，充其量這只能說是「準蘇花」。
寧靜的花蓮後山，因為劉兆玄這話，搞得驚天動地。行政院長劉兆玄：「 大家談了很久的，就是蘇花高速公路，各位在報導在媒體都看到，這個爭議非常多年的計畫，但是卻很攸關東部交通發展，非常重要的一個計畫。」
爭議近10年的蘇花高，為了要不要蓋，幾乎攪翻政壇，怎麼一個便當會下來，劉兆玄就定案？劉兆玄：「儘管這條高速公路在興建和環評方面，仍然是有點膠著，所以我們決定在環評上、環保上，爭議比較小的路段，我們優先來推動。」
在場的花蓮縣長謝深山，立刻感動道謝。花蓮縣長謝深山：「非常感謝劉院長做一個明智決定，我也代表花蓮鄉親向劉院長表達感謝，謝謝。」
縣長、地方民代齊聚一堂，劉兆玄還把環保署長沈世宏帶在身旁，一副幫政策背書模樣，只是事關重大，之前有知會過馬總統了嗎？記者：「劉院長說要建蘇花高，你贊成嗎？」馬英九：「辛苦啦，你們曬那麼久。」
雖然沒講話，不過馬總統心裡可急了，趕緊請立委出來澄清，這高速公路指的不是蘇花高。立委蔡錦隆：「院長也有跟總統報告，這個絕對不是蘇花高。」記者：「所以講的是蘇花公路？」蔡錦隆：「蘇花公路危險地帶的修建。」
強調府院沒有「各吹各的調」，驚覺蘇花高議題實在太敏感，馬總統幫劉院長緊急定調善後，就怕就怕跌跌撞撞的新政府，又在此時此刻引起新的爭議。",2008/07/06 17:50
https://news.tvbs.com.tw/politics/174278,政院急「修正」！　媒體官員激烈舌戰,"到底行政院要建的，是不是敏感爭議的蘇花高？劉院長特別請交通部次長游芳來向媒體澄清，希望外界別把這條路，簡化成「準蘇花高」；雖然行政院之前有內部討論，但游芳來坦承，他事前不知道院長，會在這宣布；劉內閣緊急「修正」說法，引發記者激烈連環追問；次長最後尷尬苦笑，新聞局長還幫媒體下了25個字的標題，來看看這場唇槍舌戰。
到底行政院要建的是不是蘇花高？院長還沒離開花蓮車站，交通部次長游芳來就已經被大批詢問電話，轟炸到手軟，焦慮在月台跺步；好不容易上了車，官員趕緊跑來跟媒體「修正」澄清，但一開口...。
交通部次長游芳來：「我現在就講，院長從頭到尾沒有提過蘇花高。」記者：「有啊，他有講。」游芳來：「...？呵呵。」記者：「他有講，他真的有講！」游芳來：「哈...。」
不是蘇花高，而是一段未來可能成為蘇花高的準高速公路；那為什麼劉兆玄第一時間不說清楚？
交通部次長游芳來：「他的意思就是說，他做了這條路(替代道路)出來，把標準提高(高速公路規格)，那將來萬一我們蘇花高的程序完成的時候，這一段就自然而然變成，那就不會有重複投資的問題。」
新聞局長史亞平：「因為如果你講蘇花高，會誤會以為現在我們討論的是整條蘇花高速公路。」記者：「我們講蘇花高的替代道路呢？這樣怎麼下標題啊？」史亞平：「是蘇花公路最危險路段的替代道路。」
交通部次長游芳來：「危險路段我現在在這裡，我們也沒有料到院長，會做這麼一個...，完全是地方政府要解決的。」記者：「知道院長今天就要宣布嗎？」游芳來：「我不曉得，可是我也曉得院長從談話之間，我就了解到，院長其實對這件事非常了解。」
呵呵兩聲，游芳來一時也不知道該怎麼答。急得一個頭兩個大；這時電話又再響起，另一頭史亞平也忙著左澄清，右消毒，還要幫媒體下標。
記者：「可不可以給我們一個統一的名稱？」新聞局長史亞平：「就叫做...。」記者：「一條安全回家的路？」記者：「這樣我們真的很難寫，又不叫蘇花高，明明就是蘇花高？」交通部次長游芳來：「不是蘇花高，要叫什麼...。」記者：「所以你幫我下一個標，台九線替代道路...？」游芳來：「呵。」記者：「叫木淑路啦。」游芳來：「呵呵。」記者：「九萬兆公路好了啦！九萬兆公路！」游芳來：「呵呵...。」
行政院最後定調，可說是因為蘇花高環評膠著，先蓋替代道路；官員拜託不要只說是「準蘇花高」，畢竟環評都沒過，敏感爭議建設，不能「馬上」講啊。",2008/07/06 17:36
https://news.tvbs.com.tw/politics/174279,復建蘇花高？　毛鬆口：是底案基礎,"行政院長劉兆玄宣布，要替蘇花公路蓋一條「達到高速公路水準」的替代道路，這到底是不是代表蘇花高復活？交通部長毛治國翻來覆去、咬文嚼字，承認是拿蘇花高，當作「底案探討」的基礎。
交通部長毛治國：「我們將來目標，基本上會放在南澳到和平這段，我們來改善它，如果我們直接針對蘇花路來修，我想環保上絕對過不了關，整個要搭邊坡、大開挖，所以要做這段勢必要走隧道的路，很可能會先把蘇花高那段，拿出來作為一個底案，我們來做探討的基礎。」",2008/07/06 17:31
https://news.tvbs.com.tw/politics/174280,切割蘇花高闖關　環保人士批囂張,"延宕10年的蘇花高，因為一直卡在環評爭議，遲遲沒有過關，於是政院這回選擇了環評中爭議最小的南澳到和平段優先動工，同時還以危險路段的「替代道路」這個名稱，來降低爭議性；對此環保人士痛批，政府違反環評法，這樣的做法太囂張。
環保人士文魯彬：「讓他們切開，等於是偷跑，囂張啦！但所有單位卻允許這麼做。」
行政院長劉兆玄宣布，推動蘇花公路危險路段替代道路，前環評委員文魯彬直言，一個強調節能減碳的政府，卻又鼓勵大家開車，作法兩相矛盾。文魯彬：「製造那麼多營建廢棄物，這些對氣候變遷影響非常大，何況你還鼓勵大家開車，太荒謬了。」
原定計畫中的蘇花高，交通部預計連通蘇澳、吉安兩地，全長86公里，不過延宕了10年，環差一直沒過，好不容易今年3月有條件通過，就蘇澳到崇德段，長60公里的山區路段可以優先動工，不料4月份的環評大會，卻以尊重新政府為由，全案退回交通部，等於蘇花高一案重新回到原點。
如今交通部針對爭議最小的南澳到和平段優先動工，要給東部民眾一條安全的道路，而根據國工局的規劃，這條替代道路將跟原先規劃的蘇花高一樣，沿著蘇花公路西側，以鑿山和架橋方式並行，南澳到和平長16公里，期間有2個長隧道，就施工難度不比雪隧輕鬆，即使現在動工，不花個6、7年，也很難貫通。
選擇了蘇花高中爭議最小的一段來優先動工，但是在名稱上卻又特別以「替代道路」來取代原本「蘇花高」這樣具爭議性的名稱，這樣的決策，能否獲得社會一致共識？至少環保人士已經投下了反對票。",2008/07/06 17:02
https://news.tvbs.com.tw/politics/174289,〈快訊〉劉揆拍板定案　決定興建蘇花高,"最新消息！爭議延宕許久的蘇花高速公路興建案，午間由行政院長劉兆玄，親自拍板宣布，決定立即開始興建！
延宕以久的蘇花高興建案，行政院長劉兆玄今天正式宣佈，為了讓花蓮人有一條可以平安回家的路，雖然有許多環保人士反對，但決定先從環評爭議比較小，以及最危險的路段，率先開始動工興建蘇花高，希望可以帶動東部地區的發展。
行政院長劉兆玄：「大家談了很久的，就是蘇花高速公路，各位在報導在媒體都看到，這個爭議非常多年的計畫，但是卻攸關東部的一個交通發展，非常重要的一個計畫，在委員們跟縣長交換意見當中呢，我們覺得，真的應當回應東部民眾，要有一條安全回家的路，這樣的一個訴求，我們應該盡快的來回應；
儘管這條高速公路在興建跟環評方面，仍然是有點膠著，但是我們在行政院、交通部這邊，做了深入的探討，所以我們決定說，一定要來回應大家講的，東部這樣的一個需求，所以我會把最危險的部分，經常會發生意外、發生車禍這個路段，同時這個路段也是在環評上、環保上，爭議比較小的這個路段，我們優先來推動。」
其實劉兆玄在過去交通部長任內的時候，就積極推動蘇花高的興建案，今天劉揆來到花蓮也拜訪了證嚴法師，是否就是談論相關議題不得而知，不過現場民代加上花蓮縣長謝深山大力提倡，所以才會在今天中午，迅速拍板定案，決定將在今年開始興建動工蘇花高。
不過這樣重大的決定，劉兆玄有沒有事先和馬總統商量過？馬總統面對媒體詢問，只揮了揮手，低調不予回應。",2008/07/06 13:00
https://news.tvbs.com.tw/politics/167344,蘇花高確定退回　丟交部重新研議,"爭議多時的蘇花高，到底該不該建？今天在環評大會中出現180度大逆轉，環評委員除了表示對許多疑慮尚未澄清外，經建會副主委張景森也說，應該叫由新政府來決定，因此環評大會最後做出決定，將整個報告「退回」交通部，蘇花高還蓋不蓋，交給新政府決定。
環保署副署長張子敬：「這個案子第一跟原計畫有變動，第二跟東永計畫有矛盾，第三還有一些專業意見沒有釐清，所以退回，補齊以後再來。」
延宕了10多年的蘇花高，到底該不該建？環評委員最終做出決定，將全案退回交通部。環評委員陳光祖：「這個是一條不歸路，開下去就是這樣，這是我很大的一個疑慮。」
除了環評委員的疑慮未解之外，經建會副主委張景森扮演重要關鍵角色。環評委員林素貞：「這個計畫不符合政策環評的最優，也和東永計畫有衝突，簡單的說政策不明而且搖擺不定。」
整場會議張景森一路保持緘默，一直到最後閉門會議才開口，希望蘇花高政策計畫應該重新來過。環保署長陳重信：「卸任前最後一次環評大會，做出退回的決定，這個你們可以去問經建會，張副主委講得很清楚，他說應該留給新政府。」
從上午8點開始，支持和反對的民眾聚集在環保署的門前，雙方隔著200多位警察相互嗆聲，如今環評大會做出決定，全案退回交通部重新規劃，蘇花高是否還有必要興建，將交由新政府來決定。",2008/04/25 13:16
https://news.tvbs.com.tw/politics/165156,建蘇花高？張景森：讓新政府決定,"經建會副主委張景森，在參加蘇花高環評會議時突然現身，建議蘇花高是否興建，應該留給新政府去決定。張景森今天面對立委質詢時強調，他認為馬英九政府對蘇花高要不要興建，既然有所保留，當然就交給新政府去決定，不過他也強調，他自己一直就是反對蘇花高興建，立場從未動搖。
一句不贊成興建蘇花高，經建會副主委張景森，再度成為立委抨擊的焦點。經建會副主委張景森：「我個人認為這新的當選總統，他對這個案子似乎有保留的意見，似乎啦，我應該這麼講，至少他是沒有公開說要建，假如說我們原來舊任政府，就不分青紅皂白就給他通過，那是不是你們又會說又造成他一個困擾，事實上我過去，在行政院內部的討論裡面，我一向是反對興建蘇花高。」
強調自己始終反對蘇花高，但立委質疑，是不是執政黨花東選的差，才過河拆橋，張景森的回應，很直接。立委林郁方：「特別是花蓮選的很糟糕，有點秋後算帳意氣用事？」張景森：「我從來沒有這種思考，因為我們在花蓮、台東，從以前到現在都是選得很糟糕。」
既然始終如一，那為什麼選前不說，現在才跳出來說真話這個節骨眼跳出來，已經讓張景森，成了火線人物。",2008/04/03 14:32
https://news.tvbs.com.tw/politics/165013,尷尬！立委求蓋蘇花高　馬笑拒回應,"總統當選人馬英九下午人在台東緊接著到晚上當花蓮，不過，在台下滿滿數千花蓮民眾，當場立委傅崑萁出其不意，台上致詞時，公開懇求準總統馬英九支持興建蘇花高，還向馬英九拜託加鞠躬，馬英九笑笑就是沒有回應，當場有些尷尬。
真的是寸步難行了，新出爐的馬總統，到台灣後山感恩謝票，一路都是這樣。
總統好喊得震天響，希望馬總統有求必應，這趟來到花蓮，敏感的蘇花高蓋不蓋，花蓮人也要他給答案。國民黨立委傅崑萁：「今天在環保署很多反對的聲音，但是初審，蘇花高的初審，今天正式確認通過蘇花高，今天在這裡，再次再次向馬總統懇求，給花蓮人一條平安回家的路，深深一鞠躬，拜託你。」
花蓮立委當場跟馬總統要求蘇花高政策兌現，還懇求再加鞠躬，馬英九笑笑，這個難題沒有回應，倒是想跟準總統拍照，來者不拒。
馬總統成了活招牌，拍完就往右邊衝，原來他是站好定點，跟拍完照的民眾握手，而且數千人通通輪得到。
簡直成了機器人，拍完照再見加握手，這個動作，馬英九連續進行將近兩小時，看來當總統並不輕鬆。",2008/04/02 23:06
https://news.tvbs.com.tw/politics/165052,蘇花高大翻案　燙手山芋丟新政府,"扁政府8年來，一路支持興建蘇花高，不過在倒數關鍵的環評會議中，從來沒出席過的環評委員之一，經建會主委張景森卻突然列席，而且說不贊成興建，希望整個案子退回交通部；張景森強調，不能剝奪新政府的決策空間，整個政策大翻案，360度的轉彎，言下之意，整個燙手山芋馬政府得全數承接。
場外環保團體舉牌，抗議蘇花高興建！場內這時也不輕鬆，因為從沒出席的經建會副主委張景森首度露面，竟然就丟了超級震撼彈。
經建會副主委張景森：「這個是在剝奪，新政府的合理決策空間，所以我建議交通部，應該就計畫變動的部分，來盡速的辦理修正，修正完以後再去重新說服『新』的行政院。」
不但建議案子退回交通部，還把燙手山芋全丟給新政府，突然表明反對，讓現場傻眼又尷尬，張景森話一說完還快閃走人。張景森：「看守政府的期間，不宜做重大的意見。」環保團體：「張副主委加油！」
記者：「這是代表總統的意見嗎？」張景森：「怎麼可能代表誰的意見，我代表我個人意見而已，我是以環評委員的身分，來參加這個會議，而它只代表我個人的意見而已。」
記者：「可是副主委，似乎你之前好像都沒有出席，但是一出席就出現這樣的言論。」張景森：「下次可能沒有機會再出席啦！」
只是8年來，扁政府一路支持興建，選前3月3日的環差分析會議，好不容易說服環評委員有條件通過，如今交接節骨眼，來了這場大翻盤戲碼，贊成、反對兩派，感受大不同。環評委員：「你讓大家都覺得，是被耍了，我蠻驚訝的，所以我為什麼還說，張副主委總算有專業良知，跟道德良知了。」
東部聯合服務中心黃憲東：「他是經建會官方代表的身分，怎麼可以說是個人的意見呢，他今天是在跟誰表態呢？」
選前不說，選後態度才大轉彎，會議最終沒有共識，如今蘇花高蓋不蓋，再度充滿無限變數。",2008/04/02 13:48
https://news.tvbs.com.tw/politics/501878,環評委員罷審　蘇花高無限期擱置,"延宕多時的蘇花高，現在又起波瀾，原本在這個月3日已經有條件通過的環評案，距離過關只剩最後一步，沒想到立委傅崐萁，在立院中質疑環評委員圖利財團，這段話引發環評委員不滿，昨天做出決議，無限期擱置蘇花高環評案，而這也是國內施行環評制度以來，首宗罷審案例。
趕在確認會議通過前，環評委員在大會中做出決議，無限期擱置蘇花高環評案，原因就出在傅崐萁委員的這番質詢。
立委傅崐萁(97.03.07)：「全世界都拒絕的燃煤火力發電廠，財團的，是蘇花高污染源的179倍，在貴院通過，環保署通過，179倍的污染，同一批環評委員，財團的可以通過，老百姓走的路不能通過。」
針對污染量更高的和平電廠卻能先一步通過審查，傅崐萁質疑圖利財團。立委傅崐萁(97.03.07)：「財團的利益可以直達天聽，這要送特偵組，為何環評委員可以讓他通過。」
不滿傅崐萁委員的指控，環評委員決議，在清白未獲平反前，無限期擱置蘇花高環評案，爭議多時的蘇花高，在本月3日有條件的通過環境差異分析，距離過關只剩最後一步，現在卻因為這樁環評制度上首宗罷審風波，勢必得再無限期延宕。",2008/03/15 13:40
https://news.tvbs.com.tw/politics/162738,社運團體麻辣提問　挑戰謝長廷,"民進黨總統候選人謝長廷，下午和社運團體座談，謝長廷首度明確表態，說他不支持興建蘇花高；還有外省族群代表直接挑了省籍問題，當面問謝長廷該如何解決？謝長廷在這場另類的公民提問當中，有問必答，來看他怎麼接招。
難得的機會，社運團體準備好資料提問，一開始外省族群代表，馬上就挑中族群議題的敏感神經，挑戰謝長廷。
外省台灣人協會總幹事黃洛斐：「如何在施政上兼顧各族群，經驗與價值觀異同？」
民進黨總統候選人謝長廷：「選舉要少一點，我認為每一年都有選舉，真的沒辦法，我們台灣沒辦法，政治談話節目不要太多啦，選舉過後就不要太多，不要有那麼多談話節目，就比較有統一的價值。」
儘管謝長廷經過2場辯論、3場見證發表，社運代表專挑他們認為謝長廷沒說清楚的，包括拆除大中至正牌匾的爭議。
黃洛斐：「粗暴的對待不同歷史，不同族群歷史記憶的事件發生，無論是之前中央政府，在處理中正紀念堂？」
謝長廷：「轉型正義在我來看，是善有善報，惡有惡報，這是手段的問題，大方向倒沒有覺得不對。」
也有人直接拿蘇花高該不該興建？要謝長廷表態。謝長廷：「我是主張要反建的，我是講反建，基本上我是認為對環保是不利的，對工程是不利的。」
社運代表麻辣提問，謝長廷一一解答，期待用他的誠意，讓社運團體轉化為最實際的行動支持。",2008/03/10 20:32
https://news.tvbs.com.tw/politics/162173,蘇花高環評過　綠黨批為扁背書,"蘇花高環保有條件通過後，立刻引起環保團體反彈，今天就有綠黨的成員跑到馬謝2個總部前陳情，對此，謝長廷只強調，東岸不應該複製西岸的發展模式，到底該不該開發，謝長廷則沒有多說，至於馬英九則是認為，看守內閣實在不適宜做這樣的決策。
蘇花高環評初審通過，綠黨成員急著跑到馬謝兩人的競選總部，要他們說個明白。綠黨秘書長潘翰聲：「陳水扁總統，一個跛腳的總統，在這裡做成這麼大的一個改變。」
爭議不斷的蘇花高，3次環評都沒過，環保署突然放行，是不是表示蘇花高即將要動工？環保署長陳重信：「要不要動工，還是要看委員大會再來決定。」記者：「為什麼在這個時機點，一般不是都需要3個月審查嗎？」陳重信：「沒有所謂一般3個月審查，這個事情。」
只是蘇花高環評初審通過的時機太敏感，就在總統大選的倒數時刻，國民黨總統候選人馬英九也有意見。國民黨總統候選人馬英九：「一個看守政府，在這個時候，對這類的議題，一定要很謹慎的處理，尤其是看守政府，老是在這方面做一些大動作，我覺得是不適當的。」
民進黨總統候選人謝長廷：「就大方向來講，我個人是覺得，應該是東部就不要再拷貝西部的這樣的經驗。」
張揆強調興建蘇花高會分兩階段進行，只不過，興建看來已經是勢在必行。",2008/03/04 10:22
https://news.tvbs.com.tw/politics/162028,爭議逾10年　蘇花高選前可能過關,"延宕多時的蘇花高興建案，下午有了重大發展，環保署在進行了一整天的專案審查後，有條件的通過蘇花高的興建案，未來只需補件後，送交環評會大會確認，蘇花高就算正式過關。
備受爭議的蘇花高，因為路線變更以及超過3年未動工等因素，這幾年都卡在環境差異分析的報告上，下午環保署召開的專案審查會議，有條件的通過蘇花高的興建案，包括應以蘇澳到崇德間的山區路段為優先。
至於崇德路段以南的平原路段，則還需提出對環境影響衝擊的評估報告，而蘇花高通過了專案審查，只要交通部能夠及時補件，最快3月份送交大會確認，蘇花高就算正式過關！",2008/03/03 17:25
https://news.tvbs.com.tw/politics/307575,花蓮媒體促建蘇花高　馬：看環評,"國民黨總統參選人馬英九，昨天在花蓮和媒體茶敘，遇上當地記者連番催促興建蘇花高，馬英九還是沒給肯定答案，說還是要尊重環評結果，不過，這樣的答案顯然跟當地立委參選人有落差，因為國親共同提名的立委傅崑萁，已經在他的文宣上，喊出了要動工蘇花高，讓在現場的他，臉色很難看。
和未來可能的總統茶敘，花蓮媒體劈頭問的，就是蘇花高。花蓮地方媒體：「您是否可以公開宣佈，今天在這個地方宣佈，只要您當選總統，保證在您的第一任總統任期內，就可以動工興建蘇花高，台灣環島鐵路網，已經由經國先生建立連結起來了，您願意將台環島高速公路，建立連結起來嗎？」
連前總統蔣經國都被搬出來，馬英九低著頭猛做筆記，偶爾喝口飲料，大部分時間看著記者發問，一開口有備而來。國民黨統參選人馬英九：「我們一定會尊重環境查驗分析的結果，我們不能把花蓮所有的希望都寄託在10年以後情況，當你要建的時候，就不要重蹈以前西部建設所犯的錯誤啊，我在這裡把我的心掏出來，告訴我們花蓮的鄉親，台北市過去發展已經碰到的瓶頸、碰到的錯誤不要再重複，錯誤不要再重複的犯。」
動之以情、說之以理，建或不建馬英九要等待環評，一旁已經在文宣上要動工蘇花高的親民黨立委傅崑萁，得不到馬英九的背書，選票壓力心情寫在臉上；小小的茶敘會場，瀰漫著微妙的尷尬氣氛。",2007/10/20 08:38
https://news.tvbs.com.tw/politics/307824,〈獨家〉馬蘇花高立場　10年不急先拼經濟,"國民黨總統參選人馬英九Long Stay到花蓮，無可迴避的將面對高度敏感的蘇花高爭議；馬英九將在19日正式定調，根據TVBS掌握的消息，馬英九的答案是尊重環評結果，並強調花蓮在10年內，最需要的不是蘇花高，應該促進經濟發展，不過，我們記者卻發現，有候選人迫不及待，已經掛出馬英九挺興建蘇花高的看板。
濱長公路往花蓮方向，爭取連任的藍軍立委傅崐萁架設的大看板，畫了一個大餅─動工蘇花高，上頭有馬英九的照片，這也是馬英九對蘇花高興建與否的正式態度嗎？馬英九辦公室發言人羅智強：「蘇花高的問題，是非常複雜，很難用所謂的二分方式去回答這個問題，他也有一個初步的想法，馬英九先生很快就會把這個想法跟大家說。」
贊成還是反對？馬英九說，都不是答案，根據了解，馬英九在19日正式宣示，花蓮在未來10年，最需要的不是蘇花高，不過也沒說不建，答案是目前還在進行環境差異分析的情況下，尊重最終環評結果，同時有效發揮現有資源。
為了要表示，馬英九是在兼顧各方意見，站在國家高度，思考台灣中長程的佈局，在定調的方案中，延續兩岸直航、開放陸客來台觀光的政見，首重經濟發展，將目標放在改善現有蘇花公路的安全，其中砂石車東砂西運，考慮更大規模，以海運的方式，替代陸路交通，並且把鐵路結合花蓮觀光，以更精緻的規劃，吸引旅客，這樣的想法不知道花蓮人支不支持？
事實上，馬營內部正反意見爭論多時，一直沒有答案，隨著馬英九的Long Stay走到東台灣，勢必無可迴避，但建與不建，都對選票造成衝擊的情況下，馬英九定調，尊重環評的結果，符合馬式風格，也突顯在選前兩邊都不能得罪的處境。",2007/10/17 19:53
https://news.tvbs.com.tw/local/315184,球員兼裁判？　環盟批：環評已死,"第7屆的環評委員今天召開第一次會議，包括蘇花高、國光石化等重大建設能否過關，都是本會期的審查重點，環保團體擔心這一屆的委員名單，沒有民間團體的制衡，恐怕淪為幫政府背書的橡皮圖章，上午環盟捧著花籃前來抗議，哀悼環評已死。
送上一對花籃，上頭寫著「環評已死，一別千古」，少了民間團體的制衡，環保團體擔心，環評已經淪為幫政府背書的橡皮圖章。環保團體：「橡皮圖章用不盡，球員裁判一家親。」
包括了蘇花高、彰發電廠等敏感議題，都是本屆審查的重點，面對外界的質疑聲浪，新科環評委員坦承壓力確實不小。環評委員李育明：「壓力當然有，你們這麼多麥克風當然會有壓力。」環評委員陳鎮東：「橡皮圖章，大家心中有一把尺，要對得起自己良心、對得起專業。」
第一次走馬上任就碰上環保團體前來嗆聲，如何在環境保護和經濟發展中找到一個平衡點，這些委員心中自有一把尺。",2007/08/10 13:12
https://news.tvbs.com.tw/politics/316769,新環委無環團人士　文魯彬遭剔除,"昨天才公佈的新任環評委員讓外界一陣譁然，因為新任環評委員中，竟然沒有一位環保團體代表上榜！換句話說，曾經在蘇花高等重大開發案中，被視為經濟絆腳石的環保團體，全部出局；其中一位文魯彬，這位美裔台灣人，30年為台灣環保運動而奔走，這次被剔除環評委員名單之外，文魯彬透漏他開始對台灣生態保護感到不樂觀！
走進文魯彬工作室，正職「律師」的文魯彬書架上，最多的是生態書籍，而最常用的工具書是這本台灣地圖。律師文魯彬(前任環評委員)：「從苗栗一直到台南這邊的都會出現(海豚)，預估只有100隻。」
海豚保育現在是文魯彬手上進行中其中一個案子；文魯彬住在台灣超過30年，從反核四、雲林焚化爐、蘇花高等等，台灣重大環保事件，他都不曾缺席。
這樣的印象，在大財團、在官方面臨重大開發案，文魯彬就是個頭痛角色，而文魯彬2年的環評委員工作沒有再連任。文魯彬：「我是應該心裡已經知道，我這段時間，像我1年前，我到環保署，環評科的科長很討厭我，連跟我講話都不講話，我最擔心，新的環評委員太天真了！」
因為包括這位美裔台灣人文魯彬在內，5位環保團體代表全數出局。環保署長陳重信：「一些委員並沒有在被遴選的委員所推薦的名單中，我尊重我們的遴選委員，遴選委員會的選擇。」
但是依舊止不住批評聲浪，因為外界擔憂環境保護真正守門人不見了，就怕文魯彬擔心台灣生態的浩劫有一天會成真！",2007/07/26 18:48
https://news.tvbs.com.tw/life/325272,讚嘆「福爾摩沙」　文魯彬環評奔走30載,"土城看守所即將搬遷，而今天參與環境評估的委員中，有一個人受到矚目，他叫做文魯彬，是名美國人，同時也是環境評估組織的創辦人，就憑著一股愛台灣自然生態的熱情，包括蘇花高，樂生療養院拆除案，都可以見到他的身影。
短褲、T恤、涼鞋，他是美國人，名字叫做文魯彬，他不但是一家律師事務所的負責人，同時還成立環境評估委員會，雖然這個是民間組織，不過在國內的重大工程建設，都可以見到他的蹤影。
而最有名的就是蘇花高速公路興建案，以及抗議拆除樂生療養院，民國66年來台，原本計畫只待半年，沒想到台灣的好山好水，讓他一住就是30載。環保署環評委員文魯彬：「台灣人這麼…這麼好，台灣的動植物這麼豐富，這裡真的很難得，台灣的多樣性很高，台灣是非常有活力的。」
看多了紐約都市叢林的冷漠，文魯彬更珍惜台灣一片又一片綠地的生機，不希望有人恣意破壞。文魯彬：「做環保的有一句話，叫『預警原則』，就是說你要慢慢觀察，你要改變環境，你就先要很了解。」
除了熱衷生態平衡，文魯彬也曾經融入台灣的選舉文化，上街頭替陳水扁總統拉票，儘管如此，並不代表他就支持政府所有的重大建設開發，因為他說，生態環境一旦被破壞了，就很難補救回來，3年前，歸化中華民國國籍，繼續為環保奔走。
◎資料畫面",2007/05/09 19:11
https://news.tvbs.com.tw/politics/325597,各地都有狀況！　高雄還傳賄選,"民進黨黨內初選，今天狀況不斷，首先是在高雄第二選區，傳聞有候選人的樁腳疑似賄選，已經遭到檢調約談，還有民眾沒有黨証，卻想闖關投票，花蓮選區也有狀況，有情緒不滿的民眾，疑似因為政府遲遲不蓋蘇花高，所以他自備印章，把髒話，蓋在選票上。
民進黨初選，蘇謝殺紅眼，底下同志選立委，也是捉對廝殺 高雄市第二選區，傳出疑似賄選和電話人頭疑雲，兩邊對手互相質疑對方耍花樣，嗅的出，濃濃火藥味。立委管碧玲：「我不想講太負面啦，我只能夠講說自主黨員的人數，本來就比較少。」
記者：「市調站去你那抱電腦？」立委劉俊雄：「我想喔，這是到選舉時，進入最後的階段喔，做賊喊抓賊的心態，自己貪污的人喔，都說別人貪污，我想大家都可以理解。」
檢察官疑似查到賄選情事，從3位樁腳身上，搜出的文件，助選員是為蘇貞昌和劉俊雄拉票。
而選舉作弊傳聞不斷的，還有嘉義，傳出有選民企圖拿他人黨証想投票，讓立委蔡啟芳和林國慶，槓上了。不說話就是不說話，一群大男人就這樣對坐，默默無語，眼見氣氛尷尬到極點，立院小寶先開了口。立委蔡啟芳：「沒有怎麼樣啦，黨證拿錯了，當然被人家趕出來，趕出來就好了啊。」
立委林國慶：「這種假冒人頭來投票的，10點發生，我11點問縣黨部主委，他有沒有了解，他竟然說他沒有得到消息，顯然這個選務工作，已經出現了瑕疵。」
但不要以為，狀況只有這些，花蓮還有民眾投廢票，大大一張選票上，蓋著一個「干」字，罵人的髒話簡體，還要費心作成印章，黨部猜測，可能是有黨員不滿蘇花高遲遲未興建，還自備印章洩憤。而各地狀況不斷，也讓選舉多了幾分，茶餘飯後話題。",2007/05/06 23:07
https://news.tvbs.com.tw/life/325751,蘇花高／反蘇花高遭嗆　嚴長壽：要永續環保,"前天花蓮人群集北上抗議，還特別包圍亞都麗緻飯店，當天選擇低調處理的總裁嚴長壽，今天接受TVBS訪問，強調反對興建蘇花高，並不是和花蓮人對抗，他也了解交通對花東的重要性，只是還要從環保角度，考慮永續經營。
花蓮民眾北上抗議後2天，亞都麗緻總裁嚴長壽，出席社區講座，決定停下腳步，溫和聲明。亞都麗緻飯店總裁嚴長壽：「都非常關懷花蓮，所以絕對不是跟花蓮人對抗，不單單是這樣而已，是考慮到花蓮永續發展，對我來講一點都不見怪。」
上個月，嚴長壽以「花東人要碗盤，卻給電視機」的比喻，向政府反對興建蘇花高，結果讓經營的飯店被花蓮人包圍，抗議一行人進飯店借廁所，立委傅崑萁還包了1千元給門房當小費。
當天選擇不露面對質的嚴長壽，一笑置之。嚴長壽：「我想大概是傅委員的好意吧，如果是花蓮人，局部的人哦有這樣的想法，我也可以了解，因為這個交通的確是很重要的問題，所以我一直呼籲政府，要立即解決交通的問題，但是現在有環保的角度，當然儘可能不是10年以後，是今天就要解決交通的問題。」
飯店教父，因為反對興建蘇花高，意外成了被抗議的對象，嚴長壽沒有動怒，堅持和文化產業站一起捍衛生態，他週末馬不停蹄，選擇到處演講宣揚理念，希望用包容化解對立。",2007/05/05 12:14
https://news.tvbs.com.tw/life/325804,蘇花高／蘇花高建不建　兩代花蓮人意見分歧,"蘇花高速公路要不要興建，正反意見持續拉鋸，TVBS調查報導，實地到花蓮，聽聽民眾的意見，其實大多數在花蓮謀生的民眾，都希望從外地回家的路，可以更順暢，主張興建蘇花高，但也有一群在台北的花蓮大學生，對蘇花高持反面看法，希望花蓮能保有現在的面貌。
抗議民眾：「我要蘇花高！」
花蓮人從蘇花公路，搭車來台北，發出心中的吶喊，但是一樣在台北，另一群花蓮人，聲音大不同；這是一群土生土長的花蓮子弟，他們都在台北求學，他們總是要經由蘇花公路回家鄉，但是他們卻樂此不疲。
旅北花蓮學生蔡中岳：「我大概小的時候就常常走，其實蘇花公路，一直在改善，它一直有在改善，所以它已經變得大概跟…，10年前的蘇花公路，跟現在的蘇花公路，已經是不一樣的狀況，它的速度已經可以加快很多了。」
在台北唸大學的蔡中岳，組織起花蓮子弟，反對蘇花高。旅北花蓮學生蔡中岳：「因為我們現在在西部唸書，在台北市唸書，每天那生活步調，跟那生活節奏，是非常(快)，以我在花蓮的腳步，是沒辦法來適應，這個地方的，所以我覺得說，我們花蓮本來就是擁有這些自然的東西，擁有這些這麼好的資源的時候，我們加強人文。」
蔡中岳還自己針對花蓮學生族群做民調，發現年輕學子反對的，佔了半數以上，不過蔡中岳也知道，這和在花蓮工作，主流民意的落差非常大，這是一間花蓮的海產店，一群中年的花蓮人，七嘴八舌談論蘇花高，他們的共同經驗，都是在蘇花公路上經歷過生死瞬間。
名產業者劉瑞祈：「下大雨2天就落石，地震也會，颱風天耶。」糕點業者陳阿財：「地震也會落石！」
反對蘇花高的人說，花蓮人可以搭火車，政府也可以花錢，改善鐵路品質，只是他們覺得，這替代方案行不通。賞鯨業者邱錫棟：「你太魯閣號，你半夜，我問他們，半夜會開太魯閣號，給我坐嗎？不會啊，所以它方便性跟一條高速公路，是不能相比的。」名產業者劉瑞祈：「你如果坐飛機，一家4口來回機票，(一人)3千多元喔，一家4口就要1萬2千多元。」
我們在中午過後，來到花蓮機場，大廳空空蕩蕩，幾年前擴建完成的機場，設備新穎，但是機票價格太貴，花蓮人似乎也不常使用，因為他們真的想要和西部一樣，有條好走的高速公路。
賞鯨業者邱錫棟：「開了一條蘇花高，能破壞多少生態，但是它的利益有多大，它能建設整個花東地區，這麼大的一個幅員，能造就多少人的幸福。」
海產店業者林金順：「不要每次都是到選舉，就來說要做蘇花高，要來做什麼，其實這實在是，可以中央就直接做的。」
守在花蓮的花蓮人，要行的便利，旅外的年輕世代，卻要保留家鄉原來的味道，同樣一條回家的路，兩種不同心情。
TVBS調查報導，針對蘇花高速公路興建爭議，製作的系列報導，將在明天(5日)下午3點，以及晚上9點鐘，完整播出請您持續鎖定。",2007/05/04 19:32
https://news.tvbs.com.tw/life/325917,蘇花高／36小時過期　麻糬業者盼望通路順,"花蓮名產「手工麻糬」，它的保存期限，只有短短36小時，各地幾乎沒有分店，只有花蓮買得到；但是台北旅客從花蓮帶手工麻糬回台北，通常沒剩下幾個小時就會過期，要嚐鮮就得近早送到台北，今天蘇花高行不行調查報導，就要帶您去看看，花蓮的名產業者，對蘇花高開通，有怎麼樣的期待。
花蓮名產手工麻糬，一定現做現賣，就連麻糬皮，握在手中的時間，業者都經過仔細計算。店長黃振杰：「它在手上的時間，不能過久，過久的話，它會造成捏合過度的話，會造成它的皮越來越Q，就是超過我們正常食用範圍。」
店員的手沒有停過，因為平常日一家門市，就要賣掉5千顆麻糬，到了連續假期，每天賣1萬顆，都還算小兒科；業者按照傳統的方式做麻糬，卻也讓麻糬的嚐鮮期，只有短短36個小時。
店員：「您好，我們的手工麻糬，要在明天晚上12點，以前吃完，如果沒有吃完的話，可以放在冷凍，可以多保存3天，要吃的時候拿出來退冰，小火油煎或是微波加熱。」
擺幾天再吃，又要煎、又要烤，業者也知道，客人很難為了吃麻糬，耗這麼大功夫，所以怎麼讓麻糬，快速送到消費者家裡，成了業者的難題。店長黃振杰：「其實我們滿期待蘇花高。」
為了拓展通路，業者開始專車宅配，送貨到府，他們樂觀評估，蘇花高一開，現在一天只能跑一趟的宅配車，有機會多跑幾回。店長黃振杰：「宅配通貨是宅急便，他們變成可以一天收2次件，就相對減少顧客等待期間，蘇花只要路斷掉，我東西只有2天保存期間，所以我會直接跟顧客講說，我們等到路通了，再幫你寄出去。」
夏禹九：「花蓮有一條高速公路，你還是沒有一些產業會來花蓮，那麼花蓮就業機會，其實也還是侷限於一些旅遊業的就業機會。」
花蓮真的沒有產業，需要蘇花高嗎？店長黃振杰：「路途長遠，包含在廠商運送成本，它如果可以縮短時間，其實北部、中部有一些(便宜)原料，就可以透過這管道，進到花蓮，它相對競爭力也會加大。」
花蓮薯、剝皮辣椒，滿街各式各樣名產店業者，不想一天到晚看天吃飯，他們要一條穩定的商業觀光通路賺錢做生意。
根據花蓮縣政府民調，有高達7成8的花蓮縣民，希望興建蘇花高速公路，明天最後一集蘇花高行不行調查報導，要帶您從花蓮人的角度，聽聽他們的心聲，看看花蓮人是不是都贊成。",2007/05/03 19:35
https://news.tvbs.com.tw/life/325925,蘇花高／抗議嚴長壽　花蓮鄉親登門踢館,"支持蘇花高的花蓮鄉民，最後一站就是前往亞都麗緻飯店，以上廁所為名，向多次發表反對蘇花高興建的，亞都麗緻總裁嚴長壽抗議。結果警方在飯店門口不讓民眾下車，最後是讓立委進飯店上廁所，透過媒體大罵嚴長壽，要嚴長壽閉嘴！
抗議民眾要來找嚴長壽，結果警方不讓他們下車。立委傅$u23824;萁一聽到嚴長壽不在飯店裡，氣得破口大罵。親民黨立委傅$u23824;萁：「他憑什麼天天在那邊喊？」警方：「他跟亞都沒有關係。」傅$u23824;萁：「什麼跟亞都沒關係，嚴長壽不是在亞都？」警方：「那是嚴長壽他個人的意見。」傅$u23824;萁：「那你叫亞都出來。」
警方優勢警力重重包圍亞都麗緻飯店，抗議民眾根本無法接近，只有立委傅焜萁如願以償進去上廁所。傅$u23824;萁：「一個龜縮的嚴長壽，敢罵人不敢出來，這是一個男人的作風嗎？嚴長壽你是男人嗎？請你趕快出來，面對弱勢的後山鄉親，一個弱勢地方，期盼了數十年的一項建設，可以經由一個他們僱請的人，這樣子的侮辱批評，也直接影響到亞都的聲譽，我們在這裡呼籲亞都飯店，不能用的人你不要用，尤其不關你們家的事，千萬不要欺負弱勢團體。」
為了蘇花高，花蓮民眾一整天北上抗議，他們要傳達另一種不同的聲音。",2007/05/03 19:00
https://news.tvbs.com.tw/life/325955,蘇花高／「我要蘇花高！」　警民爆3波拉扯,"為了爭取蘇花高，3千多名花蓮鄉親一早就到總統府前集結，表達訴求，下午沿著中山南路步行到行政院，途中和警方爆發2度拉扯，到了行政院門口，花蓮鄉親企圖衝進行政院，現場和維持秩序的警力，爆發衝突，所幸沒人受傷。
推擠、拉扯、吶喊，想要衝進行政院，花蓮鄉親企圖衝破警方這條防護線；肢體拉扯中，連警方的警告標語都被扯壞，為了爭取興建蘇花高，花蓮鄉親一大早就在總統府集合，帶斗笠、頂艷陽，步行到行政院。
台北市忠孝西派出所長林介銘：「你的行為已違反集會遊行法，我現在第一次舉牌警告，命令解散！立即停止！中華民國…。」
無懼警方舉牌抗議，隊伍繼續挺進；警方完全壓制不了脫序的遊行，肢體衝突一波接一波。林介銘：「傅焜萁先生，我第二次命令解散，請你不要繼續違法！」
再度衝破人力單薄的警力人牆，白布紅字，訴求的聲浪，沿著中山南路喊叫；花蓮鄉親要給行政院長蘇貞昌最後通牒，年底蘇花高再不動工，絕不善罷甘休！",2007/05/03 15:10
https://news.tvbs.com.tw/life/325970,蘇花高／護花少年少女　著制服「反」蘇花高,"在花蓮長大的上班族以及大學生，今天在台北集結，穿起花蓮高中制服，組成「護花少年少女」，要「大人」們冷靜思考，光是一條高速公路，並不會為花蓮帶來繁榮，他們手拿東海岸的野百合，唱起花蓮校園歌曲「回憶」，甚至還有花蓮媳婦，抱著7個月大的小女娃，說要為下一代負責。
穿上塵封以久的畢業制服，他們曾經都是花蓮高中、花蓮女中的學生，要上學的翹課，要上班的請假。護花少年少女青年行動聯盟：「我們是花蓮青年，我們拒絕蘇花高。」
唱著花蓮人都會哼的校園歌曲「回憶」，這群學子不希望家鄉「只」變成回憶。護花少年少女青年行動聯盟：「往事多少，往事多少，在春閨夢裡。」
拿著東部海岸最美的特產─野百合，清水斷崖的碧海藍天，就掛在牆上，按下快門的，是太魯閣族剛畢業的大學生，反對蘇花高的不只有在地人，這位花蓮媳婦，3年前騎著單車，在花蓮與另一半相識相戀。花蓮高中畢業生蔡中岳：「我們花蓮需要，非常多的基礎建設，而不是這麼樣一個大型的公路，以為一條公路過來，我們花蓮人的基本生計，我們花蓮人的各項問題，都可以解決。」
護花少年少女青年行動聯盟：「幾度花飛楊柳青，征人何時歸。」
花蓮媳婦丁雅俞：「如果台灣的政府，一直持續在做環境的破壞，我會帶著她(女兒)，四處去做這樣子的抗議活動，因為我們必須要為下一代負責。」
抱著7個月大的女兒，祖孫三代也來聲援，連署簽名反對的紙條，已經變成另一種海浪，拍打著正反兩邊。",2007/05/03 13:04
https://news.tvbs.com.tw/politics/325988,「上廁所」抗議　嚴長壽亞都麗緻警戒,"因為亞都麗緻飯店總裁嚴長壽，公開反對興建蘇花高，今天上萬名花蓮群眾北上抗議，特別要遊行到亞都麗緻上廁所，要嚴長壽出面，聽聽花蓮人的心聲，亞都麗緻飯店一早就開始加派人力。
拍照巡視，亞都麗緻飯店一早，氣氛就不尋常，因為花蓮號召上萬名群眾，北上搶救蘇花高，抗議亞都麗緻飯店總裁嚴長壽公開反對興建，群眾還要從總統府徒步到亞都麗緻上廁所，企圖癱瘓飯店運作。
亞都麗緻總裁特助梁玉立：「加派人力當然只有一點點，但是也是我們自己的值班同事，他們的班有稍微輪調一下，希望說今天的客人進出，然後用餐或住宿，都很順利，跟平常一樣。」
儘管嚴長壽先前致電要求花蓮鄉親別到亞都麗緻抗爭，但花蓮人還是希望，嚴長壽敢反對就該有勇氣面對抗爭，不過據了解，嚴長壽早上沒進飯店，下午才會現身出席例行會議。
飯店方面，雖然加派10人輪班應付遊行人潮，但還是擔心抗爭會影響5、60人的用餐，住房率高達9成的亞都麗緻，歐美和日本客居多數，包括員工飯店內至少有3、4百人，抗爭會造成多大衝擊，亞都麗緻靜觀其變。",2007/05/03 11:55
https://news.tvbs.com.tw/life/326024,蘇花高／雪隧經驗　環保人士憂太魯閣生態,"就在花蓮地方一片期待蘇花高的聲浪中，也有不少花蓮當地的環保人士，強力反對這條大家眼中的公路。今天TVBS蘇花高行不行調查報導，就要帶您到花蓮清水斷崖，由土生土長的花蓮人，告訴你他眼中的花蓮有多美，以及他反對蘇花高速公路興建的理由。
清水斷崖是花蓮環保聯盟會長，鍾寶珠最喜歡的花蓮海岸。花蓮環保聯盟會長鍾寶珠：「當你站在這個這麼漂亮的太平洋的海邊，清水斷崖之下，那聽著這個太平洋的濤聲，你就會覺得你在台北的疲憊，就一掃而空，你會覺得此刻，你是非常幸福的。」
鍾寶珠要捍衛這裡的美，所以帶我們去看過去留在蘇花公路上的傷痕。鍾寶珠：「這個是北迴鐵路的橫坑，那這個橫坑，基本上就是要排放廢氣，或者是萬一有危險，事件發生，那我們可以想像就是說，高速公路它有40幾公里的隧道，類似這樣的橫坑，就是要排放廢氣。」
這個長滿雜草的橫坑，是過去北迴鐵路興建，基於安全考量挖出來洞，蘇花高長達42公里的隧道區，終點就靠近清水斷崖，一旦動工，通氣和逃生用的橫坑，不知道要增加多少。
類似的坑洞，在東海岸的山壁上，其實在清水斷崖邊，蘇花高預定要開挖一個10公里長，規模接近雪山隧道的大山洞，這裡和太魯閣國家公園，相距不過幾公里，如果施工影響了水紋，生態浩劫難以想像。
鍾寶珠：「這施工黑暗期，是對國家公園生態景觀來講，是非常嚴重的(傷害)，而且萬一它切斷，很重要水脈的時候，對我們這個台灣特有種的動植物，大概有數十種，我覺得這都會是很嚴重衝擊。」
從鍾寶珠的觀點推論，如果水脈斷了，整個中央山脈東側的植物，會活不下去，靠這些枝葉維生的動物，也面臨食物短缺，太魯閣的美景，也有消失的一天。鍾寶珠：「花蓮的發展，不可能靠一條高速公路，反而是應該把花蓮，這個豐富的人文自然資源保留下來，當作是我們發展的資產，中央並不是不知道我們的想法，只是說這條公路，到最後就變成是一個政治鬥爭的一個工具吧。」
講了10多年的蘇花高，在環保人士眼中，除了政治操作，似乎少了理性論辯的空間。TVBS記者楊鎮全：「擁有世界級景色的 太魯閣國家公園，因為蘇花高速公路的興建計畫，讓不少人憂心，這裡的生態會因為交通的便利，帶來重大的衝擊。」
雖然花蓮環保人士憂心蘇花高，可能給花蓮帶來災難，但花蓮的產業對這條公路，又有不同觀點，明天我們要帶您去看，花蓮著名的手工麻糬業者，對蘇花高開通，有多麼期待。",2007/05/02 19:31
https://news.tvbs.com.tw/life/326151,蘇花高／交通不便　花蓮觀光業期待蘇花高,"佔全台土地1/7的花蓮縣，人口只有36萬人，主要的經濟來源，都倚賴當地的觀光業，但是西半部的遊客，往來花蓮，車程都得耗掉5個小時；所以花蓮觀的光業者就很希望，蘇花高速公路，可以趕快動工，但是有學者就提出警告，一旦蘇花高通了，花蓮現在的美，就徹底被摧毀了，來看看我們的調查報導。
不論是搭纜車、開碰碰船，還驚險刺激的海盜船，週末的海洋公園，每個角落都熱鬧，但我們把時間倒轉48小時，這個時間是星期四下午，舞者賣力演出，但是聚集在這欣賞的遊客卻不到30人，偌大的園區裡角落，也只看見兩三個人散步。
不過最明顯的差別在這裡，星期四的下午，業者強打的海豚秀，現場不到100人，座位區 空空蕩蕩，但是週末的海豚秀，現場2500個位子，至少坐了8成；平常沒人來，假日卻塞到爆，業者把業績成長，寄望在蘇花高速公路上。
觀光業者李成麗：「如果說你不塞車，你平常你光來回，就要花6個小時的交通時間，我們散客人數增加，但是團體沒有辦法增加，所以對我們來講，其實散客的正面效應提升了。」
這似乎是花蓮觀光業者共同的期待。民宿業者蔡子盛：「所有的都是我自己造景的。」記者：「自己弄的？」蔡子盛：「對對對。」
這家充滿濃濃台灣味的民宿，是由號稱陳總統國師的蔡子盛，一手設計經營，他說他建議過陳總統一定要蓋蘇花高，因為這會讓花蓮更好。
民宿業者蔡子盛：「只有2個小時，從台北來花蓮，如果傍晚下班開車來花蓮，不是會更好嗎？他們會回去嗎？如果今天，我請問你，如果你傍晚開車來，你今天會回台北嗎？」民眾：「不會啊。」
蔡子盛的論點，反駁了部分花蓮旅館民宿業者，對蘇花高開通，反而留不住人的論調，但是反對蘇花高的學者，卻還有另一層面的憂慮。
東華大學教授夏禹九：「等到高速公路進來，花蓮完完全全毀掉了，然後我們只不過多了一個，像現在你看到的南投，你現在看到的台中附近，變成那樣子的景色。」
看起來有點熟悉的夏禹九，就是台大知名教授夏鑄九的弟弟，研究自然資源的他，要保住的是花蓮的好山好水，還有現在的觀光模式。
東華大學教授夏禹九：「高速公路一通，地價漲了，然後西部的投資會進來，我講的這種投資，就是那種遊覽車或者是大量遊客，帶來的一個餐廳，一下子就能舖10張桌子這種餐廳，你坐進一個餐廳，然後很薄的塑膠布一舖，然後所有的碗，通通都是塑膠碗杯，對不對？那種是非常地品質低劣的國民旅遊。」
寧靜的花蓮淳樸的城市，該要有大建設？還是保留原貌？彼此還在拉鋸；花蓮的觀光業者期待蘇花高興建，呼聲不小，但是在花蓮也有人強力阻止，希望能保住花蓮現在的模樣，這些環保人士的想法是什麼，明天TVBS的蘇花高系列報導，要帶您去了解。",2007/05/01 19:28
https://news.tvbs.com.tw/life/326256,蘇花高／興建蘇花高　隧道工程難度類似雪隧,"蘇花高速公路對很多花蓮人來說，可能是期待已久的夢，但是對要求保護花蓮山水的環保人士而言，蘇花高卻可能是摧毀花蓮的一條路；從今天開始，TVBS將要推出系列報導，探討蘇花高建與不建，對東台灣的影響，今天就先帶您了解，目前蘇花公路的現況，以及政府計畫中的蘇花高，要怎麼興建。
這是宜蘭通往花蓮唯一的路，從蘇花公路出發，宜蘭到花蓮有118公里，但是這段路卻處處危機，要防止山壁落石，蘇花公路容易坍方的地點，都會釘上擋石網，地面上也要標上警語，提醒駕駛人小心落石。
但遇上下雨，蘇花公路更難走了，車速不但變慢，伴隨而來的霧氣，更影響行車視線，這是蘇花公路，通車70多年來，無法克服的安全難題，所以興建蘇花高速公路，呼聲不斷出現。
根據國工局的計畫，蘇花高速公路，將沿著現有蘇花公路西側，以鑿山和架橋方式並行，從蘇澳到崇德路段，就要開鑿11處隧道，總長達42公里，幾乎是蘇花高一半的路程，而且最長的一段隧道，也有10公里，和雪山隧道的12公里相當，預計施工8年，工程難度和北宜高不相上下。
國工局長邱琳濱：「11個隧道長度，最長也不過10公里，而且那地質狀況還更好，工程師對這技術，絕對有信心，尤其它走在北迴鐵路跟台9線(蘇花公路)靠西側，更不會(開不通)。」
國工局有信心認為蘇花高，不會出現第二條開不通的雪山隧道。TVBS記者楊鎮全：「經過連續11段，大大小小的隧道，蘇花高速公路，從崇德路段開始將改變施工方式。」
蘇花高進入花蓮，將改走高架路段，讓駕駛人可以邊開車，邊欣賞東海岸風光，但交流道就設在太魯閣邊，環保人士憂慮的是大量車潮、人潮，會給太魯閣和立霧溪口，帶來難以估計的污染。
花蓮縣政府主秘黃吉彬：「蘇花高當然會有一些(環境上)的衝擊，但是我想花蓮人，有絕對的聰明，能夠把花蓮建設成為，最有(環保)概念的城市。」
花蓮縣政府民調，有7成8的花蓮人，支持蘇花高，但鑿山會產生900萬立方公尺的廢土，加上工程破壞可能會對太魯閣產生無法預期的生態衝擊，讓蘇花高的命運，遲遲未定。
明天蘇花高速公路系列報導，將繼續帶您去看以觀光立縣的花蓮，觀光業者對蘇花高開通有著怎麼樣的期待，請您持續鎖定。",2007/04/30 19:39
https://news.tvbs.com.tw/politics/326310,蘇花高／蘇花高案　環評最快5月底審議,"蘇花高到底建不建？環評小組的開會日期，到現在還沒定案，最快也要等到5月底。立委質疑，交通部竟然都已經將所有環評所需要的資料，都送交環保署了，為什麼還不盡快作業，難道是為了怕影響蘇貞昌的黨內初選，才刻意拖延嗎？交通部跟環保署都極力否認。
等了好久，交通部終於把蘇花高「環境差異評估報告」的補正資料，送到環保署，問題是環評小組什麼時候才要處理？
環保署副署長張子敬：「能夠提會的案子沒有，所以才往後延。」立委紀國棟：「這是技術性的拖延，不想影響到我們，永續幾位委員會的主委，也是我們蘇貞昌院長的初選？」張子敬：「這個不應該這樣講。」紀國棟：「那你剛剛講，要什麼時候開？」張子敬：「5月20幾日吧，我知道的是要延後啦。」紀國棟：「你是副執行長，該要全盤了解才對。」
立委李鴻鈞：「光一個蘇花高環評，就夠你們審一天了，你說這幾個案子，全都排在一天審，那是騙人的。」
資料都到手了，環評小組開會時間，卻始終沒定案，被立委痛批是在等政策指示。
立委紀國棟：「到最後你環評小組，變成一個橡皮圖章，那有這案子有什麼意義？」交通部長蔡堆：「我絕對不會隨著政策操作起舞，最終鐵路運，人是有他的極限，是不是可以完全取代性，我是在質疑，假定目前的蘇花公路要去改善安全度，要花多少錢對環境有多少衝擊，這是大家要深思的。」
交通部長態度這麼明顯，讓台下旁聽的環保團體直搖頭，畢竟該講的都講了，在經濟與環保利益拉扯下，決定權還是在政府手上。",2007/04/30 12:44
https://news.tvbs.com.tw/life/326369,海灘蓋飯店　環盟發起「拒住房」運動,"蘇花高到底興不興建，國內還有不同的意見，然而環保團體，持續關注的東部景觀，卻已經有了變化；一家飯店業者，在台東的半月形海灣大興土木，要蓋海濱度假中心，惹惱了環保團體，要求業者立刻停工，政府拿出魄力。
環保人士：「抗議生態殺手，美麗信飯店！」
高舉標語，大聲抗議，這群來自後山的環保人士，反對業者殘害美麗的東海岸。環保人士：「不要去生態殺手飯店渡假，全民一起來拒絕！」
這裡是台東著名的半月形海灣，杉原海岸，平時可以看到三五釣客在這裡垂釣，然而現在的海灘，卻多出一棟正在興建中的4層樓建物，而且再瞧瞧建物的四週，傾倒著遍地的工程廢土和混凝土塊，原本美麗的沙灘頓時變了樣。
環保人士：「它的廢水、廢泥還有污染，都沒有經過應有的處理，就直接棄在沙灘海岸上。」
向業者遞交陳情書，表達最沉痛的抗議，對此台東縣政府表示，由於主體建築部分未超過1公頃，因此不需要環評，至於擴建的部分，已經開出一張30萬元的罰單，環保人士痛批，這樣的處分緩不濟急，自然生態早已被破壞得面目全非。
◎畫面提供：環保聯盟",2007/04/29 19:45
https://news.tvbs.com.tw/politics/326972,蘇花高蓋不蓋　立委邀環委走一趟,"蘇花高興建與否，環評會議還沒召開，各方意見已經展開角力，繼陳總統公開表態支持興建蘇花高後，民進黨立院黨團又做出，邀請環評委員在雨中視查蘇花高的建議，環評委員認為立委的思考不合邏輯，同時部份同黨委員也認為，不應以立委的身分對環評施壓。
每逢下雨蘇花公路就坍方，有立委建議要環評委員親自體驗一下花東民眾的不便，這樣的說法，文魯彬直言不合邏輯。環評委員文魯彬：「你沒有被謀殺，就沒有資格說不該謀殺，這個邏輯有問題，我再強調失望，但是不意外。」
針對民進黨立院黨團，23日在與交通部討論蘇花高議題，作出邀請環評委員在雨天勘查蘇花公路，是否在對環評施壓，民進黨內態度也很兩極。民進黨立委王幸男：「你要說服我們立委，我們心中有疑慮，對景觀生態的破壞，證據在哪裡！」
民進黨立委謝欣霓：「不應該這麼粗暴，用立委的身分，來去要脅環評委員，這是開民主倒車。」
蘇花高到底興建與否，陳總統先在21日公開表態支持，接著執政黨立委又表示，要環評委員親自走一趟，面對一波波的壓力，文魯彬強調，除非相關單位能提出完整透明的資訊，不然依照環境基本法的規定，環境保護必須優於經濟建設，建不建蘇花高，環評委員的態度，已經很明顯。",2007/04/24 13:01
https://news.tvbs.com.tw/politics/327187,嚴長壽呼籲陳總統　正視生態環保,"陳總統公開表態，只要環境評估報告通過，就支持蘇花高的興建。這番談話引起許多環保人士不滿，亞都麗緻飯店總裁嚴長壽，今天以前美國副總統高爾拍攝的環保紀錄片「不願意面對的真相」，呼籲陳總統及其他總統競選人，不該為了選票，漠視已經傷痕累累的生態環境。
嚴長壽認為陳總統的談話，簡直就是明明花蓮人需要鍋碗瓢盆，但政府卻要給他們一台大電視，根本是給錯東西！嚴長壽：「他連盤子都沒有，爐子都沒有，灶子都沒有，餐廳沒有裝修，結果我們上面告訴他，我要給你一個超大型電視機，而且電視機進來以前，我要把你牆角先打掉一塊。」
嚴長壽說政府根本不瞭解，全球暖化生態破壞嚴重的問題，他要國內所有政治領袖再想清楚！嚴長壽：「完全推給環評，是不太負責任態度，我想真正講起來，現在大家看到世界的變化，尤其最近高爾先生的報導，在全世界引起這麼大的迴響，我還是很懷疑許多政治人物，沒有看過這部影片。」
嚴長壽以環保團體決定，把這部得到奧斯卡最佳紀錄片的DVD，寄給陳總統以及民進黨四大天王，還有國民黨馬英九王金平兩位政治領袖，希望讓他們看看影片，真正瞭解地球面臨的浩劫，為了下一代子孫，做出最正確的決策。",2007/04/22 13:46
https://news.tvbs.com.tw/politics/327212,蘇花高建不建？呂游都說尊重環評,"蘇花高蓋不蓋，陳總統昨天一席話引起環保人士反彈，民進黨內四大天王包括呂副總統、謝長廷跟游錫堃今天都表態，認為蘇花高的問題應該尊重環評、重視環保，只有行政院長蘇貞昌不回答這個問題，畢竟黨內初選激烈，怎麼回答其實都很敏感。
緊扣後山命運的蘇花高速公路，是陳總統2000年開出的競選支票，但多年來反覆爭辯，始終沒答案，如今適逢大選年，這話題又受到爭議，四大天王怎麼看？
副總統呂秀蓮：「最後還是要尊重環保嘛！所以陳總統其實也很勇敢啦！」
游錫堃：「蘇花高一定要尊重環保的專業意見啦，環境保護非常重要。」
謝長廷：「蘇花高不能建，那麼我們一直推這個領航計畫，跟地方的人士溝通，那地方人士可以接受，就是說他們一樣有很多的經費。」
真是難得難得，向來不對盤的呂游謝看法居然頗相近，只有行政院長蘇貞昌，不回答就是不回答。記者：「院長，蘇花高的問題要不要談一下？院長…。」
蘇院長不知是真沒聽到，還是不願意回答，黨內初選激烈，到底該聽「民意」，還是承襲「上意」，四大天王天人交戰、處處小心拿捏。",2007/04/22 11:26
https://news.tvbs.com.tw/politics/327297,扁：支持蘇花高　但由「環評」決定,"2007年「全國環境會議」上午舉行，總統陳水扁當著環保人士面前大談「蘇花高」，總統強調為了經濟發展，政府當然支持興建蘇花高，但如果環評沒過關，還是不能建。這樣的說法，讓環保人士很不滿，痛批總統來踢館還說廢話。
全國環境會議登場，受邀致詞的陳總統，特別在環保人士面前，大談「蘇花高」議題。總統陳水扁：「政府當然認為蘇花高有它興建的必要，但是本人特別提醒，所有媒體朋友注意這個但書，絕對不能斷章取義，蘇花高有興建的必要，但如果環境差異分析評估沒通過，蘇花高當然就沒辦法興建。」
總統雖然極力解釋，蘇花高建不建，得看環評結果，但是滿場的環保人士，卻聽的一肚子火，總統一離開現場，就開始嗆聲。綠黨秘書長潘翰聲：「這等於是來跟我們踢館的，跟我們嗆聲，我們當然要嗆回去，今天就很像一個吃葷的人，跑到吃素的場合說，要吃肉比較好，這是一句廢話，為什麼說是廢話？因為法律早就訂好了，你環評沒有過，本來就不能蓋蘇花高。」
綠黨秘書長登高一呼，現場群情激憤，還當場投票票選最反對的國家開發建設，結果總統極力讚揚的「蘇花高」，勇奪第一，被群眾貼滿了寫著「劣」字的貼紙。
總統跟環保團體，面對面溝通，不只沒有拉近距離，意外引發更多紛爭。",2007/04/21 13:15
https://news.tvbs.com.tw/politics/328248,政策遭圍剿　蘇反擊謝：太不厚道,"民進黨鬧內鬨，現在幾位巨頭，把矛頭都對準行政院長蘇貞昌，昨天在中常會上，謝長廷跟葉菊蘭聯手圍剿行政院多項施政，包含蘇花高等爭議。蘇貞昌上午重砲回批，抱怨如果上一任院長做的好，就輪不到他來處理了，還說什麼事都賴給他，實在太不厚道了。
一大早蘇貞昌就滿腹委屈，當著媒體的面，抱怨前任閣揆讓他收爛攤子。行政院長蘇貞昌：「不要顛倒是非，把什麼都丟給我，實在太不厚道了，如果這種問題，前院長都把他處理好，還用得著我今天來面對嗎？」
蘇貞昌講大白話，抱怨謝長廷沒有處理好蘇花高問題，害到他。甚至連葉菊蘭也在中常會上發表聲明，對蘇貞昌多所質疑，讓被圍剿的蘇貞忍不住重話回批。蘇貞昌：「蘇花高在葉菊蘭當交通部長的時候，公開說一定會做，前任的行政院長，還訂計畫編預算，甚至去動工。」
記者：「說帳都算在他頭上，還說有些是前任留下來的？」謝長廷：「謝謝。」
蘇花高爭議，其實不是蘇謝對嗆過招的第一次，從兩人登記參選後，親兄弟就開始明算帳。
今年2月，謝長廷主動爆料，去年總統協調天王，是蘇貞昌不肯擔任副手才破局，讓蘇貞昌很不滿；從3月開始，行政院形象廣告大力播放，謝長廷再三質疑有人挾帶行政資源輔選，蘇貞昌也強力撇清。
民進黨初選殺紅了眼，蘇貞昌佔有行政首長優勢，現在似乎變成劣勢，成了被黨內同志圍剿的箭靶。",2007/04/12 20:21
https://news.tvbs.com.tw/politics/328792,難得對政策表態　證嚴反對蘇花高,"蘇花高速公路到底該不該興建，還沒有定案，不過一向很少過問政府施政的宗教領袖、慈濟證嚴法師卻難得開口，主張不該破壞環境，建造新的公路，許多環保團體也持反對意見。她們認為蘇花高將破壞生態，也無法真正的為花蓮地區帶來經濟效應。
一向對政策事務不會表明立場的證嚴法師，在3月初在電視節目首度表態，她說：已經夠了，要開的路，已經夠多了，台灣真的不大，所以不要再破壞森林了。
證嚴法師又說：台灣也沒多大，高速公路一條接一條，山洞不斷的挖挖挖，挖斷了山洞，其實也挖斷了水脈，挖斷了生態。
目前擔任綠黨召集人的陳曼麗就說，蘇花高的興建一定會有後遺症。綠黨召集人陳曼麗：「宜蘭因為有快速道路高速公路，其實也帶來後遺症，快速道路它會帶入一些人潮，同樣地也會帶出很多人潮。」
要花968億元，全長86公里當中有一半都是隧道，根本看不到優美的風景，而且還破壞生態，花蓮根本不需要這樣的交通運輸。陳曼麗：「政府現在財源不是很有的時候，如果說我們只是把9百多億的錢，花在一條高速公路，而且這條高速公路要蓋十幾年，那你的立意是放在這個地方，其他東西都沒有做完整思考，能不能挪到作整個花蓮觀光整體規劃？」
陳曼麗很擔心年底的立委選舉，蘇花高會成為政治人物利用的籌碼，她希望花蓮人能更加瞭解這件事，想一想蘇花高究竟對他們有沒有好處。",2007/04/07 20:01
https://news.tvbs.com.tw/politics/328809,4月底環評　蘇花高動工有望？,"接通台北和花蓮的蘇花高速公路，能不能動工興建？4月底將進行最後一次環評，儘管花蓮當地旅遊觀光業者，強烈期盼蘇花高開通所帶來的商機，但也有環保團體強力抗爭，民宿業者更憂心交通便捷後，投宿旅客銳減，造成損失。各方意見分歧，拉鋸不斷。
TVBS記者莊雪屏：「4月底最後一次環評，蘇花高速公路將可能正式開通，根據原本規劃蘇花高的花蓮交流道，將可能沿著北崙溪，由於北部是軍事佳山基地，南面又有慈濟園區，慈濟強烈質疑原本的好山好水，變成水泥做的高架橋，會破壞後山生態環境。」
就是因為慈濟加上環保團體持反對態度，蘇花高始終紙上談兵，通不過環評，其實說穿了，一條蘇花高，將台北和花蓮的距離縮短為1個半小時，一旦興建完成，未來想要到這個花蓮市郊最大景點七星潭看海景吹吹海風，車程不再是問題。
吸引外來客上門，花蓮在地旅遊觀光景點的商家和名產店，對於蘇花高引領期盼。花蓮商家：「會變好，因為人潮會往這邊進來，交通也會變得比較方便。」
花蓮名產老闆：「我們花蓮人要的只是一條不會中斷的快速道路，管他是不是高速公路，只要能讓我們很便捷到台北。」
其實不是每個人都看好蘇花高帶來的商機，對於民宿業者來說，交通便利，反倒擔心生計受到影響。花蓮民宿業者：「多少會有影響，因為大家想說方便嘛，來回就可以回家，一個鐘頭玩一玩半天就回家。」
花蓮名產老闆：「怎麼會，有當天來回的客人，有這種客源是新產生的，他也許因為蘇花高的建立，他只要2個小時就到花蓮，他可能到七星潭散散心，到太魯閣沉澱一下心情，並不打算過夜。」
興建蘇花高喊了10幾年，最後一次環評過關，就要付諸實行，對於後山來說，不再只是個夢。",2007/04/07 18:36
https://news.tvbs.com.tw/politics/328811,生態vs.建設　蘇花高環評本月定案,"總預算高達930億的「蘇花高」，在這個月底，要進行最關鍵的2次環評，到底能不能建，即將拍板定案。不過，環保跟通車便利的角力戰還在持續拉扯。環保團體憂心，蘇花高架直接穿越太魯閣，不只害國家公園破相，甚至連「蘇澳冷泉」也會面臨被破壞的浩劫。
備受爭議的「蘇花高」，究竟能不能建？4月底的環評給答案，當初支持興建行政院長蘇貞昌，又是怎麼看？記者：「院長，蘇花高還要不要建？」行政院長蘇貞昌：「…。」
蘇院長笑而不答，分析蘇花高，全長86公里，路線上11個隧道，加起來有40公里，橋樑建設佔總長90%，施工費用高達930億，希望能藉著高速公路，帶動後山發展。
但環保團體認為，蘇花高起點的隧道跟九股山地下水水脈相通，只要一開挖，湧水發生，珍貴的蘇澳冷泉就會面臨浩劫。
再往南走，沿線經過東澳、南澳、和平，一路到太魯閣，隧道甚至直接穿越國家公園，好山好水幾乎「破相」，幾乎由隧道和橋樑組成的蘇花高，就像一把利刃，深深的刺進東部海岸山脈，短短86公里，卻通過17個生態敏感區。
雖然國工局強調低衝擊施工，並不會破壞生態景觀，但環保團體抗議聲浪不斷，蘇花高究竟是大建設還是大崩壞？再度成為角力。",2007/04/07 18:23
https://news.tvbs.com.tw/politics/378249,預算表決大戰　藍軍掌握優勢猛砍,"立法院今天上演總預算表決大戰，藍綠兩軍甲級動員，從下午五點鐘開始，審查各機關預算，藍軍掌握人數優勢，包括了銓敘部通過的18%改革方案，都遭到阻擋，必須由立法院同意才可以實施，另外蘇花高速公路預算，也在國民黨強勢主導下通過。
立法院長王金平：「記名表決時間一分鐘，現在開始！」
總預算表決大戰開始，立法院的工作人員就立刻發便當，讓大家有力氣好好廝殺。
立法院長王金平：「（反對18%）贊成114票，反對100票，棄權0票，本案多數通過。」
連續9個表決案下來，藍軍始終佔優勢，儘管國親立場不同的蘇花高速公路誤算也是藍軍獲勝。
藍軍大獲全勝，蔡啟芳手中的海報也一張一張的換，綠營要砍的預算，藍軍卻始終都讓他過關，包括公務人員18%的優退方案，被立法院的決議給擋了下來，必須暫緩實施，陸委會的預算，也被砍了6千多萬，內政部編列的國土資訊系統，也全數刪除，但綠營希望刪除的蒙藏委員會預算，卻在藍軍的反對下，獲得通過。
這場預算表決大戰，還要持續下去。",2006/01/12 17:40
https://news.tvbs.com.tw/life/480710,落石砸死家人　幼女不知　哭找爹娘,蘇花公路昨天發生落石砸車的意外，一家四口，3人當場死亡，只有7歲的小女兒逃過一劫，直到今天，這小女孩都不知道家人已經往生，一直喊著要找爸爸媽媽，還有小哥哥。,2004/08/16 12:39
https://news.tvbs.com.tw/life/481367,政院未編蘇花高預算　立委發飆,"立法院臨時會第一天，行政院長游錫堃今天（11日）報告新十大建設預算並備質詢，由於台中古根漢美術館還有蘇花高速公路都沒有列入預算中，讓這些縣市立委，不分藍綠全都對準游院長開砲。
臨時會開議，行政院長游錫堃才踏進立法院，立委重砲伺候。立委(親)傅崑萁：「游院長游院長！蘇花高編預算請簽字，看這裡呀，怎麼不敢面對我們呢？」
蘇花高速公路沒有納入行政院新十大建設預算中，氣得立委傅崑萁不給游院長面子，就在議場外發飆。立委(親)傅崑萁：「好啦，這個給你簽啦，立法院又不是行政院立法局，所有通過的都可以不執行，那要立法院幹什麼？把立法院廢掉呀。」
游院長好不容易回到議場內，只是同樣不好過，同黨的謝明源拉高分貝質詢，不滿政府重南北忘台中。立委(民) 謝明源：「之前我們很支持執政黨，可是這一次你編預算裡頭沒編到，這怎麼交代，連最起碼的花費都沒有，這要怎麼交代呀？」行政院長游錫堃：「因為立法院在野黨要求編預算要提高門檻，所以如過今天我們把預算編在這次的特別預算裡頭就是違法。」
游院長把蘇花公路、古根漢美術館計畫受阻的責任算在國親上，這讓主持議事的副院長江丙坤不能接受，少見的當場反駁。立法副院長江丙坤：「這個條例是王院長委託丙坤跟經建會共同草擬出來的，不是國親的版本，我向跟游院長澄清一下。」
立法院臨時會開議第一天，朝野已經聞到濃濃的火藥味。",2004/08/11 18:13
https://news.tvbs.com.tw/life/483201,蘇花高再添變數　需再環評,"備受爭議的蘇花高速公路究竟什麼時候可以再復建，現在又出現重大變數！環保署今天召開環評會，建議交通部國工局需確定提出差異分析沒有問題後，才能夠再度興建蘇花高速公路，也就是說一切還要再評估。
雖然蘇花高的環評已經在89年通過，不過歷經這幾年的時間，除了921地震的後遺症以及大小颱風所造成的災害，因此環保署認為，整個東台灣的地理環境可能有所變動，因建議國公局必須提出更嚴謹的評估作業，並對環境保護對策提出具體承諾。",2004/07/28 19:32
https://news.tvbs.com.tw/life/485799,土石流陰影　蘇花高生態與建設拉扯,"「七二水災」土石流陰影，「蘇花高速公路」蓋與不蓋的問題再度浮出檯面。花蓮縣希望藉由蘇花高的開發帶動當地繁榮，不過學者專家卻擔心，隧道的貫通與道路的鋪設，將使原本就含水量豐富的東部土質更加脆弱，造成更嚴重的土石流。
七二水災，台灣面臨大自然反撲，備受爭議的蘇花高與北宜鐵路究竟該不該建，再度成為生態與開發的角力戰。
分析蘇花高，便利性的確能帶動東台灣發展，尤其從蘇澳開始，沿線經過東澳、南澳、和平、太魯閣、新城、花蓮及吉安等7個交流道，而路線上11個隧道，加起來有40公里，和橋樑建設佔了總長90%。
交通部說，隧道不會破壞環境，也不會引發土石流，環保學者卻不這麼認為。環保學者楊肇岳：「台灣必須要靠原始森林或者植被來保護它的地表，才不會造成土石流，所以蘇花高應該停止。」
花蓮縣副縣長朱景鵬：「花蓮縣政府的立場，我們還是維持非常明確一貫，以民意(贊成興建)做為一個主要的依歸。」
蘇花高經過中央山脈東側，除了擔心地質鬆動，水脈的阻斷，更成為另外一個生態隱憂。七二水災帶來的嚴重災情，如何兼顧建設與環保，似乎還無法取得平衡點。",2004/07/09 18:26
https://news.tvbs.com.tw/life/485820,水災警訊　蘇花高是否續建　行政院評估,"七二水災一場豪雨，台灣生態再度受創，環保團體呼籲，新十大建設蘇花高速公路和北宜鐵路應該重新評估是否停止興建。交通部強調，兩項交通建設已經通過環境評估，不會造成土石流危機，所以不會停建，不過行政院長游錫堃巡視災區時表示會審慎評估，不排除整個計畫再往後延。
建設經費龐大的蘇花高與北宜鐵路一直以來爭議不斷，七二水災後，卻突然傳出停建消息，交通部連忙否認。交通部路政司長李龍文：「根本就沒有什麼北宜支線鐵路跟蘇花高要喊卡的這種說法，完全沒有這種說法。」
尤其針對大家擔心的土石流問題更是信心滿滿。交通部路政司長李龍文：「絕大部分的路段都是以隧道的方式在進行，所以邊坡開發的路段是相當的少，所以對於是不是會類似七二產生一種土石流的這種影響的話，我想應該大家聯想太多了。」
根據了解，總預算962億的蘇花高，全長86.5公里，預期民國100年就能通車。往後從台北前往花蓮，只要2小時，比現今的蘇花公路足足省4小時車程，不過環評爭議，讓工程去年底臨時喊停。
行政院長游錫堃到現在話還是說的很保留，什麼時候會有最後決定，似乎還遙遙無期，不過確定的是，如果8月6日以前再不建，交通部勢必得先面臨違約問題。",2004/07/09 17:37
https://news.tvbs.com.tw/life/485850,水災警訊　交部：蘇花高　北宜鐵不停建,"七二水災一場豪雨帶來浩劫，環保團體呼籲，新十大建設蘇花高速公路和北宜鐵路應該重新評估是否停止興建。交通部強調，兩項交通建設已經通過環境評估，不會造成土石流危機，所以不會停建。
七二水災，台灣面臨大自然反撲，備受爭議的蘇花高與北宜鐵路這時候究竟該不該建，再度成了各界角力戰。環保學者楊肇岳：「台灣必須要靠原始森林或者植被來保護它的地表，才不會造成土石流，所以蘇花高應該停止。」花蓮副縣長朱錦鵬：「花蓮縣政府的立場，我們還是維持非常明確一貫，以民意(贊成興建)做為一個主要的依歸。」
其中總預算962億的蘇花高，全長86.5公里，預期民國100年就能通車。往後從台北前往花蓮，只要2小時，比現今的蘇花公路足足省了4小時的車程。交通部路政司長李龍文：「根本就沒有什麼北宜支線鐵路跟蘇花高要喊卡的這種說法，完全沒有這種說法。」
強調計畫還是繼續進行，但水土問題該怎麼辦，交通部顯得很有信心。交通部路政司長李龍文：「絕大部分的路段都是以隧道的方式在進行，所以邊坡開發的路段是相當的少，所以對於是不是會類似七二，產生一種土石流的這種影響的話，我想應該大家聯想太多了。」
雖然交通部說的斬釘截鐵，不過要建設，勢必就得先破壞，如何在當中取得平衡點，考驗主事者的智慧。",2004/07/09 13:05
https://news.tvbs.com.tw/life/487449,中央地方環評不一　蘇花高難動工,"一波三折的蘇花高速公路遲遲難動工，最主要因素在於蘇花高興建對當地環境的衝擊，以及當地民眾其實反應不一，地方民意代表也有選民壓力，兩大因素導致地方和中央拉鋸，環保和交通建設相互衝擊，以致蘇花高迄今遲遲沒有下文。
花蓮鄉民深夜在花蓮縣議會集結，為的就是要爭取蘇花高。花蓮縣議員鍾逸文：「就算廠商因為鋼筋貴，水泥貴，要撤守不管的時候，阿扁政府說一定會由政府出資興建，當時的氣魄到現在蕩然無存。」
讓花蓮鄉民引頸企盼的蘇花高，北起宜蘭蘇澳，南到花蓮吉安，沿途7個交流道，3個服務區，總長86.5公里，經費962億，原定去年年底動工，民國100年完工，這樣的重大建設讓交通便利，也讓水泥業和鋼鐵業東進獲益最直接，但是卻破壞花東驕傲的自然生態，地方反應兩極。
因為民眾意見不同，民意代表有選票考量，花蓮縣政府還舉行民調，近地8成贊成興建，但反方環保人士也不斷對政府提供環境評估，希望政府三思後行，兩大因素導致經費和發包工程都向下執行的時候卻難動工，要寄望蘇花高帶動花蓮經濟繁榮，支持的鄉民失望，反對的鄉民鬆一口氣，政策延宕，暫時還難有下文。",2004/06/29 12:05
https://news.tvbs.com.tw/life/487461,抗議蘇花高緩建　民眾北上抗議,"為了抗議蘇花高速公路工程一再延宕，3百多位花蓮縣民驅車北上，到經建會抗議，要求應立刻動工，他們揚言如果政府再沒有回應，不排除發動萬人包圍台北市，而在抗議現場的另一頭，有環保團體前往聲援經建會，但警方擔心兩邊會發生衝突未予放行，當場和環保團體爆發口角衝突。
在花蓮縣副縣長及議員帶隊下，來自花蓮的300多位縣民聚集在經建會門口，抗議政府政策反覆，他們要求蘇花高速公路應立刻動工，否則不排除發動萬人抗爭行動。花蓮縣副縣長朱景鵬：「花蓮縣的民意將近八成民眾是非常支持，我們縣政府這部分是依照民意作決策基礎。」
縣民不斷發出抗議怒吼，而在相隔不到3公尺的距離，前來聲援經建會的環保團體，因為事先沒提出申請，當場和警方爆發口角衝突。花蓮縣議員鍾逸文：「今天抗爭沒有結果的話，選舉時候又到了，被民意逼迫著，順著這樣選舉的勢，萬人包圍台北市是指日可待。」
經協調過後，由經建會派代表接受環保團體的花束風波才告平息。環保團體代表：「我們要過去拜會，為什麼把我們擋住了，我們在走路，你們根本就濫用職權！」警方：「因為兩個團體不同意會衝突，預設立場不對嘛！」環保團體代表：「你怎麼不怕我們和你衝突？」
造成花蓮縣和環保團體兩造對立的蘇花高工程，已經規劃12年，去年中陳總統才宣布政府將自建蘇花高，而年底也發包了兩段工程，不過今年6月在環保團體抗爭下，政策轉彎要求進行高規格環評，引發花蓮縣不滿，而如今8月動工期限快到了，蘇花工面臨廢標危機。
花蓮縣民接著又轉往行政院抗議陳情，行政院方面則強調會再召開協調會協商，希望能暫時平息花蓮縣民的怒吼。",2004/06/29 10:00
https://news.tvbs.com.tw/life/380797,蘇花高興建案被退　縣民怒醞釀抗爭,"行政院日前退回花蓮縣政府提議儘速動工興建國道蘇花高速公路公文，指示交通部與縣府繼續協商相關配套措施。面對蘇花高再度生波，花蓮縣政策會相當不滿，並積極動員花蓮鄉親將於下星期一，前往交通部陳情抗議。
「很生氣啟事」，斗大標題，內容直指蘇花高動工行程，國工局推拖不動工，花蓮政策會相當震怒，認為政府不該利用選舉玩弄地方。花蓮縣議員鍾逸文：「政府是要先做給老百姓以後才有選票，不是老百姓先選給你，以後才有建設好做。」花蓮縣政策會成員陳朝松：「我們決定在3月8號要到台北去這樣一個理性訴求運動，我們也呼籲花蓮鄉親一起參與。」
蘇花高興建案，再掀漣漪，原訂去年底動工興建蘇花高，但縣長謝深山，要求暫緩3個月徵詢民意，舉辦論壇和民調，結果8成贊同，縣議會也決議興建，但今年1月16號，呈報行政院，5天前被打回票，要求交通部協商縣府提出的7項配套，導致動工無期，而這配套措施，也讓政策會有縣府微詞，謝深山連忙澄清。花蓮縣長謝深山：「假設這些配套措施不能同時完成，將會造成花蓮大混亂，包括停車場問題、台九線等等問題，這是必要的基本 一定要做。」
政策會強調，院長當時說隨時可動工，現在出爾反爾，還沒協商就被退回，如果中央無法兌現承諾，不只登報譴責，下星期一，可能集結上千名縣民前往交通部陳情抗議，喚起政府重視。",2004/03/01 15:34
https://news.tvbs.com.tw/life/381060,花蓮造勢　陳總統：謝深山阻擋蘇花高,"陳水扁總統晚間走訪花蓮造勢，面對花蓮鄉親，他在台上強調，說自己積極推動蘇花高的興建，卻被現任的國民黨籍縣長謝深山跟議長一起擋了下來，希望花蓮人，能夠了解，同時，陳總統也特別拜訪前花蓮縣長吳國棟，爭取他的支持。
面對台下滿滿的花蓮鄉親，陳總統用實例，證明自己對花蓮的付出。
重提蘇花高速公路，不能順利完工的遺憾，陳總統要花蓮選民知道，藍綠兩軍誰在建設，誰在阻撓，這趟到花蓮，趕在造勢晚會之前，陳總統還特別撥空，親自拜訪前花蓮縣長吳國棟。
親切的問候寒喧後，陳總統就直接留在吳國棟家，一起吃便當晚餐，熱絡的交談，不過對於總統的熱情，吳國棟顯得有些尷尬。
不管立場是藍是綠，對照總統的熱情，顯然去年花蓮縣長選舉，吳國棟失去政黨支援，能奪下兩萬五千票的實力，誰也不敢忽視。",2004/02/27 22:36
https://news.tvbs.com.tw/life/386752,政院：參酌民意　宣布蘇花高復工日,"花蓮縣政府今天（13日）公布自行委託媒體所做的民調結果，顯示有過半數的受訪民眾贊成興建蘇花高。對於這樣的結果，行政院表示政府聽到了，也會在收到地方政府的評估後再考量復工日期。
行政院發言人林佳龍：「行政院的立場是基本上尊重地方的民意，我們也很高興縣政府和縣議會能夠在很短的時間內來整合地方的民意。我們會在收到縣政府的具體建議之後，那麼在盡快的時間裡面來考量何時來恢復整個工程的動工。」",2004/01/13 18:00
https://news.tvbs.com.tw/life/386812,蘇花高民調出爐　7成以上贊成興建,"蘇花高速公路興建案爭議不斷，花蓮縣政府委託三家具公信力的媒體進行民調今天出爐，三份報告贊成興建蘇花高的比例都高達七成，縣長謝深山說，會把民調結果送交中央，如果順利，可能3個月後蘇花高就會動工。
上個月11號，行政院長游錫堃視察花蓮，說要在去年年底前動工興建蘇花高，但縣長謝深山當時反應，沿線生態和交通配套規劃不完全，要求緩建，徵詢民意，並且在這個月15號公佈民調結果。
花蓮縣政府委託三家具公信力的媒體，分別針對20歲以上，超過1千位花蓮民眾進行電話隨機抽樣調查，而贊成興建的民眾超過七成，認為可以促進地方繁榮超過八成，擔心建設影響生態大約有三成，不擔心則是有五成以上。
蘇花高爭議不斷，1個多月來，縣議會舉行表決，花蓮地區北中南九場公聽會，現在民調結果也出爐，縣政府表示，將彙整民眾正反意見，把決議提報行政院，3個月後將如期動工，到時希望中央建設能縝密規劃，別辜負花蓮人期望。",2004/01/13 10:58
https://news.tvbs.com.tw/life/388605,總統：連戰不知反省　加速脫產,"陳水扁今天再批國民黨脫產1900億。陳總統說，國民黨主席連戰是「全世界最有錢」的總統候選人，而國民黨脫產所得的錢，足以蓋2條蘇花高速公路；聽到這樣的說法，連戰先是嚴詞否認，接著反批陳總統罵人罵得很沒有格調。
來到藍軍大票倉花蓮，陳水扁總統火力全開，痛批連戰脫產1900億，足以蓋兩條蘇花公路。總統陳水扁：「他們的政黨主席、公司董事長，也是全世界最有錢的副總統，全世界最有錢的院長，全世界最有錢的總統候選人，1900億可以蓋2條我們蘇花高速公路，他們下野4年不但沒有還錢的誠意，不但沒有反省的誠意，還變本加厲加速脫產。」
聽到陳總統再提黨產脫產問題，國民黨主席連戰嚴正否認。國民黨主席連戰：「他很會罵人，但不是事實。」記者：「民進黨出了一本小冊子，把你的家產變成一本小冊子出。」連戰：「這是很負面的，這是很沒有格調的。」
國民黨黨產問題持續延燒，民進黨鎖定焦點，緊咬不放，強調明年320總統大選是背水一戰，關係到2300萬人民切身的荷包問題。",2003/12/29 13:02
https://news.tvbs.com.tw/life/389743,議會27票通過提案　支持興建蘇花高,"花蓮縣議會今天以27票贊成，2票棄權，壓倒性通過支持興建蘇花高速公路，並做出四點附帶決議，要中央儘速恢復施工。不過，縣長謝深山卻還是堅持在1月15號前舉辦9場公聽會，彙整花蓮人民的正反意見後，再把決議提報行政院。
27位花蓮縣議員激動地舉手站起來，大聲投下贊成票，只有無黨籍的鍾逸文和民進黨莊枝財尷尬的坐在椅子上，放棄投票，花蓮縣議會支持興建蘇花公路的決議，正式拍板定案。花蓮縣議會議長楊文值：「我們一個核四停建，損失全國老百姓300億，蘇花國道停建的話，還要損失多少錢！」
相較於議員義無反顧的支持態度，縣長謝深山還是堅持先在花蓮縣北中南三地，各辦三場公聽會，聽聽居民正反意見，並告知利弊得失，然後再做一次民調，才會把結果呈報行政院。花蓮縣長謝深山：「議會既然有宣告，縣政府尊重議會，我非常尊重議會決定，但在這個事項上，已經宣告要做民調，結果出來以後，會向行政院報告。」
花蓮的路，謝深山堅持花蓮人來決定，而這個決定，一定會在1月15號以前出爐，謝深山說，到時候也請行政院尊重花蓮人最後的決定。",2003/12/19 18:07
https://news.tvbs.com.tw/life/390126,緩建蘇花　謝深山說中了陷阱,"花蓮縣議會今天特別為蘇花高緩建案召開臨時會，謝深山說，自己沒有反對興建蘇花高速公路，覺得行政院宣布緩建，好像設了陷阱讓他跳，不過行政院立刻回應，絕對沒有設陷阱，是尊重地方意見才宣布緩建的決定。
花蓮縣長謝深山一進入議場，立即被不同黨派縣議員團團圍住，要他表明到底贊不贊成建蘇花高。花蓮縣長謝深山：「我們從來沒有聽見說反對興建，他講說當初講說要停建是謝深山的意思，我說沒有，我不會，這種大事情不敢自己作主，這個就有玄機了嘛！」
到底有沒有設陷阱讓謝深山跳，行政院和國工局都跳出來回應。國工局局長鄭文龍：「他說重了陷阱，我覺得是有一點點誤會啦！」行政院發言人林佳龍：「當天是謝縣長在致詞的時候，有請求行政院，能夠給他這個新選的縣長多一點時間跟空間來徵詢民意。」
國工局強調，蘇花高是緩建3個月而不是停建，93年度42億多的蘇花高工程經費也已經全數通過，至於相關的配特措施，應該由地方提出規劃，到底民意知不支持興建這條規劃10年、工期8年，耗資900多億的高速公路，3個月後見分曉。",2003/12/16 18:45
https://news.tvbs.com.tw/life/390606,客屬後援會成立　連宋客語致詞,"為了要更加穩固客家票源，連宋世界客屬總會後援會，今天下午成立，連宋今天都以客家話致詞，來爭取民眾支持，不過針對蘇花高速公路停建這件事，宋楚瑜先是表態支持停建，但是他卻也砲轟行政院，亂開選舉支票，現在才在民意的壓力下，做出這樣反反覆覆的決定。
連宋世界客屬總會後援會今天下午成立，連宋今天都以客家話致詞，來爭取民眾支持。國民黨主席連戰：「我是客家人的朋友(司儀糾正)，我認同客家文化。」親民黨主席宋楚瑜：「我是客家鄉親的親家，我兒子娶客家人當媳婦。」
連宋更舉出過去作為，證明自己支持客家文化。國民黨主席連戰：「我在行政院服務前後將近5年，客屬的部會首長，前後算起來有六位之多，但是今天只有一位。」親民黨主席宋楚瑜：「我是第一個中華民國政府官員，公開的一個非客家子弟，在那邊公開最先把客家本色唱紅的那個人。」
爭取客家鄉親的支持，宋楚瑜更對行政院營建蘇花高的決定開炮。親民黨主席宋楚瑜：「一個非常漂亮的蘇花公路，保持它的美景而做生態破壞，本來像這樣草率的事情，就是選舉時候開的爛支票。」
宋楚瑜支持興建蘇花高，也認為政府反反覆覆的態度已經讓民眾失去了信心！",2003/12/12 19:19
https://news.tvbs.com.tw/life/390613,反對蘇花高　謝深山：無配套將成迫害,"行政院長游錫堃宣布緩建蘇花高速公路，並且表明這是按照縣長謝深山的意願，面對地方工商界的反彈，國親兩黨今天是趕緊出面消毒，表示謝深山只是傳達民眾不同意見，並沒有權力讓重大建設說停就停。
中央，地方，到底是誰對蘇花高喊卡？還原11號游錫堃花蓮巡視現場，當時謝深山明確表達，憂心立場。花蓮縣長謝深山(92.12.11)：「高速公路再進來，一大堆人湧進來，相關配套沒有停車場，停車場沒有，連外、連外道路沒有，往南走沒有，我剛才說台九線為例，假如不能同時齊進的話，花蓮只是高速公路到花蓮來，不是帶來喜悅，而是帶來痛苦、禍害，我們慘不忍睹。」
地方上反應兩極，讓謝深山的話，說的很白，不過新舊政府都曾堅持興建蘇花高，國民黨中央，趕緊出面消毒。國民黨發言人蔡正元：「這個問題不是花蓮縣長的職權，也不是花蓮縣長可以決定，錢既不來自花蓮縣政府，一個不負責的政府才會把責任往下推。」
親民黨也在立法院隔空聲援。親民黨團總召周錫瑋：「昨天說要蓋今天說不要，完全是拔樁綁樁的考慮，拜託拜託行政院長游錫堃，同意讓花蓮縣長謝深山辦公投。」
將近1千億的重大建設採煞車，引發地方工商界反彈，但是影響力大的慈濟，又得罪不起，在這種兩面不是人的情況之下，國親選擇冷處理。",2003/12/12 18:48
https://news.tvbs.com.tw/politics/390653,〈獨家〉蘇花高若不建　2億徵收費將向民眾討回,"蘇花高速公路臨時喊停，但是新城交流道和九號隧道，將近60億的兩項工程，已經完成工程用地徵收，而且發包，包商現在是一陣錯愕，交通部長林陵三表示，如果蘇花高速公路確定不蓋了，已經發放給民眾的2.6億工程用地徵收款，必須向民眾追討回來。
蘇花高速公路，北起宜蘭蘇澳，南到花蓮吉安，沿途一共有七個交流道，三個服務區，總長86.5公里，總經費962億元的重大工程，原本預定年底動工，民國100年完工，現在卻臨時喊停。
但是九號隧道和新城交流道這兩項工程，已經完成用地徵收，如果確定不蓋了，已經發放的2.6億元工程用地徵收款，得再從花蓮縣口袋裡要回來。國道新建工程局長鄭文隆：「如果三個月之後正式宣布不建的話，因為我們在新城交流道的部分，徵收土地發價，已經發了91.3%，金額大概有2億2600萬左右，如果正式宣布不建，我們要按照土地法，要把這筆費用要給他收回。」
除了已經完成用地徵收，九號隧道和新城交流道，也已經在12月初完成發包，九號隧道全長10.1公里，是蘇花公路最長的隧道，工程金額高達32億3900萬元，由高雄的隆大工程和日本的前田建設共同得標，至於新城交流道全長六公里，由利德工程以24億8500萬得標，現在最讓包商措手不及的是按照規定在決標40天後，也就是明年1月16號之前要繳交的1億兩千2多萬履約保證金，也因為政策急轉彎，現在銀行不貸給包商了。
利德工程工務處長林明慶：「銀行他昨天聽到這個消息，本來我們已經要申請了，變成他也暫時卡住，卡在那邊看看後續情形。」
蘇花高速公路到底蓋還是不蓋？交通部長林陵三把問題推給地方。交通部長林陵三：「我相信謝縣長應該會有這個方法和智慧去解決民意的問題，因為我們所了解，大部份縣民希望有這條高速公路，只不過是因為昨天縣長要求說暫緩，讓他來整合意見。」
林陵三表示，如果工程延宕超過六個月，包商可以要求賠償備標的文件費用，但是因為還沒有正式簽約，國工局沒有違約的問題。",2003/12/12 14:04
https://news.tvbs.com.tw/life/390669,蘇花公路喊停　國親釐清謝深山責任,"行政院長游錫堃宣布緩建蘇花高速公路，並且表明這是按照縣長謝深山的意願。面對地方工商界的反彈，國親兩黨今天趕緊出面消毒，表示謝深山只是傳達民眾不同意見，並沒有權力讓重大建設說停就停。
蘇花高速公路緊急喊卡，行政院強調花蓮縣府議會都支持，國民黨中央趕緊幫謝深山消毒。國民黨發言人蔡正元：「這個問題不是花蓮縣長的職權，也不是花蓮縣長可以決定。錢既不來自花蓮縣政府，一個不負責的政府，才會把責任往下推。」
將近一千億的重大建設採煞車，引發地方工商界反彈，但是影響力大的慈濟又得罪不起，在這種兩面不是人的情況之下，國親選擇冷處理。親民黨團總召周錫瑋：「昨天說要蓋，今天說不要，完全是拔樁綁樁的考慮，拜託拜託行政院長游錫堃，同意讓花蓮縣長謝深山辦公投。」
蔡正元表面說的輕鬆，把燙手山芋丟回行政院，但是根據了解，國親對於如何處理民進黨丟出的棘手議題，很傷腦筋。國民黨發言人蔡正元：「這不是需要太傷腦筋去對立的話題。」",2003/12/12 12:26
https://news.tvbs.com.tw/politics/390677,蘇花高臨時喊卡　包商錯愕,"蘇花高速公路臨時喊卡，但是新城交流道和九號隧道兩大工程，近六十億的工程款已經發包完成，原本預定月底就要動工，包商連建材、工人都已經談妥了，如今臨時喊停，決標後40天內要繳交的履約保證金，也因此臨時宣布暫緩，銀行跟著斷貸，包商抱怨連連。
總長86.5公里，總經費高達962億元的蘇花高，原本預定民國100年完工，未來從台北到花蓮不到兩小時，其中長10.1公里，也是蘇花公路最長的九號隧道，已經完成發包，由高雄的隆大工程和日本的前田工程得標，總金額32億3900萬。另外由利德工程以24億8500萬得標的新城交流道，原本預定月底就要動工，現在行政院臨時宣布暫緩，包商感到相當錯愕。
更棘手的是，在決標後40天內，也就是明年1月16號之前要繳交的履約保證金，一億兩千多萬，也因為政策急轉彎，現在銀行也不貸給包商了。
利德工程工務處長林明慶：「內部人員的一些調度，先頭部隊都已經有過去那邊了，下游廠商這些事情，當然我們也已經跟他談了。」利德工程工務處長林明慶：「銀行他也昨天聽到這個消息，本來我們已經要申請了，變成他也暫時卡住，卡在那邊看看後續情形。」
不過因為國工局還沒有跟這兩家包商簽約，因此沒有違約問題，翻著厚厚一本工程計畫圖，包商無奈的說，現在也只能靜待國工局通知了。",2003/12/12 12:09
https://news.tvbs.com.tw/life/390681,蘇花高緩建　證嚴法師被傳是關鍵,"蘇花高速公路暫緩興建，引起爭議，慈濟的證嚴法師被反對興建的環保團體，搬出來說是左右政策的重要關鍵，環保聯盟說三天前證嚴法師曾經向陳總統反應，慈濟人反對建蘇花高，到底證嚴法師是不是擋下蘇花高速公路的關鍵人，慈濟今天鄭重否認。
12月9號，陳水扁總統到花蓮頒贈二等勳章給證嚴法師，兩人一番對話，慈濟被當成緩建蘇花高的推手，宗教力量真的能夠左右政策嗎，慈濟提出嚴正反駁。慈濟發言人何日生：「上人並沒有對政策提出建言，反對也好贊成也好，她都沒有說，政府不會因為某一位人士，包括宗教人士一句對生態的維護，這樣就做成政策的決定。」
根據環保聯盟花蓮分會會長向立委轉述，證嚴法師當時向陳總統遊說，反對蘇花高興建，發言人何日生當時也在現場，駁斥傳言，還原兩人對話。何日生說，授勳典禮前的會談，證嚴法師和兩位正副元首只是閒聊，證嚴法師談了很多議題，包括花蓮的好山好水，還有慈濟的醫療體系，也提到應該好好保育這塊淨土。
陳總統接著提到興建蘇花高要花九百億，中央也是負擔沉重，但現場並沒有人答話，證嚴法師沒有對蘇花高興建作出任何評論。慈濟發言人何日生：「陳總統說九百億好多錢，我們這邊也沒有人回嘴，政府應該去評估這個事情。」
環保聯盟花蓮分會會長還指明，引述的是慈濟大學人文學院院長許木柱的話，許木柱也跳出來澄清，自己並不在場，鍾寶珠的發言有違事實。慈濟大學人文學院院長許木柱：「我跟鍾寶珠小姐打過電話，我跟她說她過度引述我的意見，我們當時都不在場。」
鍾寶珠對媒體詮釋過度，環保人士搬出重量級的宗教團體反對蘇花高興建，成為主角的慈濟強調，重大政策的轉變關鍵，政府單位必須多方考量，不可能因為某人的發言而被左右，慈濟更不希望，證嚴法師的影響力被不道德的政治化。",2003/12/12 12:03
https://news.tvbs.com.tw/life/390687,游揆：民意盼蘇花高緩建　勿政治化,"行政院日前宣布「新十大建設」，包括被舊政府列為重點政見的「蘇花高速公路」，但昨天游錫堃忽然宣布暫緩興建三個月，外界質疑是否是慈濟介入說項？游院長強調，千萬別政治化，完全是當地民意希望再評估。行政院方面還說，如果行政院早有預謀，怎麼會選在游錫堃去立法院報告「五年五千億預算」的前一天宣布呢？
新十大建設打頭陣的蘇花高，游錫堃院長緊急喊卡，暫緩興建，他說這是尊重民意，外界可別政治化。行政院長游錫堃：「既然縣長跟議長都有這樣的保留態度，那我們中央政府應該基於夥伴政府，應該尊重地方政府的意見，所以這不是中央政府的政策轉彎，有一部分的人說這個是因為，就是把它政治化考慮，說這個行政院不興建是因為選舉的因素，大家想一想，如果我不尊重花蓮縣政府意見，花蓮縣長跟我是不同黨派，我不聽他的意見，那更讓大家政治化。」
強調事前沒預設立場，也不關慈濟的事。行政院長游錫堃：「之前他(總統)都沒有跟我講這件事，我也是看報紙，從報紙知道慈濟的意見。」
根據瞭解，新十大建設確定後，游錫堃就不斷收到花蓮環保團體，表達希望暫緩興建，不過謝深山沒有具體意見。游錫堃考量一旦開工，還有抗爭，情勢反而不可收拾。因此11號趕往花蓮，打算聽聽縣長意思，沒想到謝深山一上台就主張蘇花高暫緩，眼看機不可失，游錫堃也就順勢給花蓮三個月時間，處理正反意見。
林佳龍：「謝深山說，興建是舊民意也要聽新民意，如果事先有定見，也不會選在五年五千億報告前。」
行政院高層表示，謝深山過去當行政院秘書長時，對蘇花高一案就再三衡量。現在民意如流水，一切發球權，又回到，在地人手上。",2003/12/12 11:19
https://news.tvbs.com.tw/life/390776,居民反對蘇花高　游揆：暫緩3個月,"原本預計年底動工，已經發包的蘇花高速公路出現變數，由於當地居民抗議破壞生態環境以及噪音等因素下，行政院長游錫堃上午視察花蓮機場二期工程時，宣布緩興建蘇花高速公路。
蘇花高去年5次被列入挑戰2008國家重點發展計畫和新十大建設，從蘇澳到花蓮，總長86公里，總經費900多億，原定今年底動工，民國100年完工。部分路段已經發包，面對居民抗議破壞生態，以及交通配套措施未出爐的情況下，行政院長游錫堃上午前往花蓮機場，視察二期航站興建工程時，立刻表態暫緩。
游錫堃：「蘇花高速公路要不要開闢，我們會聽取花蓮縣政府和花蓮縣議會意見，這兩個花蓮縣政府和花蓮縣議會，他們都支持都贊成的時候，才會開闢動工。」
工程還沒簽約，應該沒有賠償問題，但3個月的期限觸碰大選敏感話題，對於接任民進黨競選總部主委，游錫堃也表示，早擬好四點選舉策略主軸，準備迎戰。游錫堃：「再未來選舉裡面，我們會以民主化、本土化、公投和新憲，這些來做為我們主要的訴求。」
主軸出爐，但選戰怎麼打，得看對手怎麼出招；至於水蓮再配又怎麼看，游錫堃笑而不答，意味深遠。",2003/12/11 14:47
https://news.tvbs.com.tw/life/393516,反對蘇花高興建　環保團體陳情,"花蓮近20多個環保團體和社區居民，（20日）上午前往花蓮縣議會陳情，批評蘇花高速公路興建，不但不能帶來花蓮地區繁榮，反而會讓後山這塊「洄瀾夢土」環境受到污染，而前健保局總經理葉金川也參加了這次的陳清活動。
為了表達蘇花高速公路的興建，缺乏環境評估與配套計畫，近三百名花蓮縣民和環保人士到花蓮縣議會陳情，表達訴求。陳情人士：「蘇花高會帶來大量觀光客反而會破壞，花蓮這邊原本的生活品質。」
陳情人士當中前健保局總經理葉金川也以慈濟大學教授身份，出席相挺，沒有激烈的抗爭，蘇花高沿線社區居民和環保團體帶著1600多份連署書，希望剛上任的花蓮縣長謝深山不要忘了當初的競選承諾，保護花蓮的自然美景。前國大代表楊守全：「(要求)縣政府立即行文給中央政府以及國工局，暫緩蘇花國道興建。」
預計花費962億預算的蘇花高速公路確定在年底正式開工。延線9個隧道，40公里的開挖和35公里的橋樑興建工程，被環保人士批評為讓後山夢土變焦土的計畫，環保團體要求政府能暫緩興建工程，否則不排除在動工前發動更大規模的抗議行動。",2003/11/20 11:55
