Id,Comment
Et Et,私校教師分幾種第一，皇親國戚工作最輕鬆錢最多權力地位最大無法無天第二，有皇親國戚做靠山的老師皇親國戚的走狗第三，沒有靠山的平民兩種下場：血汗過勞低薪一是努力考出去公立聯招/高普考換公務員當二，換另一個私校或轉行
Kelly ,不能用公私立二分法，公立有明星學區跟彈簧刀學區。私立也有繳錢私立跟升學私立。最恐怖的彈簧刀公立學校，光是處理中輟、電子煙、毒品、霸凌、性評...就開不完的會...更何況現在教育部一堆專案，遇到好大喜功的校長，老師都不用教書了。
Nell Chang,教育本質還是家庭教育，家長應該要在家庭教育上多用心，而不是覺得把孩子送進私校就可以把「教育」這件事丟給學校老師，而是要與老師共同合作一起教育孩子才是
黃鳳純,教育部是否該重視這個問題…為什麼大家要擠破頭要去讀私校！
George Chung,很明顯就是齊頭式教育啊…
Lynn Shih,因為私校和補習班不受很多規定綁手綁腳 補習班的布條寫著：「公立學校不能教的我們都可以教 公立學校不能考的我們都可以考」公立學校早自修考試就被告發 所以家長只好擠破頭送私校 或是讓小孩補習補到23點才回家 而公立學校老師想留學生下來自習 或六日想帶學生校外教學 都被說不行 有補習 然後學生累的要死來學校睡覺 寫補習班作業 就因為公立學校一直被評鑑正常化教學正常化教學 整個本末倒置的教育政策 讓我們的學子更累更不健康 教育部到底在搞什麼
安柏老師的課堂  · ,這篇寫得真好尤其是最後這段這些老師是否真的被好好對待？因為老師撐得住，孩子才能被照顧；因為老師教得穩，孩子才能學得好。不論公校私校老師其實都不容易
翻轉地理教室,安柏老師的課堂 真的，其實公校還是私校都有好老師，重點在於一些結構性問題應該被看見，被重視，教育當局應該主動積極，而不是等著被動反應！
李育嬋,國中公立私立都有各自的問題，區域也有差異。私校大爆滿的情況基本上集中在台北台中，南部的台南/高雄，唸私校的熱度有天壤之別。以企業角度來看就是人力配比的問題，不知道有無法規規範？當一間學校的人力不足夠負擔所有工作量，主管單位不管？不記缺失？不要求改善？已經有許多家長選擇走第三條路-自學或實驗教育，也期待真正有教育理念的老師願意脫離體制。
Pap Lee,8月起，有證公立代理可依照年資敍薪。相信更多 私中老師，會寧願來公立 當代理。反正都是一年一聘，薪資成長反而有法律保障且因故中途離職沒有違約金問題。
Spiderbella Chou,私校教師真的非常非常辛苦，超鐘點上課、多如牛毛的業務，還有巨大的考核壓力，身心靈都很需要關心關照
Pap Lee,私人企業是以 盈利為目的。
Chaoyin Lin,我看今年有的私校國中國一導師一個人要面對50個孩子，超可怕。雖說會選擇進私校的孩子素質、家庭背景應該不至於多差，但導師壓力實在太大
Xiang Liang,私中學生至少有被篩選過，不讀書的8+9比較少。
Sarah Lien,"之前同學說他連生孩子坐月子都無法坐滿就得回去上班了,我很訝異以為這是法律保障的.要孩子好老師也得好才可能真心認真對待孩子吧!不然也只能一直換老師,那又是誰贏了呢?"
巧虎文,遇到公校的89或是89家長，輕則檢討報告寫不完，重則被砍、被打送醫院，私立的孩子好帶很多了！
黃咔哩,私校太多不合理，請育嬰直接變代理，一年後客氣的請你走人！
翻轉地理教室,當事情發生時，大多都是小蝦米的個案，很難讓人關心與重視這些問題。
Chaoyin Lin,學校專輔、輔導老師良莠不齊也令人煩惱
蔡青容,這年頭，教育不像教育，比較像服務
黃建智,偉大教育部和司法院不解決校園霸凌問題，當然如此，應該禁止高官小孩讀私校看看
游櫟群,因為怕小孩被公校的8+9砍死，很殘酷的現實
翻轉地理教室,這些都是應該被社會重視的結構性問題啊
王祖修, 私校一樣有8+9啊，而且更有錢可以壓掉這些黑歷史比例上少太多了，公校整天在接收私校踢出來的8+9
Skylark Liu,我國中唸私校時，記得老師都是一年一聘，只能無奈跟著學校，成績為至高無上的教育方針。可以轉到公校的老師，大家都獻上祝褔。
蘇珊媽咪的天堂路  · ,M型化的社會，要站對邊，不然生活很辛苦，月薪三萬和三十萬，生活差很多，你是站哪一邊？？
駱小智,會不會大家所認為的問題，在教育部的眼中不是問題~~XD
Ben Chen,如果問題一直在，卻一直沒人講，有問題也會被當沒有問題！這也是我們認為，有些時侯，看到問題，政府、高層、相關單位，應該要主動積極處理，而不是被動的等人來吵再處理！社會要進步，需要民眾一起努力！如果還未盡理想，那麼我們也應該走在前進理想的路上！
翻轉地理教室,他們很好，擺爛的還不少，家長擔心小孩被針對都怕死了不敢反應
Chi Chiu,用成績入學已經違法。政府要有做為
Cary Chen,齊頭式教育才違反社會常態…
George Chung,人力資源不足的融合教育現場，跟社會新聞事件的恐懼。
Chen Fang Lin,我之前的學校違約金就是20萬
高倩如,還有好多好多不合理的潛規則
翻轉地理教室,沒錯，我文章有寫到，就我知道的，就有賠5個月的，實在更不合理！
Zhao Wei,只要老師願意告，那個違約金根本就不合法，我就有認識學校老師直接付諸法律，最後一毛不賠的
劉毅., 因為學校老師的問題
Alice Sung,"台灣的教育體制出大問題少子化已是國安問題,108課綱下讓學校老師家長學生無所適從,教育部仍鴕鳥心態,一昧看政客眼色討好奉承...."
Hsieh Chieh,一堆畢業就出國了啦⋯⋯
Monica Xue,因為教改失敗，孩子的學科能力、思考能力，素質全方位下降，所以改讀什麼都教的私立學校！！
謝達仁,"家長花錢讓學子回到教改前的教學環境?事實證明,傳統的教學教育方式,不會比較差"
Hong Bang Chang,家裡有很多財產比較實在
阮維忠,這算是新聞嗎？這現象不是已經存在很多年了嗎？
楊芷梅,畢業還是送外賣
Yan Jing Bi Bi,教育部搞爛公校導致學校老師無法約束學生教育部負全責
楊坤鵬,恐龍政府恐龍家長害人教改，不能碰的學生，這很正常
鄭瓊美,規範特多
Jason Lai,沒辦法～在愛的教育下，學校不敢多管教、學生都變8+9
林凱傑,廢物教育部無所作為，有錢的話當然去明星私立國中啊，誰想去一堆雜魚的公立國中被8+9割喉？
Ann Xu,即便是科技業的膚淺主管過著追物質追時尚的假象還是得過著寄人籬下的生活私校 名牌 時尚然後 貸款光鮮亮麗騙鬼嗎是人生萬歲嗎？出社會一切重來，靠得多是你家族背景
Julia Tsai,不要再無聊了，就算進了這幾間私校，也不代表一定進的了台大，什麼爛標題，公立一堆名校升學率比這些私校更高，不用這種爛標題
Scott Liu,台灣的教改愈改愈失敗了，素質只會愈來愈差。
ChunYi Lee,如果具備挑戰能力，應該不用去管考題如何千變萬化，因為站在競爭搶錢的立場，業界一些的慣老闆在物質的水準上也是鬧很多笑話，所以造就了社畜這種新名詞的產生！慣老闆接觸的人一定是社畜無誤
Wenhao Liao,有錢誰不想隔絕8+9
賀桐慶,妓者不要把讀私校的當作有錢人一堆國產車的父母只是把自己的消費縮減喊沒錢的要去lala port吃飯逛街要喝星巴克要貸款買好車只是看父母要不要把預算給孩子的教育而已
林凱傑,因為教育部惡搞 現在公立老師不太敢管 8+9學生太多 所以家長寧願花大錢送去私立
Jack Chen,教育部真的是豬頭腦殘官員集中場！公務人員眾所周知的簡單複雜化到極致的瞎忙龍頭機關。
Net Hsu, 你以為他們是豬頭，其實呢呵呵....去看看那些教科書商和教育體制的關係就知道了，制度太簡單怎麼能藏商機呢~
Yun Ting,少子化，《獨生子女》！誰敢賭那千分之一的《意外》！
陳勁任,但這也可能是教育走市場機制的結果
Wei Lee,非常認同，公校老師也打算讓小孩唸私校
林凱傑,我自己小孩以後也會送私立，朋友小孩讀公立，他們班上一堆8+9嚴重影響上課，很慘
Yun Ting,私校要看榜單！招生少榜單少教學方針必有問題！（不符合學測教學）若是-雙聯學制例外《富貴必竟是少數》！連私校老師也讓孩子讀其他的（私立名校）！
Jenny Yang,公立學校無法拒收 從他校轉過來的學生呀
Sally Huang,8+9的家庭教育不用負責嗎？
Kun Tan Chou, 不用啊！教育局就每學期叫老師修家庭教育，然後數據超漂亮，家長那塊根本沒作為。本末倒置，老師沒去修還要寫報告，家長呢？
林凱傑,就是家長不用負責，又不准老師管教，才會變這樣
李映潔,把教官逐出校園，真的是不智的做法
Stanley Yu,重點之一！ 私校沒有89！
吳信達,其實也有，以前我讀南山，只是南山蠻嚴格的，很多受不了隔年轉學的不少。
楊雲帆,至少有這個機制啊，在一般學校， 轉學都被欺負的 ～
Li Wang,"現在的人很奇怪,在公立學校你的孩子老師都教不得,然後再花大錢送去私校請老師打"
李卓蕙,不是不太管。是管不了也不能退。家長沒在怕，小孩更是
Hor Stail, 私校可選擇以不收，公立不行
黃棋棋  · ,但現在89家長用鈔能力讓他們的孩子也去讀私校所以感覺都一樣
李玢,諷刺的是，現在的黑子化已經根深蒂固…。身為私校教師，我還是要處理一堆學生的品德還有違禁品問題🙃考進來不代表進來不會歪掉
Stanley Lu,8+9的爸媽是誰請問而且教育部怎樣惡搞？教育部培養出8+9的嗎笑死
Net Hsu,放任不管還有帝王條款兒少法，叢林法則之下自然培養出自私自利無法無天的8+9，跟法務部一樣，不痛不癢的法規只是防君子不防小人，對守法良民處處刁難但是對真正的惡人束手無策。
Yuchun Tseng,沒錯一些學校老師不能打罵就可能有壞孩子等就算花再多錢也要讓小孩都私立因為至少老師權利大學生都很聽話而且也比較沒有壞小孩
洪敬承,公校是教改的白老鼠~~東山 薇閣等根本屌打市立明星高中~~早上沒有早自習 學生上課玩手機 整天搞事鬧學校~~口袋有點錢的 當然會想把孩子送到有念書環境 不用一堆神奇課程 念書保頂大的私校~~這幾間學校的學生氣質 對照公校學生氣質~~不要再酸甚麼適性揚才~~家長到最後看的只有三年後的升學啦~~
Yun Ting,公立除了資優班&特殊選才藝班！都是普通班！全是自己請家教！家教班！
Natalie Yang,氣質？一堆被私校填鴨到兩眼無神的學生沒看到嗎？這種以後會有競爭力才有鬼
洪敬承,他們不用競爭力！爸媽給的起跑點 已經不是多數家庭靠努力追得上的！這不是逼格什麼是逼格呢？！有機會去新北投 看看吧！如果哪兒的學生多數是兩眼無神 再來跟大家分享分享
Yoshimune Tsai,好笑～ 當初只是人在海外工作，怕兒子國中變壞，才讓他考私校。考上了每天考試，是不用補習沒錯，但就是死讀書。 後來還是讓他出國讀書比較好。 思考也比較多方面。 說實在很喜歡台北師大附中的校風～ 考不上才會去考慮私校
Alice Hsu,部分私校過度成績至上，品德放兩邊的例子不少見，成績好萬事沒關係，成績不好樣樣都是錯，學校的這種扭曲風氣令人不敢恭維。
洪敬承,公校一樣歐！校規現在跟擺設差不多了！踩線的 警告 小過幾乎都不敢處理！家長會來跟你剛的！
Summer Liang, 現在的家長真的好兩難，很多人要進私校得從幼稚園開始唸，經濟條件不好的真的很無力BTW東山在我那年代真的稱不上好私校，剛剛看到新聞還想說弄錯了吧
黃益中   · ,私立學校可以挑學生，公立學校只能概括承受。在2023年12月新北市國中少年殺人案件發生後，這兩年私校的招生盛況更是如日中天。
Mason Li,政府知道呀！現在也是教育階級化！有錢念私校 沒錢念公校！ 我們的教育體制從日本德國制走入美國制！資本主義至上！
Peter Fong,蔡英文的社會安全網大成功呢！
Yu-Ching Hu,公立學校所有資源給那2班升學績效班。其餘近放生….家長能怎麼辦？還有些家教、家教班的高昂學費……只有少數學生家庭能支撐。
Dp Derek,民進黨和側翼繼續努力維護加害者人權
Chia-Yi Shen,台南不行，超過名額，要抽籤
周玉涵,以為公立才有89？私立學校的89更難搞，因為爸媽有錢，只要能用錢擺平的事就不算事
Yi Yang Li,私立89起碼有錢負責，公立89很多家庭狀況都不好，出事也只有爛命一條還有你應該有深深的誤會，這種私中只是一般「小康家庭」能上的，基本上都是理念相同的家長，都是送小孩進來好好讀書考大學的你描述的那種真正有錢人，上的是貴族學校，才不會上這種平民私中，他們未來的目標是送出國栽培，根本不會上這種以台灣考試為主的學校
師為訴摻,呵呵私立的才不敢，之前去教育集會場合遇到某私立的生教，他們說學校89學生跟怪獸家長幾乎沒有，因為2個原因:1.只要有問題就協助轉學，學校有明文規定要家長配合事項，你不遵守就轉學囉！（後面一堆人排隊擠進來2.因為私立學校要直升上國中部，如果國小有問題，他們也會列入考慮（一樣一堆人排隊等進國中上述而言，家長跟學生根本不敢「假肖」！
Abby Wang,師為訴摻 正確，我兩孩子讀那種需要激烈競爭考入的第一志願私中，國高中都讀那邊，的確少數壞學生能靠關說進來，但屁股保證坐不滿一學期就記滿過退學了，被校方強制一直約談父母勸退，父母丟不起人很快把孩子轉走。所以明星私校學校完全沒有壞學生生存空間，是真的，分分鐘違反校規記滿大過退學轉學。全校都是家教良好，父母高學歷，老師更是細緻貼心負責任，帶孩子帶心，帶得全班品格心裡素質很強，對孩子跟家長來說，辦學細緻精緻用心的明星私校，簡直天堂，所有老師比父母還關心孩子，而且私中老師非公立老師終身制，私校老師如果像公校老師那樣亂霸凌學生，最慢一年內會被取消聘任fire掉。所以私校能淘汰壞學生，也很快淘汰壞老師，這就是私校既安全，升學成績又好的根本原因。公校無法淘汰壞學生，也無法淘汰壞老師，就像一鍋屎，越攪越臭，永無法改善，你只能遠離它。
David Chao,那要看什麼私校，我們家讀的私校，8+9會讀不下去被要求轉學
洪碩謙,這種是要考試才進得去的私校，跟那種野雞私校不一樣…
Yu Ting Tsai,私校也是要考試的…但有人也會說89也有成績好的…但說真的，私校雖然也有不怎麼愛讀書的小孩，但父母大多平時管的也嚴，不太會讓小孩放學沒人管到處亂跑
盧貞貞,至少小孩送去私校，應該不會被砍吧！這點就贏了。教育部該檢討很多，很多吧！
Roudolf Chen,第一會分班，第二大多時間都被限制在學校，還有能用錢擺平私校的，在外面可以擺平議員…
Auwoo,哈哈哈….不用錢就可以搞死公立學校
徐大一,你放心，有錢的８９不會去這種私校
Allen Yuan,有錢就不會叫89 起碼是89教科書
Yuchun Tseng,你要送看看私立嗎？學生一天到晚補習，課外活動一堆誰還8+9阿那來的時間ㄚ，有錢也要考的上啊！考上還要成績要幾百名內喔不然也是淘汰掉好嗎？是很多家長怕小孩變壞，爲了孩子好嗎！不知道就把孩子送去看看ㄚ！
徐湘穎,對但是至少有人管有人顧，主要還是看遇到什麼老師
Johnny Li,私立學校如果遇到學生犯嚴重校規，馬上被開除， 公立學校根本睜一隻眼閉一隻眼
盧智煌,這不一定，過來人經驗，父母是家長會成員還是會壓事情
鄭雯雯,我想讓小孩進私立不是想讓他書讀多厲害，是想讓他安全長大，減少走偏路的機率，這樣就好了
王奕琅,確實如此 我媽當初讓我讀東山就是
Mina Huang,我的小孩原本可以上公立學校，但最後選擇私校，其實主要原因就是學校敢管，成績真的是其次。小孩的同學就讀公立學校，上課還能po文上IG，反觀私校，一進班級門口後就必須交出手機然后集中放置班導辦公室，直到放學回家手機才會歸還孩子（抱歉，我真的認為上課就該好好上課）。其實也不能怪公立老師不敢管，而是公立學校一管孩子後就有民代上學校關切，所以老師最後就通通都不管了
李曉菁,不是吧⋯家裡小孩讀公立的，也是到校就收手機到導辦，直到放學歸還～
Teng Ting Tsai,現在的升學制度，私校其實沒什麼優勢
李福幸,私校晚上留下來復習當天白天上課的進度就如同補習班一樣！
Yu Ling,這是導師跟學校敢作為，如果家長不挺，學生硬是不交，導師也沒辦法，弄不好還會被家長學生告侵佔，要感謝願意收手機的老師啊
Li Wang,"沒辦法,在公立學校老師如果管教學生很快家長就來了,然後動不動告老師或是讓老師上媒體公審,私立學校沒這問題,私立學校你不想學校管孩子學校會請你直接帶回去,之後不用來也沒關係,只能說這環境和耽心都是家長自己造成的"
王傳凱,每間學校都這樣！你是不是誤會了什麼！ 孩子又不是學校老師的！自己教好就不會有問題！ 私校只是滿足父母的懶惰管教的藉口！
張漢卿,是管教問題，不是升學問題，望知悉。
Lily Chen,唸私校真的是安全大於成績考量 我問兒子班上上課會吵鬧嗎 他說不會很安靜 大家都在上課 而且他們導師有組織學習小組 讓英數理較好的同學教比較落後的同學 他的數學除了家教外 他的同學的教導真的是幫忙很大
