	feature	feature_idx	coef	se	t	p	r2
0	(intercept)	-1	1.164411074927497			0.0	0.6128953640372568
1	x11	9	-0.0123685926960132	0.000146929000533	-84.18074478923735	0.0	0.6128953640372568
2	x18	15	-0.0123404508563934	0.0001469792405374	-83.96050225370972	0.0	0.6128953640372568
3	x91	82	-0.0121024440188808	0.0001469595850224	-82.35219238700871	0.0	0.6128953640372568
4	x578	446	-0.011193395146845	0.0001469375080752	-76.17792960740721	0.0	0.6128953640372568
5	x580	448	-0.0097450966879582	0.0001468986617773	-66.33890717623731	0.0	0.6128953640372568
6	x85	77	-0.0088510880244081	0.0001470065330637	-60.20880732268126	0.0	0.6128953640372568
7	x113	103	-0.0088342532326677	0.000146892453225	-60.14096053752113	0.0	0.6128953640372568
8	x446	353	-0.012711383847958	0.0001469666256089	-86.49163573898953	0.0	0.6128953640372568
9	x384	304	-0.0085927344923203	0.0001469509181862	-58.473499848615766	0.0	0.6128953640372568
10	x317	259	-0.0082264612163355	0.0001470420491214	-55.94631784232711	0.0	0.6128953640372568
11	x118	108	-0.0080915138072094	0.0001469479339719	-55.06381470291389	0.0	0.6128953640372568
12	x128	118	-0.0068328797838077	0.0001469690855297	-46.49195277480936	0.0	0.6128953640372568
13	x9	7	-0.0068018127814597	0.000146959561238	-46.2835675621168	0.0	0.6128953640372568
14	x280	228	-0.0062165045008804	0.0001469074607016	-42.315784856591534	0.0	0.6128953640372568
15	x528	407	-0.0060465494579192	0.0001469493094516	-41.147178441877294	0.0	0.6128953640372568
16	x486	381	-0.0060235471462325	0.0001470447412976	-40.964043277423286	0.0	0.6128953640372568
17	x332	267	-0.0085841300599178	0.0001469672563524	-58.4084528279833	0.0	0.6128953640372568
18	x391	311	-0.0059355495323034	0.0001469363695514	-40.39537352408653	0.0	0.6128953640372568
19	x36	33	-0.0142501767638214	0.0001470249051672	-96.92355691444504	0.0	0.6128953640372568
20	x311	256	-0.0148506083467795	0.0001469606764695	-101.05157858232776	0.0	0.6128953640372568
21	x7	5	-0.0380757442151128	0.0001470176305503	-258.98760626589416	0.0	0.6128953640372568
22	x58	52	-0.0310872214856985	0.0001469712374241	-211.5190838053936	0.0	0.6128953640372568
23	x563	431	-0.030969113053729	0.0001469418447415	-210.7576171253987	0.0	0.6128953640372568
24	x1	0	-0.0290068313206445	0.0001469285736779	-197.42130883418565	0.0	0.6128953640372568
25	x274	223	-0.0290811211443028	0.000146972652145	-197.86756733213917	0.0	0.6128953640372568
26	x518	398	-0.0270116679807022	0.0001469984890675	-183.75473212027708	0.0	0.6128953640372568
27	x103	93	-0.0263719194240383	0.0001469797084667	-179.42557989219733	0.0	0.6128953640372568
28	x581	449	-0.0146030725852055	0.0001469197937987	-99.3948616971598	0.0	0.6128953640372568
29	x247	207	-0.0206976113984404	0.0001469725199425	-140.82640351085436	0.0	0.6128953640372568
30	x144	133	-0.0184053002844319	0.0001469312788246	-125.26468449512468	0.0	0.6128953640372568
31	x474	371	-0.0177694492202998	0.0001469481966255	-120.92322075631692	0.0	0.6128953640372568
32	x49	45	-0.0175600960002415	0.0001469524063885	-119.4951238417512	0.0	0.6128953640372568
33	x324	265	-0.0165018009752896	0.0001470159941399	-112.24493683034956	0.0	0.6128953640372568
34	x390	310	-0.0156933067801018	0.0001470171517398	-106.74473416458352	0.0	0.6128953640372568
35	x38	35	-0.0151119388250879	0.0001468965068814	-102.87473232620871	0.0	0.6128953640372568
36	x512	396	-0.01542877902827	0.0001470312746352	-104.93535519257932	0.0	0.6128953640372568
37	x282	230	-0.0198488174458841	0.0001470031850037	-135.023043516916	0.0	0.6128953640372568
38	x378	302	-0.0708689192708174	0.0001469119215531	-482.39052706938594	0.0	0.6128953640372568
39	x141	131	-0.0715537037300144	0.0001469589203402	-486.8959540825768	0.0	0.6128953640372568
40	x469	366	0.0126580296922993	0.0001469475456624	86.13978297652318	0.0	0.6128953640372568
41	x134	124	0.0071076449287291	0.0001469177844655	48.37838356046815	0.0	0.6128953640372568
42	x8	6	0.0072545483038253	0.0001469252532161	49.37577540297724	0.0	0.6128953640372568
43	x495	389	0.0074023206922401	0.000146918268645	50.38393632398664	0.0	0.6128953640372568
44	x163	149	0.009374144279176	0.0001470181214843	63.76182870880291	0.0	0.6128953640372568
45	x66	60	0.0096032511566065	0.0001469729824242	65.34024824292916	0.0	0.6128953640372568
46	x413	322	0.0102285405388944	0.0001470280534764	69.5686319518066	0.0	0.6128953640372568
47	x246	206	0.012742860493056	0.0001469025031089	86.7436580274367	0.0	0.6128953640372568
48	x440	347	0.0062355115252672	0.0001469610864224	42.42967765863155	0.0	0.6128953640372568
49	x302	247	0.0058191850328912	0.000146956020476	39.59813972943156	0.0	0.6128953640372568
50	x218	193	0.0131844281162646	0.000146919947985	89.73885641184829	0.0	0.6128953640372568
51	x29	26	0.0130193076658532	0.0001469574775501	88.59234577847003	0.0	0.6128953640372568
52	x223	197	0.0131964145394145	0.000146981354969	89.78291526970567	0.0	0.6128953640372568
53	x488	383	0.0134756546538123	0.0001468719278491	91.75105720445356	0.0	0.6128953640372568
54	x587	455	0.0134471825601071	0.0001469644806019	91.49954128389928	0.0	0.6128953640372568
55	x339	274	0.0136193729254841	0.0001469384275265	92.68761858106036	0.0	0.6128953640372568
56	x552	420	0.0141710670551335	0.0001469444870392	96.43823555862086	0.0	0.6128953640372568
57	x287	234	0.0127619523786372	0.000146944576181	86.84874740058162	0.0	0.6128953640372568
58	x164	150	0.0149711910593364	0.0001468877765527	101.92264741619871	0.0	0.6128953640372568
59	x478	375	0.0061903657862793	0.0001469902548353	42.114123777875264	0.0	0.6128953640372568
60	x342	277	0.0180039131419423	0.0001470310702043	122.44971839573589	0.0	0.6128953640372568
61	x291	238	0.1263668834193003	0.0001469797665551	859.757001804183	0.0	0.6128953640372568
62	x125	115	0.1023694108459812	0.0001470048367107	696.3676375313573	0.0	0.6128953640372568
63	x461	364	0.0605645013703107	0.0001470398524721	411.89174466672125	0.0	0.6128953640372568
64	x87	78	0.0586905077763126	0.0001468819283271	399.57609792250895	0.0	0.6128953640372568
65	x217	192	0.0399455440101628	0.0001469109019693	271.903197616304	0.0	0.6128953640372568
66	x46	42	0.0393064702258674	0.0001469254085299	267.52670364602176	0.0	0.6128953640372568
67	x153	141	0.0365079024618143	0.0001469481624935	248.44068712606625	0.0	0.6128953640372568
68	x16	13	0.0177380364000263	0.0001470206261794	120.6499853862525	0.0	0.6128953640372568
69	x114	104	0.0055505500878622	0.0001470041370109	37.75778152045672	0.0	0.6128953640372568
70	x588	456	0.029210084363958	0.000146967954882	198.7513835067662	0.0	0.6128953640372568
71	x561	429	0.0288629652064864	0.000146965825133	196.39235979087857	0.0	0.6128953640372568
72	x253	213	0.02542100439663	0.0001469718948241	172.96507217964572	0.0	0.6128953640372568
73	x20	17	0.0207904811088015	0.0001469877373776	141.44364339306176	0.0	0.6128953640372568
74	x426	333	0.0208339110126197	0.0001470649039838	141.6647374611727	0.0	0.6128953640372568
75	x484	379	0.0203740218966743	0.0001469893234142	138.6088555510461	0.0	0.6128953640372568
76	x525	404	0.0201631000449012	0.000146973549225	137.18863122794102	0.0	0.6128953640372568
77	x585	453	0.0333785622306631	0.0001469656363841	227.1181417090996	0.0	0.6128953640372568
78	x361	293	0.0163879114492901	0.0001469830386294	111.49525552130754	0.0	0.6128953640372568
79	x206	183	0.0049811562707908	0.0001469386770176	33.899558454519486	7.977769943478466e-252	0.6128953640372568
80	x3	2	-0.0047976191313159	0.0001469575628183	-32.64628944102501	1.042862792773482e-233	0.6128953640372568
81	x576	444	-0.0046684753103921	0.0001468746734747	-31.785434479237725	1.1692980771435545e-221	0.6128953640372568
82	x434	341	0.0046585573984732	0.0001469624044679	31.69897372963484	1.821405414388556e-220	0.6128953640372568
83	x146	135	-0.0045351731321263	0.0001469287370812	-30.8664814128048	3.77201607366387e-209	0.6128953640372568
84	x4	3	-0.0043608774851965	0.000146953155031	-29.675289953972303	1.7636772418297642e-193	0.6128953640372568
85	x358	291	0.0042684935754343	0.0001469938067345	29.03859468815613	2.343683073645237e-185	0.6128953640372568
86	x420	328	0.0039478680398926	0.0001469371777884	26.867727414620145	5.589275111048759e-159	0.6128953640372568
87	x160	146	0.0036954546784821	0.0001469147376583	25.153737040832134	1.352429345216148e-139	0.6128953640372568
88	x79	71	-0.0035786649395299	0.0001469094744059	-24.359660627746752	4.786848517513578e-131	0.6128953640372568
89	x318	260	-0.0030309529796982	0.0001469528253058	-20.625346762740385	1.6629786308848647e-94	0.6128953640372568
90	x154	142	0.0029636488358016	0.0001469548309916	20.16707321429157	1.9459055044405638e-90	0.6128953640372568
91	x84	76	0.0029399333663602	0.0001468963908374	20.01365281746521	4.273313314403236e-89	0.6128953640372568
92	x583	451	-0.0027978952278436	0.0001470358416332	-19.02866128942379	1.0038367949971422e-80	0.6128953640372568
93	x281	229	-0.0023522307059817	0.0001469814776334	-16.00358592017494	1.2162359860752648e-57	0.6128953640372568
94	x181	165	-0.0022852279136525	0.0001469817810317	-15.54769507902162	1.6615477363828558e-54	0.6128953640372568
95	x335	270	0.0022623449314334	0.0001469953047327	15.3905931590552	1.9063253009219461e-53	0.6128953640372568
96	x88	79	-0.0020989601466563	0.0001469917523858	-14.279441618916616	2.9549383829737984e-46	0.6128953640372568
97	x438	345	0.001488033367201	0.0001468998075302	10.129580101011156	4.089477014319334e-24	0.6128953640372568
