,駕駛執照別,小型車,,,,,,,,,,,,,,,,,,,,,,,,,,,,,,普通重型機車,,,,,,,,,,,,,,,,,,,,,,,,,,,,,,普通輕型機車,,,,,,,,,,,,,,,,,,,,,,,,,,,,,,小型輕型機車,,,,,,,,,,,,,,,,,,,,,,,,,,,,,
,性別,總計,,,,,,,,,,男,,,,,,,,,,女,,,,,,,,,,總計,,,,,,,,,,男,,,,,,,,,,女,,,,,,,,,,總計,,,,,,,,,,男,,,,,,,,,,女,,,,,,,,,,總計,,,,,,,,,,男,,,,,,,,,,女,,,,,,,,,
,領照年齡別,未滿20歲,20-未滿25歲,25-未滿30歲,30-未滿35歲,35-未滿40歲,40-未滿45歲,45-未滿50歲,50-未滿55歲,55-未滿60歲,60歲以上,未滿20歲,20-未滿25歲,25-未滿30歲,30-未滿35歲,35-未滿40歲,40-未滿45歲,45-未滿50歲,50-未滿55歲,55-未滿60歲,60歲以上,未滿20歲,20-未滿25歲,25-未滿30歲,30-未滿35歲,35-未滿40歲,40-未滿45歲,45-未滿50歲,50-未滿55歲,55-未滿60歲,60歲以上,未滿20歲,20-未滿25歲,25-未滿30歲,30-未滿35歲,35-未滿40歲,40-未滿45歲,45-未滿50歲,50-未滿55歲,55-未滿60歲,60歲以上,未滿20歲,20-未滿25歲,25-未滿30歲,30-未滿35歲,35-未滿40歲,40-未滿45歲,45-未滿50歲,50-未滿55歲,55-未滿60歲,60歲以上,未滿20歲,20-未滿25歲,25-未滿30歲,30-未滿35歲,35-未滿40歲,40-未滿45歲,45-未滿50歲,50-未滿55歲,55-未滿60歲,60歲以上,未滿20歲,20-未滿25歲,25-未滿30歲,30-未滿35歲,35-未滿40歲,40-未滿45歲,45-未滿50歲,50-未滿55歲,55-未滿60歲,60歲以上,未滿20歲,20-未滿25歲,25-未滿30歲,30-未滿35歲,35-未滿40歲,40-未滿45歲,45-未滿50歲,50-未滿55歲,55-未滿60歲,60歲以上,未滿20歲,20-未滿25歲,25-未滿30歲,30-未滿35歲,35-未滿40歲,40-未滿45歲,45-未滿50歲,50-未滿55歲,55-未滿60歲,60歲以上,未滿20歲,20-未滿25歲,25-未滿30歲,30-未滿35歲,35-未滿40歲,40-未滿45歲,45-未滿50歲,50-未滿55歲,55-未滿60歲,60歲以上,未滿20歲,20-未滿25歲,25-未滿30歲,30-未滿35歲,35-未滿40歲,40-未滿45歲,45-未滿50歲,50-未滿55歲,55-未滿60歲,60歲以上,未滿20歲,20-未滿25歲,25-未滿30歲,30-未滿35歲,35-未滿40歲,40-未滿45歲,45-未滿50歲,50-未滿55歲,55-未滿60歲,60歲以上
日期,,,,,,,,,,,,,,,,,,,,,,,,,,,,,,,,,,,,,,,,,,,,,,,,,,,,,,,,,,,,,,,,,,,,,,,,,,,,,,,,,,,,,,,,,,,,,,,,,,,,,,,,,,,,,,,,,,,,,,,,,
103年,,114992,825813,1151785,1493144,1524364,1367066,1360076,1269266,1044033,1649637,78707,508480,643659,773272,751121,662063,678720,666050,590616,1172849,36285,317333,508126,719872,773243,705003,681356,603216,453417,476788,404465,1290200,1317568,1563571,1495073,1300295,1292973,1275551,1069976,2018441,237709,724634,715628,831272,808559,732204,787512,804513,714319,1596434,166756,565566,601940,732299,686514,568091,505461,471038,355657,422007,2973,17286,48901,104025,134781,116233,125371,108295,84107,162880,960,3523,6090,8958,8723,6159,7482,6835,4951,35607,2013,13763,42811,95067,126058,110074,117889,101460,79156,127273,2,-,-,-,-,-,-,-,-,1,1,-,-,-,-,-,-,-,-,1,1,-,-,-,-,-,-,-,-,-
104年,,123646,841951,1157629,1455329,1561427,1362476,1367612,1291399,1080981,1800708,84177,513873,648741,755373,769706,656530,673137,667538,598167,1250700,39469,328078,508888,699956,791721,705946,694475,623861,482814,550008,387289,1280123,1320978,1526017,1550098,1303021,1300813,1287981,1106897,2141973,227832,714176,716532,805398,824969,715343,772542,797275,723557,1660776,159457,565947,604446,720619,725129,587678,528271,490706,383340,481197,2531,13425,36257,91174,127510,113158,119288,108837,84996,172131,675,2865,4933,8532,8656,6278,7064,6931,5103,33404,1856,10560,31324,82642,118854,106880,112224,101906,79893,138727,1,-,-,-,-,-,-,-,-,1,1,-,-,-,-,-,-,-,-,1,-,-,-,-,-,-,-,-,-,-
105年,,127814,878613,1184138,1382863,1559581,1410535,1364100,1314363,1117700,1965870,85780,529887,662416,718337,769867,678372,663902,669242,606648,1335048,42034,348726,521722,664526,789714,732163,700198,645121,511052,630822,333293,1273658,1337276,1449027,1565790,1353624,1297409,1298150,1143947,2293809,198839,707825,724867,760988,822722,729966,751446,790888,733417,1746587,134454,565833,612409,688039,743068,623658,545963,507262,410530,547222,715,9827,27386,76615,116176,115514,112139,109820,86292,182981,152,2188,4071,7831,8445,6588,6583,6983,5354,32115,563,7639,23315,68784,107731,108926,105556,102837,80938,150866,2,1,-,-,-,-,-,-,-,1,1,1,-,-,-,-,-,-,-,1,1,-,-,-,-,-,-,-,-,-
106年,,112983,903507,1204216,1322413,1579955,1437190,1369710,1315746,1163432,2129248,75881,540056,671450,689073,782123,689270,659021,661195,621043,1415779,37102,363451,532766,633340,797832,747920,710689,654551,542389,713469,288809,1257179,1344099,1383695,1595865,1386766,1303577,1282890,1189693,2445381,176261,698817,728638,727050,831833,737334,736441,772425,750050,1831780,112548,558362,615461,656645,764032,649432,567136,510465,439643,613601,47,6906,21460,63948,107904,116113,106955,110541,89551,194268,12,1549,3475,6967,8310,6855,6019,7043,5723,31333,35,5357,17985,56981,99594,109258,100936,103498,83828,162935,1,2,-,-,-,-,-,-,-,1,1,1,-,-,-,-,-,-,-,1,-,1,-,-,-,-,-,-,-,-
107年,,113204,861882,1191226,1295847,1564576,1477689,1360361,1323372,1204589,2292625,77331,517301,664608,680030,777644,708313,649507,657154,631859,1493323,35873,344581,526618,615817,786932,769376,710854,666218,572730,799302,306041,1190183,1327506,1360080,1591128,1436044,1298369,1276984,1225424,2586905,187681,662918,718903,717001,823887,754970,716975,759168,759424,1903976,118360,527265,608603,643079,767241,681074,581394,517816,466000,682929,20,4469,16062,52633,97402,116333,102367,110385,92698,204367,10,1004,2889,6145,7901,7305,5608,6946,5974,30512,10,3465,13173,46488,89501,109028,96759,103439,86724,173855,-,1,-,-,-,-,-,-,-,1,-,1,-,-,-,-,-,-,-,1,-,-,-,-,-,-,-,-,-,-
108年,,114720,831915,1200761,1254505,1533239,1526204,1351538,1333140,1235537,2458161,78016,501097,670604,661641,765504,732456,641230,653886,638494,1566435,36704,330818,530157,592864,767735,793748,710308,679254,597043,891726,300058,1141961,1332306,1321630,1567140,1497311,1294392,1277457,1247105,2673469,182760,636743,720581,698346,807551,780383,699728,747857,761886,1915742,117298,505218,611725,623284,759589,716928,594664,529600,485219,757727,18,2617,12518,40128,87803,115481,99932,108849,95889,207016,4,562,2446,4996,7740,7564,5461,6789,6158,22534,14,2055,10072,35132,80063,107917,94471,102060,89731,184482,-,1,-,-,-,-,-,-,-,1,-,1,-,-,-,-,-,-,-,1,-,-,-,-,-,-,-,-,-,-
109年,,103820,821892,1196622,1254395,1491620,1563495,1348490,1343378,1260531,2636795,68698,493692,666142,666337,747996,752066,637288,650826,642276,1648908,35122,328200,530480,588058,743624,811429,711202,692552,618255,987887,270296,1115993,1315880,1323505,1526626,1548253,1294166,1281706,1259759,2838954,163500,620526,709086,701599,785375,799672,686880,736497,759028,2001103,106796,495467,606794,621906,741251,748581,607286,545209,500731,837851,24,1320,9480,30211,78486,111430,99550,106176,98483,218455,6,266,1950,4095,7447,7606,5595,6460,6360,22121,18,1054,7530,26116,71039,103824,93955,99716,92123,196334,-,1,-,-,-,-,-,-,-,1,-,1,-,-,-,-,-,-,-,1,-,-,-,-,-,-,-,-,-,-
110年,,85814,780654,1200807,1271874,1414489,1562018,1397331,1341735,1285103,2804706,57592,466117,667128,679042,712387,754142,660347,643495,645810,1718989,28222,314537,533679,592832,702102,807876,736984,698240,639293,1085717,250273,1058389,1312810,1341329,1449724,1562870,1345088,1279158,1270684,2996566,151681,586573,705008,712958,744755,800116,703805,718956,755204,2074723,98592,471816,607802,628371,704969,762754,641283,560202,515480,921843,24,512,7215,23252,67065,102635,103238,101120,100705,228732,10,96,1522,3425,6902,7461,5936,6036,6430,20957,14,416,5693,19827,60163,95174,97302,95084,94275,207775,-,-,-,-,-,-,-,-,-,-,-,-,-,-,-,-,-,-,-,-,-,-,-,-,-,-,-,-,-,-
111年,,90159,751488,1211971,1287319,1351771,1582943,1424530,1348487,1287933,2961919,59242,444112,669424,688225,685152,768014,672543,640092,639453,1781268,30917,307376,542547,599094,666619,814929,751987,708395,648480,1180651,237479,999121,1308454,1352702,1385851,1590206,1376364,1284698,1255451,3132705,143417,552095,700221,720475,714548,809442,711178,705242,737789,2132278,94062,447026,608233,632227,671303,780764,665186,579456,517662,1000427,24,121,5115,18321,56250,95927,104556,97308,101959,237473,9,25,1110,2937,6189,7433,6179,5537,6513,20315,15,96,4005,15384,50061,88494,98377,91771,95446,217158,-,-,-,-,-,-,-,-,-,-,-,-,-,-,-,-,-,-,-,-,-,-,-,-,-,-,-,-,-,-
112年,,90134,744459,1174071,1283130,1330470,1570599,1466126,1340297,1296200,3120028,59299,437202,646090,685600,679097,764954,691698,631314,635908,1842317,30835,307257,527981,597530,651373,805645,774428,708983,660292,1277711,235131,980979,1255576,1346077,1367214,1586716,1426008,1279367,1251030,3275405,139832,540088,671276,717527,708783,803269,729275,686733,725825,2193529,95299,440891,584300,628550,658431,783447,696733,592634,525205,1081876,17,111,3387,13716,46428,86887,105178,93675,102278,246250,6,19,747,2458,5495,7093,6633,5168,6418,19990,11,92,2640,11258,40933,79794,98545,88507,95860,226260,-,-,-,-,-,-,-,-,-,-,-,-,-,-,-,-,-,-,-,-,-,-,-,-,-,-,-,-,-,-
113年,,86404,707062,1145655,1298874,1292628,1541389,1514618,1331680,1305555,3269904,56868,416038,629761,694431,664181,754555,715618,623349,632602,1897674,29536,291024,515894,604443,628447,786834,799000,708331,672953,1372230,220282,942491,1222729,1362960,1335940,1564556,1485521,1274638,1250462,3406395,130421,518833,653727,727788,697051,790648,754505,670256,714231,2246206,89861,423658,569002,635172,638889,773908,731016,604382,536231,1160189,17,132,2081,10801,35688,79113,104778,91817,101227,254632,2,27,441,2107,4491,7048,6879,5029,6324,19761,15,105,1640,8694,31197,72065,97899,86788,94903,234871,-,-,-,-,-,-,-,-,-,-,-,-,-,-,-,-,-,-,-,-,-,-,-,-,-,-,-,-,-,-
"說明：
  1.領有駕駛執照人數按年齡及性別分統計數自103年7月開始統計。
  2.本表計算單位為「人」，惟同時領有汽車與機車駕照者，「總計」項共列計2人。
  3.104年2月因公路監理系統進行駕駛人資料清查，並與戶役政系統進行主檔資料校正，致領有駕駛執照人數
     明顯下降。
   4.本表資料為期底數。",,,,,,,,,,,,,,,,,,,,,,,,,,,,,,,,,,,,,,,,,,,,,,,,,,,,,,,,,,,,,,,,,,,,,,,,,,,,,,,,,,,,,,,,,,,,,,,,,,,,,,,,,,,,,,,,,,,,,,,,,
資料來源：交通部公路局。,,,,,,,,,,,,,,,,,,,,,,,,,,,,,,,,,,,,,,,,,,,,,,,,,,,,,,,,,,,,,,,,,,,,,,,,,,,,,,,,,,,,,,,,,,,,,,,,,,,,,,,,,,,,,,,,,,,,,,,,,
