title,author,date
基督教發展史(七)─古典時代晚期8,黃文璋,2023/10/29 下午 04:27:29
基督教發展史(七)─古典時代晚期7,黃文璋,2023/10/22 上午 11:11:37
基督教發展史(七)─古典時代晚期6,黃文璋,2023/10/16 上午 10:38:15
基督教發展史(七)─古典時代晚期5,黃文璋,2023/10/8 上午 11:18:57
基督教發展史(七)─古典時代晚期4,黃文璋,2023/10/1 上午 09:51:13
基督教發展史(七)─古典時代晚期3,黃文璋,2023/9/24 下午 02:06:34
基督教發展史(七)─古典時代晚期2,黃文璋,2023/9/17 下午 12:25:33
基督教發展史(七)─古典時代晚期1,黃文璋,2023/9/10 上午 09:26:33
基督教發展史(六)─早期基督教5,黃文璋,2023/9/3 下午 04:11:45
基督教發展史(六)─早期基督教4,黃文璋,2023/8/27 下午 05:02:55
基督教發展史(六)─早期基督教3,黃文璋,2023/8/20 下午 02:35:57
基督教發展史(六)─早期基督教2,黃文璋,2023/8/13 下午 03:24:00
基督教發展史(六)─早期基督教1,黃文璋,2023/8/6 下午 09:50:18
基督教發展史(五)─基督教的道統 5,黃文璋,2023/7/30 上午 10:17:18
基督教發展史(五)─基督教的道統 4,黃文璋,2023/7/23 下午 03:36:38
基督教發展史(五)─基督教的道統 3,黃文璋,2023/7/16 上午 10:25:42
基督教發展史(五)─基督教的道統 2,黃文璋,2023/7/9 上午 10:24:49
南區統計三十二年,黃文璋,2023/7/3 上午 09:16:51
基督教發展史(五)─基督教的道統 1,黃文璋,2023/7/2 上午 09:50:32
基督教發展史(四)─聖經、耶穌與保羅 16,黃文璋,2023/6/25 下午 01:43:10
基督教發展史(四)─聖經、耶穌與保羅 15,黃文璋,2023/6/18 上午 11:44:49
基督教發展史(四)─聖經、耶穌與保羅 14,黃文璋,2023/6/11 下午 04:56:39
基督教發展史(四)─聖經、耶穌與保羅 13,黃文璋,2023/6/4 下午 11:16:14
基督教發展史(四)─聖經、耶穌與保羅 12,黃文璋,2023/5/28 上午 09:32:20
基督教發展史(四)─聖經、耶穌與保羅 11,黃文璋,2023/5/21 下午 06:05:29
基督教發展史(四)─聖經、耶穌與保羅 10,黃文璋,2023/5/14 上午 10:05:23
基督教發展史(四)─聖經、耶穌與保羅 9,黃文璋,2023/5/7 上午 10:22:41
基督教發展史(四)─聖經、耶穌與保羅 8,黃文璋,2023/4/30 上午 11:03:30
基督教發展史(四)─聖經、耶穌與保羅 7,黃文璋,2023/4/23 上午 10:22:09
基督教發展史(四)─聖經、耶穌與保羅 6,黃文璋,2023/4/16 上午 11:28:20
基督教發展史(四)─聖經、耶穌與保羅 5,黃文璋,2023/4/9 上午 10:48:49
基督教發展史(四)─聖經、耶穌與保羅 4,黃文璋,2023/4/3 上午 10:03:10
高大統計所二十年的懷想,黃文璋,2023/3/29 下午 01:34:29
基督教發展史(四)─聖經、耶穌與保羅 3,黃文璋,2023/3/26 上午 11:08:08
基督教發展史(四)─聖經、耶穌與保羅 2,黃文璋,2023/3/19 上午 10:01:05
基督教發展史(四)─聖經、耶穌與保羅 1,黃文璋,2023/3/12 上午 09:54:54
基督教發展史(三)─埃及8,黃文璋,2023/3/5 下午 08:35:29
基督教發展史(三)─埃及7,黃文璋,2023/2/26 上午 11:47:00
基督教發展史(三)─埃及6,黃文璋,2023/2/19 上午 10:00:42
基督教發展史(三)─埃及5,黃文璋,2023/2/12 上午 11:43:31
基督教發展史(三)─埃及4,黃文璋,2023/2/5 上午 11:51:29
命名記趣,黃文璋,2023/1/31 下午 02:08:57
基督教發展史(三)─埃及3,黃文璋,2023/1/30 上午 12:48:54
基督教發展史(三)─埃及2,黃文璋,2023/1/22 下午 03:32:55
基督教發展史(三)─埃及1,黃文璋,2023/1/16 上午 12:13:26
基督教發展史(二)─舊約淺談10,黃文璋,2023/1/8 上午 10:22:26
基督教發展史(二)─舊約淺談9,黃文璋,2023/1/1 下午 07:39:14
基督教發展史(二)─舊約淺談8,黃文璋,2022/12/25 上午 10:21:14
基督教發展史(二)─舊約淺談7,黃文璋,2022/12/18 上午 10:35:23
含笑懷念周元燊院士,黃文璋,2022/12/17 上午 11:55:49
基督教發展史(二)─舊約淺談6,黃文璋,2022/12/11 上午 10:24:20
基督教發展史(二)─舊約淺談5,黃文璋,2022/12/4 下午 04:03:31
基督教發展史(二)─舊約淺談4,黃文璋,2022/11/27 下午 01:59:32
基督教發展史(二)─舊約淺談3,黃文璋,2022/11/20 下午 02:31:59
基督教發展史(二)─舊約淺談2,黃文璋,2022/11/13 上午 09:55:15
基督教發展史(二)─舊約淺談1,黃文璋,2022/11/6 上午 10:58:38
基督教發展史(一)─前言6,黃文璋,2022/10/30 上午 10:06:20
基督教發展史(一)─前言5,黃文璋,2022/10/23 上午 09:35:58
基督教發展史(一)─前言4,黃文璋,2022/10/16 下午 12:17:05
基督教發展史(一)─前言3,黃文璋,2022/10/9 上午 10:00:47
基督教發展史(一)─前言2,黃文璋,2022/10/2 上午 10:49:33
基督教發展史(一)─前言1,黃文璋,2022/9/25 上午 11:49:19
真相是時間的女兒(二十八),黃文璋,2022/9/18 上午 10:12:34
真相是時間的女兒(二十七),黃文璋,2022/9/11 上午 10:16:37
真相是時間的女兒(二十六),黃文璋,2022/9/4 下午 02:17:15
真相是時間的女兒(二十五),黃文璋,2022/8/28 下午 12:58:49
真相是時間的女兒(二十四),黃文璋,2022/8/21 上午 10:54:02
真相是時間的女兒(二十三),黃文璋,2022/8/14 下午 07:24:05
真相是時間的女兒(二十二),黃文璋,2022/8/8 下午 01:30:07
真相是時間的女兒(二十一),黃文璋,2022/7/31 下午 02:54:14
懷念周元燊院士,黃文璋,2022/7/29 下午 09:45:09
真相是時間的女兒(二十),黃文璋,2022/7/25 上午 09:19:09
真相是時間的女兒(十九),黃文璋,2022/7/17 上午 10:51:51
真相是時間的女兒(十八),黃文璋,2022/7/10 下午 03:20:32
真相是時間的女兒(十七),黃文璋,2022/7/3 上午 10:35:23
真相是時間的女兒(十六),黃文璋,2022/6/26 上午 11:40:06
真相是時間的女兒(十五),黃文璋,2022/6/19 下午 01:40:53
真相是時間的女兒(十四),黃文璋,2022/6/13 上午 08:40:20
真相是時間的女兒(十三),黃文璋,2022/6/5 下午 12:30:27
真相是時間的女兒(十二),黃文璋,2022/5/29 上午 09:47:32
真相是時間的女兒(十一),黃文璋,2022/5/22 下午 06:21:00
真相是時間的女兒(十),黃文璋,2022/5/15 下午 04:20:19
真相是時間的女兒(九),黃文璋,2022/5/8 上午 10:49:12
真相是時間的女兒(八),黃文璋,2022/5/1 下午 02:27:41
真相是時間的女兒(七),黃文璋,2022/4/24 下午 01:58:53
真相是時間的女兒(六),黃文璋,2022/4/17 上午 11:31:30
真相是時間的女兒(五),黃文璋,2022/4/10 上午 09:51:13
真相是時間的女兒(四),黃文璋,2022/4/3 下午 07:00:59
一代宗師周元燊院士,黃文璋,2022/3/27 下午 07:00:59
真相是時間的女兒(三),黃文璋,2022/3/27 上午 10:50:32
真相是時間的女兒(二),黃文璋,2022/3/20 下午 06:18:33
真相是時間的女兒(一),黃文璋,2022/3/13 下午 03:42:35
統計下凡(三十九),黃文璋,2022/3/6 下午 06:10:59
統計下凡(三十八),黃文璋,2022/2/27 下午 03:24:27
統計下凡(三十七),黃文璋,2022/2/20 下午 01:44:21
統計下凡(三十六),黃文璋,2022/2/13 上午 11:52:12
統計下凡(三十五),黃文璋,2022/2/6 下午 12:16:01
統計下凡(三十四),黃文璋,2022/1/30 上午 10:10:07
統計下凡(三十三),黃文璋,2022/1/23 下午 02:03:03
統計下凡(三十二),黃文璋,2022/1/16 下午 12:22:44
統計下凡(三十一),黃文璋,2022/1/9 下午 01:37:25
統計下凡(三十),黃文璋,2022/1/2 上午 10:43:34
統計下凡(二十九),黃文璋,2021/12/26 上午 10:30:15
統計下凡(二十八),黃文璋,2021/12/19 下午 12:26:17
統計下凡(二十七),黃文璋,2021/12/12 下午 01:30:32
統計下凡(二十六),黃文璋,2021/12/5 上午 10:16:43
統計下凡(二十五),黃文璋,2021/11/28 上午 11:53:15
統計下凡(二十四),黃文璋,2021/11/21 下午 09:45:04
統計下凡(二十三),黃文璋,2021/11/14 下午 12:41:59
統計下凡(二十二),黃文璋,2021/11/7 上午 10:06:33
統計下凡(二十一),黃文璋,2021/10/31 下午 11:04:38
統計下凡(二十),黃文璋,2021/10/24 上午 10:23:03
南區統計三十年,黃文璋,2021/10/23 上午 11:47:50
統計下凡(十九),黃文璋,2021/10/17 上午 11:32:45
統計下凡(十八),黃文璋,2021/10/10 上午 10:47:34
統計下凡(十七),黃文璋,2021/10/3 下午 01:05:17
統計下凡(十六),黃文璋,2021/9/26 下午 12:23:04
統計下凡(十五),黃文璋,2021/9/19 下午 05:07:04
統計下凡(十四),黃文璋,2021/9/12 下午 06:47:29
統計下凡(十三),黃文璋,2021/9/5 下午 03:23:40
統計下凡(十二),黃文璋,2021/8/29 下午 01:39:17
統計下凡(十一),黃文璋,2021/8/22 下午 12:16:45
統計下凡(十),黃文璋,2021/8/15 下午 12:14:24
統計下凡(九),黃文璋,2021/8/8 下午 12:03:08
統計下凡(八),黃文璋,2021/8/1 下午 12:05:41
統計下凡(七),黃文璋,2021/7/25 下午 05:53:26
統計下凡(六),黃文璋,2021/7/18 下午 12:12:50
統計下凡(五),黃文璋,2021/7/11 下午 01:42:04
統計下凡(四),黃文璋,2021/7/4 上午 11:32:42
統計下凡(三),黃文璋,2021/6/27 下午 01:21:28
統計下凡(二),黃文璋,2021/6/20 上午 11:23:35
統計下凡(一),黃文璋,2021/6/13 下午 12:54:46
英式擇偶(二百三十九),黃文璋,2021/5/30 下午 03:28:40
英式擇偶(二百三十八),黃文璋,2021/5/25 上午 11:21:58
英式擇偶(二百三十七),黃文璋,2021/5/20 上午 11:30:42
英式擇偶(二百三十六),黃文璋,2021/5/15 下午 02:44:51
英式擇偶(二百三十五),黃文璋,2021/5/10 上午 11:34:01
英式擇偶(二百三十四),黃文璋,2021/5/5 下午 03:54:59
英式擇偶(二百三十三),黃文璋,2021/4/30 下午 04:57:18
英式擇偶(二百三十二),黃文璋,2021/4/25 下午 02:53:37
英式擇偶(二百三十一),黃文璋,2021/4/20 下午 01:54:40
英式擇偶(二百三十),黃文璋,2021/4/15 下午 02:01:31
記一個朋友60歲生日,黃文璋,2021/4/12 下午 05:45:18
英式擇偶(二百二十九),黃文璋,2021/4/9 下午 03:12:00
英式擇偶(二百二十八),黃文璋,2021/4/4 下午 12:52:53
英式擇偶(二百二十七),黃文璋,2021/3/30 上午 10:38:39
英式擇偶(二百二十六),黃文璋,2021/3/25 上午 11:11:20
英式擇偶(二百二十五),黃文璋,2021/3/20 下午 01:01:13
英式擇偶(二百二十四),黃文璋,2021/3/15 上午 11:29:42
英式擇偶(二百二十三),黃文璋,2021/3/10 上午 11:23:46
英式擇偶(二百二十二),黃文璋,2021/3/8 上午 01:11:08
英式擇偶(二百二十一),黃文璋,2021/2/27 下午 01:06:59
英式擇偶(二百二十),黃文璋,2021/2/22 上午 10:02:11
英式擇偶(二百一十九),黃文璋,2021/2/17 上午 10:18:10
英式擇偶(二百一十八),黃文璋,2021/2/11 上午 10:25:10
英式擇偶(二百一十七),黃文璋,2021/2/7 下午 11:20:38
英式擇偶(二百一十六),黃文璋,2021/2/2 下午 05:59:00
緣定三生,黃文璋,2021/1/30 下午 02:33:38
英式擇偶(二百一十五),黃文璋,2021/1/28 上午 11:12:59
英式擇偶(二百一十四),黃文璋,2021/1/23 下午 12:18:01
英式擇偶(二百一十三),黃文璋,2021/1/18 上午 10:32:44
英式擇偶(二百一十二),黃文璋,2021/1/13 下午 09:23:17
英式擇偶(二百一十一),黃文璋,2021/1/8 下午 01:20:30
英式擇偶(二百一十),黃文璋,2021/1/3 上午 10:43:12
英式擇偶(二百零九),黃文璋,2020/12/29 上午 10:23:23
英式擇偶(二百零八),黃文璋,2020/12/24 上午 11:00:23
英式擇偶(二百零七),黃文璋,2020/12/20 上午 11:02:15
英式擇偶(二百零六),黃文璋,2020/12/14 上午 10:47:29
英式擇偶(二百零五),黃文璋,2020/12/9 上午 10:14:11
英式擇偶(二百零四),黃文璋,2020/12/4 上午 10:38:01
英式擇偶(二百零三),黃文璋,2020/11/29 下午 01:37:54
英式擇偶(二百零二),黃文璋,2020/11/24 上午 11:01:13
英式擇偶(二百零一),黃文璋,2020/11/19 上午 10:37:57
英式擇偶(二百),黃文璋,2020/11/14 上午 09:26:59
英式擇偶(一百九十九),黃文璋,2020/11/9 上午 10:26:14
英式擇偶(一百九十八),黃文璋,2020/11/4 下午 05:32:27
英式擇偶(一百九十七),黃文璋,2020/10/30 上午 10:17:55
英式擇偶(一百九十六),黃文璋,2020/10/25 下午 01:40:30
英式擇偶(一百九十五),黃文璋,2020/10/20 上午 10:37:22
英式擇偶(一百九十四),黃文璋,2020/10/15 下午 01:36:33
英式擇偶(一百九十三),黃文璋,2020/10/10 上午 11:36:58
英式擇偶(一百九十二),黃文璋,2020/10/5 上午 10:36:59
英式擇偶(一百九十一),黃文璋,2020/9/30 下午 12:27:10
英式擇偶(一百九十),黃文璋,2020/9/25 上午 10:57:18
英式擇偶(一百八十九),黃文璋,2020/9/20 上午 10:16:18
英式擇偶(一百八十八),黃文璋,2020/9/15 上午 11:33:18
英式擇偶(一百八十七),黃文璋,2020/9/10 下午 01:41:25
英式擇偶(一百八十六),黃文璋,2020/9/5 上午 10:58:03
英式擇偶(一百八十五),黃文璋,2020/8/31 上午 11:39:27
英式擇偶(一百八十四),黃文璋,2020/8/26 下午 12:41:27
英式擇偶(一百八十三),黃文璋,2020/8/22 上午 11:16:46
南區統計二十九年,黃文璋,2020/8/21 下午 08:59:44
英式擇偶(一百八十二),黃文璋,2020/8/16 上午 11:07:05
英式擇偶(一百八十一),黃文璋,2020/8/12 上午 11:24:22
英式擇偶(一百八十),黃文璋,2020/8/6 上午 10:50:10
英式擇偶(一百七十九),黃文璋,2020/8/1 下午 01:46:35
英式擇偶(一百七十八),黃文璋,2020/7/27 下午 01:34:17
英式擇偶(一百七十七),黃文璋,2020/7/22 上午 11:32:31
英式擇偶(一百七十六),黃文璋,2020/7/17 上午 10:47:57
英式擇偶(一百七十五),黃文璋,2020/7/12 下午 05:50:16
英式擇偶(一百七十四),黃文璋,2020/7/7 下午 05:51:07
英式擇偶(一百七十三),黃文璋,2020/7/2 上午 10:59:47
英式擇偶(一百七十二),黃文璋,2020/6/27 上午 11:43:00
英式擇偶(一百七十一),黃文璋,2020/6/22 下午 01:48:27
英式擇偶(一百七十),黃文璋,2020/6/17 上午 11:10:24
英式擇偶(一百六十九),黃文璋,2020/6/13 上午 09:15:58
英式擇偶(一百六十八),黃文璋,2020/6/6 下午 04:08:36
英式擇偶(一百六十七),黃文璋,2020/6/2 上午 10:55:28
英式擇偶(一百六十六),黃文璋,2020/5/28 上午 11:04:20
英式擇偶(一百六十五),黃文璋,2020/5/23 下午 05:01:05
英式擇偶(一百六十四),黃文璋,2020/5/17 下午 01:58:19
英式擇偶(一百六十三),黃文璋,2020/5/13 上午 11:13:23
英式擇偶(一百六十二),黃文璋,2020/5/8 下午 12:30:55
英式擇偶(一百六十一),黃文璋,2020/5/6 下午 04:57:11
英式擇偶(一百六十),黃文璋,2020/4/28 下午 01:40:08
英式擇偶(一百五十九),黃文璋,2020/4/23 上午 11:30:18
英式擇偶(一百五十八),黃文璋,2020/4/18 下午 01:50:29
英式擇偶(一百五十七),黃文璋,2020/4/13 上午 10:21:46
英式擇偶(一百五十六),黃文璋,2020/4/8 上午 11:32:14
英式擇偶(一百五十五),黃文璋,2020/4/3 下午 02:28:02
英式擇偶(一百五十四),黃文璋,2020/3/29 下午 03:26:01
英式擇偶(一百五十三),黃文璋,2020/3/24 上午 11:17:13
英式擇偶(一百五十二),黃文璋,2020/3/19 上午 11:59:49
英式擇偶(一百五十一),黃文璋,2020/3/14 下午 02:11:27
英式擇偶(一百五十),黃文璋,2020/3/9 上午 11:33:35
英式擇偶(一百四十九),黃文璋,2020/3/4 下午 01:06:26
英式擇偶(一百四十八),黃文璋,2020/2/28 下午 12:13:54
英式擇偶(一百四十七),黃文璋,2020/2/23 下午 02:34:01
英式擇偶(一百四十六),黃文璋,2020/2/18 下午 02:51:52
英式擇偶(一百四十五),黃文璋,2020/2/13 下午 02:49:58
英式擇偶(一百四十四),黃文璋,2020/2/8 下午 05:11:45
英式擇偶(一百四十三),黃文璋,2020/2/3 上午 11:38:20
英式擇偶(一百四十二),黃文璋,2020/1/29 下午 10:02:11
英式擇偶(一百四十一),黃文璋,2020/1/24 下午 03:55:53
英式擇偶(一百四十),黃文璋,2020/1/19 下午 02:31:33
英式擇偶(一百三十九),黃文璋,2020/1/14 上午 10:43:52
英式擇偶(一百三十八),黃文璋,2020/1/10 下午 09:02:21
英式擇偶(一百三十七),黃文璋,2020/1/4 下午 02:50:23
英式擇偶(一百三十六),黃文璋,2019/12/30 下午 05:54:05
英式擇偶(一百三十五),黃文璋,2019/12/25 下午 05:00:22
英式擇偶(一百三十四),黃文璋,2019/12/20 下午 03:18:51
英式擇偶(一百三十三),黃文璋,2019/12/15 下午 12:12:21
英式擇偶(一百三十二),黃文璋,2019/12/10 上午 10:57:24
英式擇偶(一百三十一),黃文璋,2019/12/5 下午 02:20:42
英式擇偶(一百三十),黃文璋,2019/11/30 下午 02:49:34
英式擇偶(一百二十九),黃文璋,2019/11/25 下午 05:08:27
英式擇偶(一百二十八),黃文璋,2019/11/15 下午 01:19:42
英式擇偶(一百二十七),黃文璋,2019/11/11 上午 11:49:33
英式擇偶(一百二十六),黃文璋,2019/11/7 上午 11:15:03
英式擇偶(一百二十五),黃文璋,2019/11/3 下午 08:11:11
英式擇偶(一百二十四),黃文璋,2019/10/30 上午 11:59:15
英式擇偶(一百二十三),黃文璋,2019/10/26 下午 07:24:51
英式擇偶(一百二十二),黃文璋,2019/10/22 下午 03:43:51
英式擇偶(一百二十一),黃文璋,2019/10/18 下午 06:31:20
英式擇偶(一百二十),黃文璋,2019/10/14 下午 12:20:09
英式擇偶(一百一十九),黃文璋,2019/10/10 上午 10:41:58
英式擇偶(一百一十八),黃文璋,2019/10/6 下午 03:02:00
英式擇偶(一百一十七),黃文璋,2019/10/2 下午 03:15:18
英式擇偶(一百一十六),黃文璋,2019/9/28 下午 07:00:27
英式擇偶(一百一十五),黃文璋,2019/9/24 下午 12:30:24
英式擇偶(一百一十四),黃文璋,2019/9/20 下午 06:29:38
英式擇偶(一百一十三),黃文璋,2019/9/16 上午 10:56:29
英式擇偶(一百一十二),黃文璋,2019/9/12 上午 11:32:43
英式擇偶(一百一十一),黃文璋,2019/9/8 下午 05:07:11
英式擇偶(一百一十),黃文璋,2019/9/4 上午 11:07:24
英式擇偶(一百零九),黃文璋,2019/8/31 下午 03:46:17
英式擇偶(一百零八),黃文璋,2019/8/27 下午 04:43:08
英式擇偶(一百零七),黃文璋,2019/8/23 下午 02:45:22
英式擇偶(一百零六),黃文璋,2019/8/19 上午 10:45:13
英式擇偶(一百零五),黃文璋,2019/8/15 上午 10:22:41
英式擇偶(一百零四),黃文璋,2019/8/11 下午 04:46:22
英式擇偶(一百零三),黃文璋,2019/8/7 上午 08:56:22
英式擇偶(一百零二),黃文璋,2019/8/4 上午 02:56:35
英式擇偶(一百零一),黃文璋,2019/7/30 下午 02:24:58
英式擇偶(一百),黃文璋,2019/7/18 上午 10:58:39
英式擇偶(九十九),黃文璋,2019/7/16 下午 02:21:02
英式擇偶(九十八),黃文璋,2019/7/12 下午 01:42:33
英式擇偶(九十七),黃文璋,2019/7/8 下午 02:09:17
英式擇偶(九十六),黃文璋,2019/7/4 下午 12:18:22
英式擇偶(九十五),黃文璋,2019/6/30 下午 02:32:05
英式擇偶(九十四),黃文璋,2019/6/26 下午 10:07:50
第二十八屆南區統計研討會開幕致詞,黃文璋,2019/6/24 上午 10:22:08
南區統計二十八年,黃文璋,2019/6/22 下午 10:53:20
英式擇偶(九十三),黃文璋,2019/6/18 下午 03:37:37
英式擇偶(九十二),黃文璋,2019/6/14 下午 04:11:35
英式擇偶(九十一),黃文璋,2019/6/10 下午 12:24:53
英式擇偶(九十),黃文璋,2019/6/6 上午 10:53:29
英式擇偶(八十九),黃文璋,2019/6/2 下午 03:59:05
英式擇偶(八十八),黃文璋,2019/5/29 下午 01:38:03
英式擇偶(八十七),黃文璋,2019/5/25 下午 02:45:23
英式擇偶(八十六),黃文璋,2019/5/21 下午 02:51:21
英式擇偶(八十五),黃文璋,2019/5/17 下午 01:59:42
英式擇偶(八十四),黃文璋,2019/5/13 上午 11:15:16
英式擇偶(八十三),黃文璋,2019/5/9 下午 01:43:27
英式擇偶(八十二),黃文璋,2019/5/5 下午 01:05:25
英式擇偶(八十一),黃文璋,2019/5/1 下午 07:47:40
英式擇偶(八十),黃文璋,2019/4/27 下午 03:07:52
英式擇偶(七十九),黃文璋,2019/4/22 下午 02:38:50
英式擇偶(七十八),黃文璋,2019/4/17 上午 11:57:58
英式擇偶(七十七),黃文璋,2019/4/12 下午 02:20:52
英式擇偶(七十六),黃文璋,2019/4/7 下午 05:54:18
英式擇偶(七十五),黃文璋,2019/4/2 下午 06:01:13
英式擇偶(七十四),黃文璋,2019/3/28 下午 02:06:08
英式擇偶(七十三),黃文璋,2019/3/23 上午 09:00:42
英式擇偶(七十二),黃文璋,2019/3/18 下午 01:56:45
英式擇偶(七十一),黃文璋,2019/3/13 下午 12:12:29
英式擇偶(七十),黃文璋,2019/3/8 下午 01:46:51
英式擇偶(六十九),黃文璋,2019/3/3 下午 02:38:46
英式擇偶(六十八),黃文璋,2019/2/26 下午 06:50:33
英式擇偶(六十七),黃文璋,2019/2/24 下午 02:17:29
英式擇偶(六十六),黃文璋,2019/2/19 上午 11:55:44
英式擇偶(六十五),黃文璋,2019/2/14 下午 01:20:25
中華機率統計學會歷史沿革,黃文璋,2019/2/12 下午 01:52:56
英式擇偶(六十四),黃文璋,2019/2/10 下午 12:12:35
英式擇偶(六十三),黃文璋,2019/2/3 上午 10:25:17
英式擇偶(六十二),黃文璋,2019/1/29 下午 06:22:06
英式擇偶(六十一),黃文璋,2019/1/24 上午 10:17:13
英式擇偶(六十),黃文璋,2019/1/19 上午 09:08:36
英式擇偶(五十九),黃文璋,2019/1/14 下午 02:13:07
英式擇偶(五十八),黃文璋,2019/1/9 下午 12:35:01
英式擇偶(五十七),黃文璋,2019/1/4 下午 02:42:18
英式擇偶(五十六),黃文璋,2018/12/30 下午 10:10:59
英式擇偶(五十五),黃文璋,2018/12/25 下午 06:01:01
英式擇偶(五十四),黃文璋,2018/12/20 下午 07:27:01
英式擇偶(五十三),黃文璋,2018/12/15 下午 08:30:52
英式擇偶(五十二),黃文璋,2018/12/11 上午 08:57:34
英式擇偶(五十一),黃文璋,2018/12/6 下午 11:04:26
英式擇偶(五十),黃文璋,2018/12/2 下午 12:47:49
英式擇偶(四十九),黃文璋,2018/11/27 下午 05:45:03
英式擇偶(四十八),黃文璋,2018/11/22 上午 09:39:33
英式擇偶(四十七),黃文璋,2018/11/17 下午 11:13:14
英式擇偶(四十六),黃文璋,2018/11/13 下午 09:23:48
英式擇偶(四十五),黃文璋,2018/11/7 下午 01:05:06
英式擇偶(四十四),黃文璋,2018/11/2 下午 01:48:09
英式擇偶(四十三),黃文璋,2018/10/29 下午 07:29:39
英式擇偶(四十二),黃文璋,2018/10/19 上午 08:58:55
英式擇偶(四十一),黃文璋,2018/10/15 下午 12:14:49
英式擇偶(四十),黃文璋,2018/10/4 下午 01:03:52
英式擇偶(三十九),黃文璋,2018/9/28 下午 02:44:24
英式擇偶(三十八),黃文璋,2018/9/22 上午 11:30:40
英式擇偶(三十七),黃文璋,2018/9/16 上午 10:03:26
英式擇偶(三十六),黃文璋,2018/9/9 上午 11:15:53
英式擇偶(三十五),黃文璋,2018/9/4 上午 11:10:19
英式擇偶(三十四),黃文璋,2018/8/30 上午 08:55:53
英式擇偶(三十三),黃文璋,2018/8/17 上午 10:48:22
英式擇偶(三十二),黃文璋,2018/8/12 下午 07:42:41
英式擇偶(三十一),黃文璋,2018/8/6 下午 05:46:54
英式擇偶(三十),黃文璋,2018/8/3 下午 02:07:54
英式擇偶(二十九),黃文璋,2018/7/27 下午 01:42:27
英式擇偶(二十八),黃文璋,2018/7/24 下午 08:24:08
英式擇偶(二十七),黃文璋,2018/7/16 下午 07:40:02
英式擇偶(二十六),黃文璋,2018/7/9 下午 12:38:13
南區統計二十七年,黃文璋,2018/7/1 上午 09:26:27
英式擇偶(二十五),黃文璋,2018/6/27 下午 09:31:18
海峽兩岸機率與統計十一屆,黃文璋,2018/6/3 下午 01:59:24
英式擇偶(二十四),黃文璋,2018/5/26 下午 07:19:11
英式擇偶(二十三),黃文璋,2018/5/19 下午 08:01:35
英式擇偶(二十二),黃文璋,2018/5/13 上午 09:21:19
英式擇偶(二十一),黃文璋,2018/5/6 上午 11:34:40
英式擇偶(二十),黃文璋,2018/5/2 下午 08:14:28
英式擇偶(十九),黃文璋,2018/4/27 下午 06:50:14
英式擇偶(十八),黃文璋,2018/4/22 下午 12:39:33
英式擇偶(十七),黃文璋,2018/4/16 下午 05:33:38
英式擇偶(十六),黃文璋,2018/4/11 下午 12:28:41
英式擇偶(十五),黃文璋,2018/4/6 上午 09:56:36
英式擇偶(十四),黃文璋,2018/3/22 下午 01:56:41
英式擇偶(十三),黃文璋,2018/3/15 上午 09:35:44
英式擇偶(十二),黃文璋,2018/3/5 下午 02:46:34
英式擇偶(十一),黃文璋,2018/2/14 下午 02:34:13
英式擇偶(十),黃文璋,2018/2/3 上午 01:18:30
英式擇偶(九),黃文璋,2018/1/25 下午 05:44:12
英式擇偶(八),黃文璋,2018/1/5 下午 03:33:37
英式擇偶(七),黃文璋,2017/12/26 下午 09:43:58
英式擇偶(六),黃文璋,2017/12/17 下午 06:22:56
英式擇偶(五),黃文璋,2017/12/13 上午 12:45:34
無友不如己者,黃文璋,2017/12/9 下午 12:49:05
英式擇偶(四),黃文璋,2017/12/5 下午 01:11:12
英式擇偶(三),黃文璋,2017/11/20 下午 02:04:45
英式擇偶(二),黃文璋,2017/11/8 下午 08:02:38
英式擇偶(一),黃文璋,2017/11/2 下午 01:56:27
甲骨文,黃文璋,2017/10/13 下午 11:15:50
無罪推定的迷思,黃文璋,2017/10/9 下午 04:03:19
龍骨,黃文璋,2017/10/3 上午 11:45:17
占卜之用,黃文璋,2017/9/26 下午 04:00:48
止戈為武？,黃文璋,2017/9/18 下午 07:02:04
統計界的紳士陳珍信,黃文璋,2017/8/29 下午 02:44:26
神機妙算,黃文璋,2017/8/13 下午 12:37:25
鬼谷子,黃文璋,2017/8/5 下午 03:22:06
我認識一位傳奇鄭清水,黃文璋,2017/7/5 上午 10:36:18
第二十六屆南區統計研討會開幕致詞,黃文璋,2017/6/25 上午 09:35:22
南區統計二十六年,黃文璋,2017/6/25 上午 01:07:46
評比(四),黃文璋,2017/6/15 下午 11:09:06
評比(三),黃文璋,2017/6/8 下午 05:56:10
測謊裡的機率,黃文璋,2017/6/1 上午 10:40:55
評比(二),黃文璋,2017/5/21 上午 07:57:04
評比(一),黃文璋,2017/5/15 下午 10:42:26
談統計素養(十一),黃文璋,2017/5/2 下午 10:18:43
談統計素養(十),黃文璋,2017/4/3 下午 07:44:32
談統計素養(九),黃文璋,2017/3/23 下午 07:17:52
談統計素養(八),黃文璋,2017/3/12 上午 12:04:02
談統計素養(七),黃文璋,2017/3/6 下午 08:48:25
談統計素養(六),黃文璋,2017/2/22 下午 07:56:58
球賽裡的魔咒,黃文璋,2017/2/2 下午 01:18:16
談統計素養(五),黃文璋,2017/1/19 上午 09:57:28
談統計素養(四),黃文璋,2017/1/14 下午 01:37:04
談統計素養(三),黃文璋,2017/1/8 下午 07:32:19
談統計素養(二),黃文璋,2017/1/6 下午 04:23:33
談統計素養(一),黃文璋,2016/12/27 下午 11:15:18
統計可信嗎？(六),黃文璋,2016/12/18 上午 06:48:07
統計可信嗎？(五),黃文璋,2016/12/15 下午 11:51:51
政大統計五十年,黃文璋,2016/12/11 下午 12:14:12
統計可信嗎？(四),黃文璋,2016/12/8 下午 04:46:44
統計可信嗎？(三),黃文璋,2016/12/4 下午 03:58:15
統計可信嗎？(二),黃文璋,2016/11/27 下午 04:08:16
統計可信嗎？(一),黃文璋,2016/11/21 上午 09:45:56
頻率學派與貝氏學派(二),黃文璋,2016/10/22 上午 01:27:51
頻率學派與貝氏學派(一),黃文璋,2016/10/15 下午 12:58:03
評比宜有統計概念,黃文璋,2016/10/5 上午 10:43:28
統計入世(六),黃文璋,2016/10/2 下午 01:52:25
統計入世(五),黃文璋,2016/9/17 下午 02:34:14
統計入世(四),黃文璋,2016/9/4 下午 06:25:34
統計入世(三),黃文璋,2016/8/25 下午 06:45:44
統計入世(二),黃文璋,2016/8/20 下午 04:52:41
統計入世(一),黃文璋,2016/8/7 上午 10:38:11
談統計誤差(六),黃文璋,2016/7/18 下午 06:25:52
談統計誤差(五),黃文璋,2016/7/16 下午 04:01:27
談統計誤差(四),黃文璋,2016/7/9 下午 05:20:34
談統計誤差(三),黃文璋,2016/7/2 下午 06:56:09
南區統計二十五年,黃文璋,2016/6/27 上午 10:42:28
大學畢業四十年,黃文璋,2016/6/19 下午 02:42:14
談統計誤差(二),黃文璋,2016/6/16 上午 12:13:14
談統計誤差(一),黃文璋,2016/6/7 下午 10:34:37
高中機率難學？,黃文璋,2016/6/1 下午 04:12:37
跟著聖經神遊八方(三十一),黃文璋,2016/5/8 下午 05:38:55
跟著聖經神遊八方(三十),黃文璋,2016/5/3 下午 02:51:15
跟著聖經神遊八方(二十九),黃文璋,2016/4/22 上午 01:09:35
跟著聖經神遊八方(二十八),黃文璋,2016/4/12 下午 04:09:38
跟著聖經神遊八方(二十七),黃文璋,2016/4/2 下午 06:10:09
跟著聖經神遊八方(二十六),黃文璋,2016/3/20 下午 01:26:17
跟著聖經神遊八方(二十五),黃文璋,2016/3/14 上午 10:31:16
古道照顏色─追憶趙金祁校長,黃文璋,2016/3/6 下午 11:25:05
跟著聖經神遊八方(二十四),黃文璋,2016/2/23 下午 01:57:55
為何採無罪推定？,黃文璋,2016/2/16 下午 03:36:53
跟著聖經神遊八方(二十三),黃文璋,2016/2/15 下午 12:50:23
跟著聖經神遊八方(二十二),黃文璋,2016/1/2 下午 06:01:55
跟著聖經神遊八方(二十一),黃文璋,2015/12/8 下午 01:42:39
跟著聖經神遊八方(二十),黃文璋,2015/11/23 下午 01:35:37
跟著聖經神遊八方(十九),黃文璋,2015/11/16 下午 02:08:20
跟著聖經神遊八方(十五),黃文璋,2015/11/16 上午 10:58:23
跟著聖經神遊八方(十八),黃文璋,2015/11/7 下午 08:53:28
跟著聖經神遊八方(十七),黃文璋,2015/10/31 下午 06:30:59
跟著聖經神遊八方(十六),黃文璋,2015/10/20 下午 02:33:23
談中位數,黃文璋,2015/10/12 上午 09:56:06
跟著聖經神遊八方(十四),黃文璋,2015/9/30 下午 09:41:02
跟著聖經神遊八方(十三),黃文璋,2015/9/15 下午 01:27:24
跟著聖經神遊八方(十二),黃文璋,2015/9/8 下午 10:53:14
跟著聖經神遊八方(十一),黃文璋,2015/9/1 下午 03:25:52
跟著聖經神遊八方(十),黃文璋,2015/8/22 下午 01:38:33
跟著聖經神遊八方(九),黃文璋,2015/8/5 下午 06:14:43
跟著聖經神遊八方(八),黃文璋,2015/7/29 下午 12:25:13
跟著聖經神遊八方(七),黃文璋,2015/7/20 下午 05:46:23
跟著聖經神遊八方(六),黃文璋,2015/7/17 下午 10:05:02
跟著聖經神遊八方(五),黃文璋,2015/6/30 下午 12:39:39
跟著聖經神遊八方(四),黃文璋,2015/6/26 下午 03:15:59
跟著聖經神遊八方(三),黃文璋,2015/6/23 上午 10:29:28
跟著聖經神遊八方(二),黃文璋,2015/6/22 上午 09:41:38
跟著聖經神遊八方(一),黃文璋,2015/6/18 下午 10:09:13
篩選倍率裡的玄機,黃文璋,2015/6/6 上午 08:47:19
機率與統計在高中(五),黃文璋,2015/5/2 下午 05:08:39
機率與統計在高中(四)─2,黃文璋,2015/5/2 下午 03:40:51
機率與統計在高中(四)─1,黃文璋,2015/5/2 下午 03:38:39
機率與統計在高中(三),黃文璋,2015/4/28 下午 03:47:24
機率與統計在高中(二),黃文璋,2015/4/24 下午 08:33:42
機率與統計在高中(一)─表格,黃文璋,2015/4/20 下午 08:49:17
機率與統計在高中(一),黃文璋,2015/4/20 下午 08:47:18
數據素養(八),黃文璋,2015/3/30 下午 01:56:27
數據素養(七),黃文璋,2015/3/27 下午 01:17:46
數據素養(六),黃文璋,2015/3/24 下午 04:33:11
數據素養(五),黃文璋,2015/3/23 上午 11:41:06
數據素養(四)─表格2,黃文璋,2015/3/20 下午 12:36:52
數據素養(四)─表格1,黃文璋,2015/3/20 下午 12:32:41
數據素養(四),黃文璋,2015/3/20 上午 10:15:57
數據素養(三),黃文璋,2015/3/9 上午 10:10:43
數據素養(二)─表格,黃文璋,2015/3/3 下午 02:32:14
數據素養(二),黃文璋,2015/3/3 下午 02:30:19
數據素養(一),黃文璋,2015/3/2 上午 11:39:37
太平洋屋脊步道上的數學,黃文璋,2015/2/10 上午 10:46:14
104年學測數學科的一道統計題,黃文璋,2015/2/6 下午 01:41:18
以中央極限定理選才？,黃文璋,2015/2/3 上午 10:07:58
49 保險公司保險嗎？,黃文璋,2015/1/31 下午 12:24:48
48 再談誤差,黃文璋,2015/1/26 下午 02:48:11
差距多少才有效?,黃文璋,2015/1/23 上午 11:32:30
47 雞蛋該不該放同一個籃子？,黃文璋,2015/1/21 下午 03:42:46
46 淑女品茶,黃文璋,2015/1/15 下午 10:14:05
45 銅板出現正面機率之檢定(二),黃文璋,2015/1/12 下午 05:38:37
45 銅板出現正面機率之檢定(一),黃文璋,2015/1/12 下午 05:32:09
44 統計邏輯,黃文璋,2015/1/6 上午 07:35:04
43 小機率小樣本,黃文璋,2015/1/4 下午 09:40:57
42 信賴區間值得信賴嗎？,黃文璋,2015/1/2 下午 08:54:05
41 二項分佈到常態分佈,黃文璋,2014/12/24 上午 11:14:48
40 誰該說服誰？,黃文璋,2014/12/22 下午 12:43:33
統計學入門─序,黃文璋,2014/12/20 下午 12:59:32
39 統計與證明,黃文璋,2014/12/16 下午 01:08:19
38 假設檢定,黃文璋,2014/12/14 下午 09:39:54
37 尋常與顯著,黃文璋,2014/12/13 下午 08:24:58
36 淺談信賴區間,黃文璋,2014/12/10 下午 08:35:08
35 估計之評比,黃文璋,2014/12/8 下午 05:39:22
女兒跨出了一步,南方壺,2014/12/3 上午 09:49:01
34 破解統計,黃文璋,2014/11/30 下午 12:56:22
33 淺談估計,黃文璋,2014/11/28 下午 03:48:11
32 後見之明(二),黃文璋,2014/11/25 下午 10:53:18
32 後見之明(一),黃文璋,2014/11/25 下午 10:50:17
31 估計的概念,黃文璋,2014/11/23 下午 10:18:38
30 因果關係,黃文璋,2014/11/19 下午 08:56:03
29 迴歸效應,黃文璋,2014/11/17 下午 05:38:25
28 迴歸分析,黃文璋,2014/11/14 下午 10:08:14
27 相關係數,黃文璋,2014/11/11 下午 10:34:35
26 不明確與明確,黃文璋,2014/11/1 下午 09:22:00
25 常態分佈,黃文璋,2014/10/29 下午 02:40:05
24 中央極限定理,黃文璋,2014/10/27 上午 11:48:13
23 大數法則,黃文璋,2014/10/23 下午 12:50:42
22 機率的涵義,黃文璋,2014/10/20 下午 05:11:19
21 巨數法則,黃文璋,2014/10/16 下午 05:12:20
20 統計圖,黃文璋,2014/10/13 下午 03:24:57
19 標準差,黃文璋,2014/10/10 下午 05:36:01
18 PR值與百分位數─表1,黃文璋,2014/10/9 上午 11:13:23
18 PR值與百分位數,黃文璋,2014/10/9 上午 10:09:08
17 代表值,黃文璋,2014/10/4 下午 04:45:55
16 關鍵數據,黃文璋,2014/9/29 下午 11:00:01
數學界的小華山論劍,黃文璋,2014/9/27 上午 10:05:51
15 數值化,黃文璋,2014/9/26 下午 03:18:00
14 實驗設計,黃文璋,2014/9/15 下午 12:38:12
13 調查誤差,黃文璋,2014/9/14 上午 09:11:45
12 讓民調勝過第六感,黃文璋,2014/9/13 下午 12:53:38
11 問卷設計,黃文璋,2014/9/10 下午 02:01:10
10 美國的人口普查,黃文璋,2014/9/8 下午 03:50:28
9 蓋洛普的總統民調─表1,黃文璋,2014/9/7 上午 07:01:26
9 蓋洛普的總統民調,黃文璋,2014/9/7 上午 06:55:01
8 如何抽樣,黃文璋,2014/9/4 上午 11:44:48
7 選樣偏差,黃文璋,2014/9/3 下午 12:57:45
6 假統計之名,黃文璋,2014/9/1 下午 03:29:57
5 普查與抽樣,黃文璋,2014/8/30 上午 11:27:19
4 對數據要有概念,黃文璋,2014/8/28 上午 10:47:26
3 統計學有用嗎？,黃文璋,2014/8/23 下午 11:06:25
2 統計學是什麼？,黃文璋,2014/8/20 下午 06:24:53
1 統計學的誕生,黃文璋,2014/8/19 下午 02:31:23
關上酒店我就走,南方壺,2014/7/31 下午 04:11:59
有言論自由嗎？,南方壺,2014/7/21 下午 05:45:26
真在乎論文嗎？,南方壺,2014/7/15 上午 11:45:26
平生風義兼師友,南方壺,2014/6/30 下午 07:04:49
知識分子,南方壺,2014/6/25 下午 05:25:04
其人雖已沒，千載有餘情,南方壺,2014/6/15 下午 03:46:50
雙刀武士,南方壺,2014/6/5 下午 01:07:06
退休致謝詞,南方壺,2014/6/1 下午 02:07:39
也談高中數學學分,南方壺,2014/5/12 下午 02:30:23
人生最大錯誤,南方壺,2014/5/10 下午 02:15:40
邏輯日已遠,南方壺,2014/5/4 下午 06:28:43
在誤差範圍內,黃文璋,2014/5/3 下午 06:29:06
每個人都有他的時代,南方壺,2014/4/21 下午 04:14:56
寄情武俠世界,南方壺,2014/4/18 上午 11:43:40
NCAA籃球賽的預測(三),黃文璋,2014/4/12 下午 06:04:43
NCAA籃球賽的預測(二),黃文璋,2014/4/11 上午 11:42:34
NCAA籃球賽的預測(一),黃文璋,2014/4/8 下午 02:22:52
23歲能做什麼？,南方壺,2014/4/4 下午 05:03:54
人民又站起來了嗎？,南方壺,2014/3/31 下午 06:25:38
之後再無大師(六),黃文璋,2014/3/20 上午 10:42:30
之後再無大師(五),黃文璋,2014/3/19 下午 12:03:15
之後再無大師(四),黃文璋,2014/3/17 上午 10:54:36
之後再無大師(三),黃文璋,2014/3/14 上午 11:06:30
之後再無大師(二),黃文璋,2014/3/12 下午 12:56:36
之後再無大師(一),黃文璋,2014/3/10 下午 01:42:35
武士的一分(四),南方壺,2014/2/28 下午 01:52:21
武士的一分(三),南方壺,2014/2/27 上午 11:08:20
武士的一分(二),南方壺,2014/2/24 下午 01:47:20
武士的一分(一),南方壺,2014/2/20 下午 02:00:20
談信賴區間,黃文璋,2014/2/18 下午 01:13:10
九十歲又怎樣？,南方壺,2014/2/6 下午 04:36:08
你了解KPI嗎？,黃文璋,2014/2/5 下午 03:42:54
打球亦講效率,南方壺,2014/1/25 下午 02:19:08
假設與檢定(二),黃文璋,2014/1/23 下午 01:05:44
假設與檢定(一),黃文璋,2014/1/20 上午 11:19:50
相似度41%夠大嗎？,黃文璋,2014/1/17 上午 10:49:17
橄欖樹年代,南方壺,2014/1/7 下午 02:27:14
閱讀豈需鼓勵,南方壺,2014/1/2 下午 09:14:05
一小於一？,南方壺,2013/12/23 上午 09:29:30
孤星血淚,南方壺,2013/12/16 下午 01:18:21
什麼時候該退？,南方壺,2013/12/13 上午 08:47:07
刺蝟的優雅,南方壺,2013/12/9 下午 06:20:45
文定暨歸寧,南方壺,2013/12/2 下午 03:04:45
正常與不正常,南方壺,2013/11/30 下午 06:03:12
老科學家,南方壺,2013/11/26 下午 05:44:42
談不確定性,黃文璋,2013/11/20 上午 09:42:01
時代追上了我,南方壺,2013/10/31 下午 06:06:23
老虎隊輸了,南方壺,2013/10/27 下午 03:48:01
藝高不須膽大,南方壺,2013/10/23 下午 06:00:27
究竟誰比較笨？,南方壺,2013/10/18 下午 06:00:19
臨事而懼好謀而成,南方壺,2013/10/14 下午 06:01:15
跟著預言走,南方壺,2013/10/9 下午 05:59:49
武士的精神,南方壺,2013/10/4 下午 06:00:09
殊絕於人差可擬,南方壺,2013/10/1 下午 06:04:07
死得其所,南方壺,2013/9/29 下午 05:11:29
統計與因果關係,黃文璋,2013/9/16 上午 08:32:41
謹詹於,南方壺,2013/9/14 下午 04:45:37
他選擇自己愛走的路,南方壺,2013/9/7 下午 06:05:34
甘願,南方壺,2013/8/24 下午 03:59:22
林覺民是誰？,南方壺,2013/8/22 下午 01:58:20
退休事件,南方壺,2013/8/15 下午 03:34:22
做些安靜的事,南方壺,2013/7/31 上午 10:06:06
隨機應變,南方壺,2013/7/23 上午 11:55:00
酒店不關門,南方壺,2013/7/18 下午 05:55:27
百男不如一緹縈,南方壺,2013/7/10 下午 05:18:04
當戰力已失,南方壺,2013/7/4 下午 04:25:40
九百九十九朵玫瑰,南方壺,2013/6/26 上午 10:54:28
在板凳上等待,南方壺,2013/6/23 下午 05:58:46
自顧無長策,南方壺,2013/6/22 下午 05:30:51
桃花潭水深千尺,南方壺,2013/6/14 上午 09:15:06
南區統計二十二年,黃文璋,2013/6/4 下午 06:26:19
從一本建中青年談起,南方壺,2013/5/31 下午 01:01:14
擲筊裡的機率,黃文璋,2013/5/20 上午 08:19:38
多言數窮,南方壺,2013/5/16 下午 05:47:17
教授退休後能做什麼？,南方壺,2013/5/15 下午 03:09:37
阿拉斯加州,南方壺,2013/5/8 下午 05:53:04
勇氣與夢想,南方壺,2013/5/4 下午 06:43:54
麥特戴蒙,南方壺,2013/5/1 上午 08:13:47
壁花男孩,南方壺,2013/4/23 下午 06:08:31
誰道人生無再少？,南方壺,2013/4/19 下午 05:38:35
父與女,南方壺,2013/4/15 下午 03:21:06
人面桃花,南方壺,2013/4/9 下午 01:12:46
留錢做什麼？,南方壺,2013/4/1 下午 01:00:21
比下有餘,南方壺,2013/3/20 上午 08:40:40
莫待倦時退場,南方壺,2013/3/18 下午 04:21:51
不必戲言身後事,南方壺,2013/3/15 下午 12:08:29
核四公投主文裡的邏輯,南方壺,2013/3/10 下午 04:31:24
假設性的問題不回答？,南方壺,2013/3/7 上午 08:39:32
核四公投,南方壺,2013/3/2 下午 08:58:50
IMDb網站,南方壺,2013/2/23 上午 09:13:24
如何回應不順耳？,南方壺,2013/2/20 下午 07:26:12
台灣四十五大,南方壺,2013/2/9 下午 12:19:08
數學素養：隨機性與數據,黃文璋,2013/2/9 上午 09:51:39
數學素養：變化與關係,黃文璋,2013/2/7 上午 09:57:16
高大何時能止跌？,南方壺,2013/2/4 下午 04:54:56
民國105年,南方壺,2013/1/20 下午 05:56:31
台灣地區歷年人口統計表 II,黃文璋,2013/1/17 上午 10:27:48
台灣地區歷年人口統計表 I,黃文璋,2013/1/17 上午 10:22:37
新手人生,南方壺,2013/1/2 上午 09:59:38
迴歸效應,黃文璋,2013/1/2 上午 09:53:31
這樣子的高大,南方壺,2012/12/28 下午 06:30:31
努力求生存,南方壺,2012/12/13 下午 06:11:03
你也有份嗎？,南方壺,2012/12/4 下午 03:38:33
第三美好的事,南方壺,2012/11/27 上午 09:55:09
一勤天下無難事,南方壺,2012/11/25 下午 03:05:04
寧為雞首,南方壺,2012/11/6 下午 04:17:02
蘇軾的父親,南方壺,2012/10/30 上午 10:58:20
願我娶雞隨雞,南方壺,2012/10/23 下午 09:25:21
從和光同塵到曖曖內含光,南方壺,2012/10/11 下午 05:34:00
但得酒中趣,南方壺,2012/10/2 下午 05:36:31
當兩年屠夫倒還好,南方壺,2012/9/26 上午 02:49:05
No problem,南方壺,2012/9/17 上午 11:16:54
有這樣的老師真好,南方壺,2012/9/12 下午 03:34:50
統計是謊言嗎？,南方壺,2012/9/1 下午 12:54:06
醉過會知道什麼？(二),南方壺,2012/8/28 下午 01:47:55
醉過會知道什麼？(一),南方壺,2012/8/25 下午 05:06:57
美好的年代,南方壺,2012/8/9 下午 02:20:58
逆轉人生,南方壺,2012/8/5 下午 11:45:17
史上最高單注頭獎(二),南方壺,2012/8/1 下午 06:45:38
史上最高單注頭獎(一),南方壺,2012/8/1 下午 06:42:57
正向鼓勵,南方壺,2012/7/29 下午 03:51:03
哀之而不鑑之,南方壺,2012/7/6 下午 03:34:11
永不止步的周元燊院士,黃文璋,2012/7/2 下午 01:06:04
借人頭,南方壺,2012/6/19 下午 12:20:49
行路易,南方壺,2012/6/17 下午 04:59:39
好好照顧自己,南方壺,2012/6/14 下午 05:35:37
積財寶在天,南方壺,2012/6/7 下午 03:10:39
挫折感受度要低,南方壺,2012/5/29 下午 03:08:00
我有所思在遠道,南方壺,2012/5/28 下午 01:10:04
當媽不在乎外表,南方壺,2012/5/12 下午 06:30:00
博士陳情何用？,南方壺,2012/5/6 下午 07:24:34
七戰四勝制嘉惠了誰？(二),南方壺,2012/5/3 下午 03:49:10
七戰四勝制嘉惠了誰？(一),南方壺,2012/5/3 下午 02:54:07
養牌有用嗎？,南方壺,2012/5/3 下午 02:15:33
布萊恩連15投不進,南方壺,2012/4/24 下午 03:33:59
大禹真正的大功,南方壺,2012/4/16 下午 05:30:36
不再可愛,南方壺,2012/4/8 下午 03:16:14
不笑不足以為道,南方壺,2012/4/7 下午 03:47:29
力所不能,南方壺,2012/3/26 下午 02:53:58
鐘點戰,南方壺,2012/3/23 下午 03:05:36
大隱隱於市,南方壺,2012/3/17 下午 02:45:49
小金人於我何有哉？,南方壺,2012/3/4 下午 01:48:23
敏事慎言,南方壺,2012/2/21 下午 05:16:09
流水年華,南方壺,2012/2/19 下午 01:20:55
清明上河圖,南方壺,2011/12/20 下午 12:54:15
看男人會先看錶,南方壺,2011/12/12 下午 01:02:12
攔不住的溪水,南方壺,2011/11/24 下午 05:15:06
你給孩子的蛋糕夠大嗎？,南方壺,2011/11/14 上午 10:33:43
不必多言,南方壺,2011/11/6 下午 04:27:42
型男大主廚,南方壺,2011/11/3 下午 01:12:38
艱苦卓絕是女兒,南方壺,2011/10/29 下午 06:07:33
居官不過偶然之事,南方壺,2011/10/11 下午 01:18:17
登山偶記,南方壺,2011/10/4 下午 02:56:31
當統計成為三民主義,南方壺,2011/9/22 下午 06:17:26
還是談電影吧！,南方壺,2011/9/10 下午 03:35:33
五個孩子的媽能做的事,南方壺,2011/9/4 下午 01:52:40
阿朗壹古道,南方壺,2011/8/27 下午 05:12:30
庶民中央極限定理─2 隨機現象,黃文璋,2011/8/13 下午 05:17:19
庶民中央極限定理─1 前言,黃文璋,2011/7/30 下午 12:58:09
肉腳大學生,南方壺,2011/7/27 下午 09:53:52
真實的勇氣,南方壺,2011/7/20 下午 05:10:54
何止于米，相期以茶,南方壺,2011/7/13 下午 03:23:44
曖曖內含光,南方壺,2011/7/10 下午 05:18:30
贈與今年的大學畢業生,南方壺,2011/6/20 下午 12:48:47
誰要加入校友會？,南方壺,2011/6/11 下午 05:00:48
字字推敲句句斟酌,南方壺,2011/6/8 下午 01:23:39
累了就回家休息,南方壺,2011/5/31 下午 07:34:20
教授的熱情仍在否？,南方壺,2011/5/28 下午 02:28:19
成大中山高大三雄鼎立？,南方壺,2011/5/17 下午 10:12:27
大學的理念,南方壺,2011/5/7 下午 03:28:02
微分幾何的課本,南方壺,2011/5/4 下午 05:42:25
不沉的太陽,南方壺,2011/4/27 下午 12:45:45
無是非到耳最難,南方壺,2011/3/29 下午 07:13:04
人莫樂於閒,南方壺,2011/3/25 下午 06:29:22
有緣千里來相會,南方壺,2011/3/18 上午 10:57:17
談雅量,南方壺,2011/3/12 下午 01:59:46
安步以當車,南方壺,2011/3/8 下午 07:12:00
衣帶漸寬終不悔,南方壺,2011/3/1 下午 03:30:49
博士覓職大不易,南方壺,2011/2/28 下午 12:20:26
我本將心向明月,南方壺,2011/2/24 下午 05:39:56
尊賢使能,南方壺,2011/2/18 下午 02:40:17
近悅遠來,南方壺,2011/2/14 下午 12:49:50
事來而心始現,南方壺,2011/2/13 下午 03:14:35
教育部核定100學年度大學招收陸生名額新聞稿(100年2月9日) II,南方壺,2011/2/11 下午 02:26:32
教育部核定100學年度大學招收陸生名額新聞稿(100年2月9日) I,南方壺,2011/2/11 下午 02:21:42
恭請校長裁示,南方壺,2011/2/11 下午 02:19:07
100至101年獎勵大學教學卓越計畫獲補助學校名單,南方壺,2011/1/24 下午 06:56:40
準岳父大人,南方壺,2011/1/19 下午 12:44:17
十年磨一劍,南方壺,2011/1/17 下午 05:32:27
愚不可及,南方壺,2011/1/15 下午 07:07:41
我心愛的女兒,南方壺,2011/1/7 下午 04:17:07
考古中國,南方壺,2010/12/30 下午 06:22:45
齊瓦哥醫生,南方壺,2010/12/26 下午 05:46:22
餘震,南方壺,2010/12/10 下午 02:54:42
大學生很笨嗎？,南方壺,2010/12/7 下午 05:31:28
基本能力,南方壺,2010/11/30 下午 05:46:01
根深者枝茂,南方壺,2010/11/21 下午 05:44:00
師道之不傳也久矣,南方壺,2010/11/8 下午 12:00:55
同學少年多不賤,南方壺,2010/11/1 下午 08:17:50
滿座風生的背後,南方壺,2010/10/21 上午 11:10:54
老人的國度,南方壺,2010/10/19 下午 03:44:54
尋人高手,南方壺,2010/10/13 上午 10:23:46
大學的心靈捕手,南方壺,2010/10/10 下午 07:00:59
再見凡那比,南方壺,2010/9/25 下午 01:12:10
羅馬豈須參加競技,南方壺,2010/9/17 上午 11:59:47
娶婦賢淑,南方壺,2010/9/9 下午 04:06:08
受教與不受教,南方壺,2010/9/8 下午 03:05:44
政府的統計可信嗎？,黃文璋,2010/8/30 下午 12:06:38
新人不如故？,南方壺,2010/8/26 下午 03:36:37
多讀書多看電影,南方壺,2010/8/21 下午 06:44:04
讓山感動你,南方壺,2010/8/16 下午 03:56:54
浪淘盡千古風流人物,南方壺,2010/8/15 下午 05:15:36
為玉山折腰,南方壺,2010/7/30 下午 12:02:59
獨孤俠不孤獨,南方壺,2010/7/24 下午 07:27:20
向中國科大致敬,南方壺,2010/7/23 下午 07:49:24
知易行難,南方壺,2010/7/2 下午 05:53:20
傳家有道惟存厚,南方壺,2010/6/18 上午 10:58:37
天倫情深,南方壺,2010/6/16 下午 01:04:16
談高大之合併案(二),南方壺,2010/5/17 下午 02:03:06
談高大之合併案(一),南方壺,2010/5/17 上午 09:53:31
名媛教育,南方壺,2010/5/7 下午 05:13:45
哲人日已遠,南方壺,2010/5/4 下午 04:08:50
談高中數學裡的交叉分析,黃文璋,2010/4/25 下午 03:35:08
高大的問題,南方壺,2010/4/19 上午 09:52:53
高大十年,南方壺,2010/4/15 下午 01:58:31
夏蟲不可語冰,南方壺,2010/4/12 上午 09:18:31
咬文嚼字,南方壺,2010/4/6 下午 03:05:38
數學應用不易(二),南方壺,2010/4/2 上午 10:56:15
大器晚成,南方壺,2010/3/29 上午 10:03:16
大學校長難幹嗎？,南方壺,2010/3/25 下午 03:45:13
珍瓏棋局,南方壺,2010/3/22 下午 05:09:19
天生我材必有用,南方壺,2010/3/15 上午 09:24:25
學然後知不足,南方壺,2010/3/9 上午 10:33:59
時間是擠出來的,南方壺,2010/3/2 下午 03:36:46
巨流河,南方壺,2010/3/1 上午 09:29:24
也談教授出走,南方壺,2010/2/1 上午 09:14:21
女兒的一小步,南方壺,2010/1/25 上午 10:54:23
專業,南方壺,2010/1/22 上午 09:01:39
一本書的故事,南方壺,2010/1/13 上午 10:33:13
孔夫子印名片,南方壺,2010/1/11 上午 11:32:10
高大教師聘約,南方壺,2010/1/7 下午 05:24:36
堅苦卓絕,南方壺,2009/12/31 下午 04:55:29
少懷大志,南方壺,2009/12/25 下午 02:20:32
野鴨變鳳凰,南方壺,2009/12/21 下午 02:08:58
良禽擇木而棲,南方壺,2009/12/18 上午 10:15:41
養生,南方壺,2009/10/21 下午 04:46:48
維護尊嚴的自由,南方壺,2009/10/16 下午 03:01:24
接受不能改變的事情,南方壺,2009/10/6 下午 02:46:30
快走吃少活久久,南方壺,2009/9/28 上午 10:20:33
勿過度憧憬,南方壺,2009/9/24 下午 01:46:50
現在大學生,南方壺,2009/9/14 下午 05:35:45
替劉兆玄高興,南方壺,2009/9/8 上午 11:37:22
由新型流感談起,南方壺,2009/9/1 上午 09:26:24
後天下之樂而樂,南方壺,2009/8/20 下午 04:10:49
運動的迷思,南方壺,2009/8/17 上午 10:20:49
認識機率-6情境解讀,黃文璋,2009/8/12 下午 05:12:42
認識機率-5信賴區間,黃文璋,2009/8/12 下午 04:30:42
認識機率-4解釋機率,黃文璋,2009/8/12 下午 04:13:01
認識機率-3何處是機率天地,黃文璋,2009/8/12 下午 03:33:53
認識機率-2機率的意義,黃文璋,2009/8/6 上午 11:59:28
認識機率-1前言,黃文璋,2009/8/4 下午 12:02:01
聚散終有時,南方壺,2009/8/10 下午 03:04:13
最後的機會,南方壺,2009/8/3 上午 11:08:30
達斯汀霍夫曼,南方壺,2009/7/30 下午 03:19:37
把握每一個今天,南方壺,2009/7/16 上午 11:12:50
力爭上游與力挽狂瀾,南方壺,2009/7/15 下午 04:14:05
我將石頭給女兒,南方壺,2009/7/14 下午 01:11:52
年已八十，日猶孜孜,南方壺,2009/7/13 上午 11:47:09
剛弼斷案,南方壺,2009/4/21 上午 10:27:07
悲傷不留,南方壺,2009/4/13 上午 11:56:34
尊嚴,南方壺,2009/4/7 上午 11:11:18
得意的笑,南方壺,2009/3/20 下午 02:42:59
大四那年,南方壺,2009/3/10 下午 05:51:31
一家只能有一狀元,南方壺,2009/3/4 下午 02:07:35
談笑有鴻儒,南方壺,2009/3/2 下午 05:23:30
往事並不如煙,南方壺,2009/2/27 下午 01:42:06
將軍可以選擇戰場,南方壺,2009/2/4 下午 05:13:00
走自己的路,南方壺,2009/2/3 下午 04:48:21
張無忌離去的必然,南方壺,2009/1/17 下午 03:11:42
為你，千千萬萬遍,南方壺,2009/1/16 下午 04:01:08
高大理學院教職員及學生座談紀錄(97年11月18日),南方壺,2008/12/10 下午 04:46:39
兩份關於高大合併案之資料,南方壺,2008/12/9 上午 11:45:24
高雄大學第2次整併小組會議紀錄（97年11月27日）,南方壺,2008/12/8 下午 03:51:04
高雄大學第1次整併小組會議紀錄（97年10月21日 ）,南方壺,2008/11/11 下午 04:06:28
啼笑皆非,南方壺,2008/11/4 下午 06:46:11
談高大與中山之合併,南方壺,2008/10/29 下午 04:46:28
97年10月16日高大校務發展委員會會議紀錄,南方壺,2008/10/23 下午 02:36:50
思玲節,南方壺,2008/10/21 下午 04:14:32
不要笑太早,南方壺,2008/10/17 下午 04:33:12
這是我們的學校,南方壺,2008/10/12 下午 06:41:36
可為乎不可為乎？,南方壺,2008/10/7 上午 10:59:37
女兒的磨鍊,南方壺,2008/10/2 下午 05:41:53
風雨飄零的高大,南方壺,2008/9/29 下午 05:25:43
少有一路好到底,南方壺,2008/9/23 下午 12:02:17
高大論文數贏東華？,南方壺,2008/9/17 下午 05:56:56
由哈維爾巴登談起,南方壺,2008/9/12 下午 01:29:41
數學應用不易,南方壺,2008/9/11 上午 10:48:09
須盡丘壑美,南方壺,2008/9/5 下午 03:25:55
航向拜占庭,南方壺,2008/8/28 下午 02:43:41
少叫人自己照鏡子,南方壺,2008/8/25 下午 09:27:52
不要小看芭比娃娃,南方壺,2008/8/23 下午 05:03:20
97學年度國科會研究計畫數統計(Ⅰ),南方壺,2008/8/18 下午 04:29:12
97學年度國科會研究計畫數統計(Ⅱ),南方壺,2008/8/18 下午 04:24:44
97年度大學教學卓越計畫之審查結果,南方壺,2008/8/12 上午 09:15:39
贖罪,南方壺,2008/8/11 下午 12:48:22
師道不復,南方壺,2008/8/11 上午 09:11:33
2008年7月世界大學網路排名,南方壺,2008/7/25 下午 06:26:28
爭取,南方壺,2008/7/22 下午 06:28:40
岳父看女婿,南方壺,2008/7/10 下午 06:56:03
現代文豪,南方壺,2008/7/9 下午 03:51:30
98學年度博士班增設案,南方壺,2008/6/30 下午 04:17:22
臣服,南方壺,2008/6/26 下午 11:37:54
有時無為勝有為,南方壺,2008/6/12 下午 05:08:21
白老鼠,南方壺,2008/6/11 下午 02:57:14
勇闖天涯路─3,南方壺,2008/5/27 下午 03:25:54
勇闖天涯路─2,南方壺,2008/5/19 下午 06:51:57
學術至上的國科會,黃文璋,2008/5/17 下午 02:56:48
假統計之名,南方壺,2008/5/9 下午 07:10:57
勇闖天涯路─1,南方壺,2008/5/3 上午 12:46:39
統計思維─結語,黃文璋,2008/5/1 下午 12:14:13
統計思維─6紙上談兵,黃文璋,2008/4/30 下午 05:42:52
統計思維─5無罪推定,黃文璋,2008/4/30 下午 05:35:26
統計思維─4合理估計,黃文璋,2008/4/29 下午 04:01:33
統計思維─3相信機率,黃文璋,2008/4/28 下午 05:00:17
統計思維─2了解變異,黃文璋,2008/4/26 下午 04:21:43
統計思維─1善用資訊,黃文璋,2008/4/23 上午 10:50:43
金口,南方壺,2008/4/18 下午 05:40:03
統計思維─前言,黃文璋,2008/4/18 下午 02:40:51
誰與達爾文爭鋒,南方壺,2008/4/7 下午 08:47:55
自行車,南方壺,2008/4/5 下午 07:15:42
非關完美,南方壺,2008/4/3 下午 04:10:08
不要理他,南方壺,2008/4/2 下午 02:52:13
謝謝指教,南方壺,2008/3/30 下午 04:44:41
近距交戰,南方壺,2008/3/25 下午 06:46:34
不要當笨蛋,南方壺,2008/3/23 下午 02:34:30
趣味數學,南方壺,2008/3/17 下午 01:54:02
向中華棒球隊致敬,南方壺,2008/3/11 下午 05:10:26
統計思維,黃文璋,2008/3/8 下午 03:14:15
只好習慣,南方壺,2008/3/4 下午 07:01:58
玉環飛燕皆塵土,南方壺,2008/3/3 下午 01:57:12
老鼠擔重擔,南方壺,2008/2/25 上午 10:27:58
為了明日的記憶,南方壺,2008/2/23 下午 02:33:58
趣味統計,南方壺,2008/2/16 下午 06:50:10
以機率淺釋愛國者全勝奪冠夢碎,南方壺,2008/2/4 下午 04:04:38
2008年1月世界大學網路排名,南方壺,2008/1/29 下午 06:10:20
不容易辭,南方壺,2008/1/27 下午 07:36:42
不能說的秘密,南方壺,2008/1/18 下午 03:36:05
女兒的成長,南方壺,2008/1/14 下午 05:23:06
君子惡居下流,南方壺,2008/1/8 下午 03:04:20
兒童相見不相識,南方壺,2008/1/3 下午 11:28:04
高大的評鑑,南方壺,2007/12/31 下午 07:27:58
來看電影吧,南方壺,2007/12/19 下午 05:04:23
誰提昇蔣介石的影響力,南方壺,2007/12/13 下午 07:41:02
挑戰死威權,南方壺,2007/12/11 下午 06:22:02
寬宏的襟懷,南方壺,2007/12/6 下午 02:54:14
我看黛妃與女皇,南方壺,2007/11/29 下午 01:17:27
我看竊聽風暴,南方壺,2007/11/23 上午 11:36:37
當那天來臨,南方壺,2007/11/13 上午 10:49:58
學算三十五年,南方壺,2007/11/6 下午 02:40:57
入不敷出一身輕,南方壺,2007/11/1 下午 09:33:21
風花雪月,南方壺,2007/10/26 下午 04:21:56
懸崖勒馬,南方壺,2007/10/24 上午 11:10:30
豈可無原則,南方壺,2007/10/19 下午 05:51:00
信心,南方壺,2007/10/17 上午 09:07:01
董狐筆,南方壺,2007/10/15 下午 06:28:39
不再沉默,南方壺,2007/10/9 上午 11:49:17
後人而復哀後人,南方壺,2007/10/3 下午 04:57:50
誰使高大被低估？,南方壺,2007/10/2 上午 10:39:56
高大七年,南方壺,2007/9/15 上午 11:08:42
迎向評鑑,南方壺,2007/9/11 下午 06:11:56
立志做小事,南方壺,2007/9/11 下午 01:17:27
統計的不可能,南方壺,2007/9/7 下午 07:25:17
南區統計十六年,黃文璋,2007/9/4 上午 09:23:19
不問蒼生,南方壺,2007/9/3 下午 06:22:38
女兒與動物,南方壺,2007/8/21 上午 08:52:15
重新出發,南方壺,2007/8/20 上午 09:18:00
景物依舊,南方壺,2007/8/18 下午 04:03:51
孤帆遠影碧空盡,南方壺,2007/8/16 下午 04:32:59
寄語白雲,南方壺,2007/8/15 下午 03:38:04
南與北,南方壺,2007/8/14 上午 10:26:16
舐犢之念,南方壺,2007/8/11 下午 03:35:59
有女萬事足,南方壺,2007/8/10 下午 02:24:02
遠行,南方壺,2007/8/10 上午 01:11:54
天觀雙俠,南方壺,2007/8/4 下午 03:17:28
2007 年世界大學網路排名,南方壺,2007/7/29 下午 06:58:38
不知在說些什麼,南方壺,2007/7/24 下午 03:37:41
人何寥落鬼何多,南方壺,2007/7/23 下午 06:27:47
要有出息,南方壺,2007/7/17 下午 02:15:46
千金買骨,南方壺,2007/7/16 上午 09:33:01
縱容,南方壺,2007/7/14 下午 06:45:55
道不同不相為謀,南方壺,2007/7/2 下午 07:46:59
恥不如人,南方壺,2007/6/30 上午 11:12:18
力爭上游,南方壺,2007/6/26 下午 01:40:37
失敗可以成為收穫,南方壺,2007/6/20 下午 08:18:31
局部極大,南方壺,2007/6/18 下午 05:54:58
南區統計與傳統,南方壺,2007/6/14 下午 07:48:30
十六年的聯想,南方壺,2007/6/10 下午 05:02:43
虬髯客易當,南方壺,2007/6/4 下午 03:23:52
失馬與得馬,南方壺,2007/5/26 上午 09:33:34
虬髯客不易當,南方壺,2007/5/24 下午 12:17:34
骨氣,南方壺,2007/5/16 上午 02:31:04
財富由誰收取,南方壺,2007/5/14 下午 01:53:29
樂活,南方壺,2007/5/13 下午 02:48:34
弱者的名字,南方壺,2007/5/7 上午 10:49:16
愛你的舞伴,南方壺,2007/5/1 下午 01:31:58
浴風詠,南方壺,2007/4/29 下午 05:28:24
折腰,南方壺,2007/4/25 下午 03:09:25
爭入地獄,南方壺,2007/4/19 下午 12:27:43
尋根之旅,南方壺,2007/4/15 下午 06:18:50
少年子弟江湖老,南方壺,2007/4/13 下午 02:06:17
我的若干普渡經驗,黃文璋,2007/4/9 下午 06:09:53
回憶,南方壺,2007/4/1 下午 04:44:58
體檢,南方壺,2007/3/29 下午 09:02:23
孩子的爸,南方壺,2007/3/20 上午 08:45:19
權力的極限,南方壺,2007/3/18 下午 05:52:03
遠離名牌的誘惑,南方壺,2007/3/17 下午 07:18:31
論文寫作,南方壺,2007/3/11 下午 09:51:00
勿固,南方壺,2007/3/6 下午 01:34:31
遙想阿房宮,南方壺,2007/3/5 上午 08:16:15
一笑泯恩仇,南方壺,2007/3/3 下午 06:42:32
頂尖對決,南方壺,2007/3/1 下午 07:42:12
極限,南方壺,2007/2/28 下午 06:29:30
認真拍出的大爛片,南方壺,2007/2/27 下午 04:47:37
適合與適應,南方壺,2007/2/25 下午 07:31:50
心理發展完全,南方壺,2007/2/24 下午 03:28:59
罩門,南方壺,2007/2/16 下午 05:38:09
針與鋒,南方壺,2007/2/13 下午 06:00:46
總是可以讓人感動的,南方壺,2007/2/11 下午 11:12:58
算術,南方壺,2007/2/6 上午 11:48:01
千里馬常有,南方壺,2007/2/5 下午 06:38:13
以通其道,南方壺,2007/2/3 上午 11:43:06
高山流水,南方壺,2007/2/2 上午 11:32:46
堅持,南方壺,2007/2/1 下午 04:04:19
和氏之璧,南方壺,2007/1/31 下午 02:36:53
人面不知何處去,南方壺,2007/1/30 上午 11:13:39
呵護,南方壺,2007/1/28 上午 10:28:37
老鼠愛大米,南方壺,2007/1/26 上午 09:23:18
三隻小豬的聯想,南方壺,2007/1/25 上午 11:01:54
分享,南方壺,2007/1/24 下午 03:13:11
憶往,南方壺,2007/1/23 上午 09:29:18
快樂過日子,南方壺,2007/1/22 下午 12:21:52
遇到對的人,南方壺,2007/1/21 下午 01:11:40
女孩與口碑,南方壺,2007/1/18 下午 12:03:49
淨土快不保,南方壺,2007/1/17 下午 12:14:51
敬業與專業,南方壺,2007/1/14 下午 03:50:30
我痛故我在,南方壺,2007/1/13 下午 06:06:16
朋友,南方壺,2007/1/12 下午 02:38:37
氣質,南方壺,2007/1/11 下午 05:29:47
擇偶之重要,南方壺,2007/1/9 下午 05:43:59
做想做的事,南方壺,2007/1/9 下午 02:33:26
起而行,南方壺,2007/1/6 下午 04:06:40
最愛,南方壺,2007/1/5 上午 10:25:36
咖啡,南方壺,2007/1/4 下午 05:15:35
走一走,南方壺,2007/1/3 下午 06:34:46
新的一年,南方壺,2007/1/1 下午 12:45:43
海上花,南方壺,2006/12/23 下午 05:47:06
百年好合,南方壺,2006/12/19 下午 04:57:03
不到黃河心不死,南方壺,2006/12/10 下午 03:27:47
多慮,南方壺,2006/12/9 上午 09:42:24
揮別十一月,南方壺,2006/12/3 下午 01:35:51
編織,南方壺,2006/12/2 下午 07:18:41
遣懷,南方壺,2006/10/30 下午 05:26:17
有道與無道,南方壺,2006/10/15 下午 06:37:01
比盡全力還努力一倍,黃文璋,2006/10/5 下午 03:10:40
分手的快樂,南方壺,2006/10/1 下午 07:30:47
爬山的聯想,南方壺,2006/7/11 下午 12:52:19
業餘的光輝,南方壺,2006/6/23 上午 10:40:04
清君側,南方壺,2006/5/21 上午 11:58:47
知所先後,南方壺,2006/5/21 上午 11:56:16
權勢與影響力,南方壺,2006/5/17 上午 11:26:21
威權靠邊站,南方壺,2006/5/15 下午 06:00:04
天下無難事,南方壺,2006/4/14 上午 11:59:38
第一面金牌,南方壺,2006/4/13 上午 11:13:16
72.1的意義,南方壺,2006/3/9 下午 07:53:47
從風格到創意,黃文璋,2005/12/26 下午 08:39:57
扮演自己,南方壺,2005/9/12 上午 10:36:30
孤蓬萬里征,南方壺,2005/7/14 上午 10:59:38
酒興闌珊我就走,南方壺,2005/6/21 上午 08:50:28
統計與預測,黃文璋,2005/6/15 下午 02:29:43
游於藝,黃文璋,2005/6/13 上午 10:13:37
高大五年,黃文璋,2005/5/5 上午 08:18:45
感謝,黃文璋,2005/4/27 上午 10:19:04
消耗品,南方壺,2005/4/12 上午 09:11:24
弱水三千,南方壺,2005/3/29 上午 09:03:44
犬羊的宿命,南方壺,2005/3/15 上午 09:06:49
文化立館,黃文璋,2005/3/1 下午 01:24:02
文字緣同骨肉深,南方壺,2004/11/8 下午 03:58:26
那一夜我們唱詩歌,南方壺,2004/10/20 上午 08:44:09
方人,南方壺,2004/10/18 下午 04:59:49
五十以學易,南方壺,2004/10/11 下午 03:52:05
鳴琴垂拱,南方壺,2004/10/7 上午 11:50:06
時運、命運與改運,黃文璋,2004/10/6 上午 08:12:56
功成歸隱,南方壺,2004/10/4 下午 04:34:25
我愛其禮,南方壺,2004/9/30 上午 10:13:11
叛逆期,南方壺,2004/3/30 上午 09:05:48
沒有才藝的人,南方壺,2004/3/29 上午 10:40:14
人皆可以為郭靖,黃文璋,2004/3/25 上午 10:55:55
成熟的選民,南方壺,2004/2/16 上午 10:20:38
教書與電影夢,南方壺,2004/2/9 下午 04:07:03
多情流水伴人行,南方壺,2004/1/9 下午 03:38:35
虛擬偶像,南方壺,2004/1/5 上午 11:59:48
放手,南方壺,2003/12/29 上午 11:33:35
蕙質蘭心,南方壺,2003/12/8 下午 12:06:22
佳人之笑,南方壺,2003/11/17 下午 12:15:52
相配,南方壺,2003/11/10 下午 01:02:45
夢醒時分,南方壺,2003/10/8 上午 08:47:57
故人何在 煙水茫茫,南方壺,2003/10/2 下午 04:37:24
眼睛明亮後,南方壺,2003/8/13 下午 02:41:08
減少損失,南方壺,2003/8/4 下午 02:10:00
真相,南方壺,2003/7/21 下午 12:13:37
自信與感恩,南方壺,2003/7/14 下午 01:59:12
寄情與移情,南方壺,2003/7/1 上午 11:12:34
數理統計  序,黃文璋,2003/6/30 下午 05:26:03
桃李不言,南方壺,2003/6/30 上午 11:44:55
有朋自遠方來,黃文璋,2003/6/18 下午 06:20:43
閱人多矣,南方壺,2003/6/9 下午 02:48:23
好男依舊在,南方壺,2003/6/5 下午 01:54:25
泥上偶然留指爪,南方壺,2003/5/25 上午 10:58:16
阿契里斯的腳踵,南方壺,2003/5/19 下午 12:02:25
紙上談兵,黃文璋,2003/5/12 下午 03:34:57
紅塵浪裡無孤峰,南方壺,2003/4/29 上午 09:55:42
界線,南方壺,2003/4/21 下午 12:01:23
容易受傷的男人,學易,2003/4/14 下午 04:18:44
有沒有規則,黃文璋,2003/4/7 下午 04:23:18
看皇孫,南方壺,2003/4/3 上午 11:19:21
遺傳與基因,南方壺,2003/4/1 上午 08:29:53
全福,南方壺,2003/3/7 上午 11:03:35
無遠弗屆,黃文璋,2003/3/7 上午 10:31:27
歸去來兮,南方壺,2003/3/6 下午 12:11:55
姊弟戀,南方壺,2003/2/27 下午 02:06:16
角色互換,南方壺,2003/2/23 下午 01:37:03
知己與知音,南方壺,2003/2/20 下午 03:21:20
言志已酬便無志（二）,南方壺,2003/2/12 下午 03:54:15
女人香,南方壺,2003/1/28 上午 09:49:24
多情卻被無情惱,南方壺,2003/1/27 上午 09:14:41
蘭花草,南方壺,2003/1/26 上午 10:51:28
言志已酬便無志（一）,南方壺,2003/1/20 下午 12:31:59
尋找冰心,南方壺,2003/1/17 上午 10:57:25
難得有心郎,南方壺,2003/1/13 下午 12:38:01
不信青春喚不回,南方壺,2003/1/7 上午 11:32:35
我拿青春賭明天,黃文璋,2003/1/4 下午 12:09:45
戀曲1999,南方壺,2002/12/31 上午 11:23:11
一壺濁酒喜相逢,南方壺,2002/12/24 下午 02:27:39
真愛一世情,南方壺,2002/12/20 上午 09:35:33
密碼,黃文璋,2002/12/16 下午 03:45:54
蘇菲亞的選擇,南方壺,2002/12/16 下午 02:26:31
純真年代,南方壺,2002/12/11 上午 10:02:30
十年的回顧,黃文璋,2002/12/10 上午 09:01:58
找回戰場的將軍,南方壺,2002/12/9 下午 02:50:49
有心的地方,南方壺,2002/12/9 下午 01:51:51
破解密碼,黃文璋,2002/12/9 上午 10:04:52
